id,gender,articleType,season,usage
52003,Women,,,Casual
52007,Women,,,Casual
52017,Women,,,Casual
52021,Women,,,Casual
52023,Men,,,Casual
52026,Men,,,Casual
52027,Men,,,Casual
52028,Men,,,Casual
52029,Men,,,Casual
52030,Men,,,Casual
52031,Men,,,Casual
52032,Men,,,Casual
52034,Men,,,Casual
52042,Men,,,Casual
52043,Men,,,Casual
52044,Men,,,Casual
52045,Men,,,Casual
52049,Men,,,Casual
52050,Men,,,Casual
52051,Women,,,Casual
52052,Men,,,Casual
52053,Men,,,Casual
52054,Men,,,Casual
52055,Men,,,Casual
52056,Men,,,Casual
52057,Men,,,Casual
52058,Men,,,Casual
52059,Men,,,Casual
52060,Men,,,Casual
52061,Men,,,Casual
52062,Men,,,Casual
52063,Men,,,Casual
52064,Men,,,Casual
52065,Men,,,Casual
52066,Men,,,Casual
52067,Men,,,Casual
52068,Men,,,Casual
52069,Men,,,Casual
52070,Men,,,Casual
52071,Men,,,Casual
52072,Men,,,Casual
52073,Men,,,Casual
52074,Men,,,Casual
52075,Men,,,Casual
52076,Men,,,Casual
52077,Men,,,Casual
52078,Men,,,Casual
52079,Men,,,Casual
52080,Men,,,Casual
52081,Men,,,Casual
52082,Men,,,Casual
52083,Women,,,Casual
52084,Women,,,Ethnic
52085,Women,,,Casual
52086,Women,,,Casual
52087,Women,,,Casual
52088,Women,,,Ethnic
52089,Women,,,Casual
52090,Women,,,Casual
52091,Women,,,Casual
52092,Women,,,Casual
52093,Women,,,Casual
52094,Women,,,Casual
52095,Women,,,Casual
52096,Women,,,Casual
52097,Women,,,Casual
52098,Women,,,Casual
52099,Women,,,Casual
52100,Women,,,Ethnic
52101,Women,,,Casual
52102,Women,,,Casual
52103,Women,,,Casual
52104,Women,,,Ethnic
52105,Women,,,Casual
52106,Women,,,Ethnic
52107,Women,,,Ethnic
52108,Women,,,Ethnic
52109,Women,,,Ethnic
52110,Women,,,Casual
52111,Women,,,Ethnic
52112,Women,,,Casual
52113,Women,,,Ethnic
52114,Women,,,Casual
52115,Women,,,Casual
52116,Women,,,Casual
52117,Women,,,Casual
52118,Women,,,Casual
52119,Women,,,Casual
52120,Boys,,,Casual
52121,Boys,,,Casual
52122,Men,,,Casual
52123,Women,,,Casual
52124,Women,,,Casual
52125,Women,,,Casual
52126,Girls,,,Casual
52127,Boys,,,Casual
52128,Men,,,Casual
52129,Girls,,,Casual
52130,Women,,,Casual
52131,Women,,,Casual
52132,Women,,,Casual
52133,Women,,,Casual
52134,Women,,,Casual
52135,Women,,,Casual
52136,Women,,,Casual
52137,Women,,,Casual
52138,Men,,,Casual
52139,Women,,,Casual
52140,Women,,,Casual
52141,Women,,,Casual
52142,Women,,,Casual
52143,Women,,,Casual
52144,Women,,,Casual
52145,Women,,,Casual
52146,Women,,,Casual
52147,Men,,,Casual
52148,Men,,,Casual
52149,Women,,,Casual
52150,Men,,,Casual
52151,Men,,,Casual
52153,Men,,,Casual
52154,Women,,,Casual
52155,Women,,,Casual
52156,Women,,,Casual
52157,Women,,,Casual
52158,Women,,,Casual
52159,Women,,,Casual
52160,Women,,,Casual
52161,Women,,,Ethnic
52162,Women,,,Casual
52163,Women,,,Casual
52164,Women,,,Casual
52165,Women,,,Casual
52166,Women,,,Casual
52168,Men,,,Casual
52169,Women,,,Casual
52172,Men,,,Casual
52173,Women,,,Casual
52176,Men,,,Casual
52177,Women,,,Casual
52178,Women,,,Casual
52179,Women,,,Casual
52180,Women,,,Casual
52181,Women,,,Casual
52182,Women,,,Casual
52183,Women,,,Casual
52185,Women,,,Sports
52186,Women,,,Casual
52187,Women,,,Casual
52190,Women,,,Casual
52191,Men,,,Casual
52193,Women,,,Casual
52195,Women,,,Casual
52198,Women,,,Casual
52200,Women,,,Casual
52202,Women,,,Casual
52204,Women,,,Casual
52205,Women,,,Casual
52209,Women,,,Casual
52210,Women,,,Casual
52211,Women,,,Casual
52214,Women,,,Casual
52220,Women,,,Casual
52221,Women,,,Casual
52222,Men,,,Casual
52223,Women,,,Casual
52224,Men,,,Casual
52225,Men,,,Casual
52228,Men,,,Casual
52230,Men,,,Casual
52235,Women,,,Casual
52254,Men,,,Casual
52255,Men,,,Casual
52256,Men,,,Casual
52257,Men,,,Casual
52299,Men,,,Casual
52303,Women,,,Casual
52304,Women,,,Casual
52305,Women,,,Casual
52306,Women,,,Casual
52307,Women,,,Casual
52308,Women,,,Casual
52309,Women,,,Casual
52310,Women,,,Casual
52311,Women,,,Casual
52312,Women,,,Casual
52313,Men,,,Casual
52314,Women,,,Casual
52315,Men,,,Casual
52316,Men,,,Casual
52317,Men,,,Casual
52318,Men,,,Casual
52320,Men,,,Casual
52322,Women,,,Casual
52323,Women,,,Casual
52324,Men,,,Casual
52325,Women,,,Casual
52326,Women,,,Casual
52327,Men,,,Casual
52328,Men,,,Casual
52329,Women,,,Casual
52330,Women,,,Casual
52331,Women,,,Casual
52332,Women,,,Casual
52333,Women,,,Casual
52334,Women,,,Casual
52335,Women,,,Casual
52336,Women,,,Casual
52337,Women,,,Casual
52338,Women,,,Casual
52339,Women,,,Casual
52340,Women,,,Casual
52341,Women,,,Ethnic
52342,Women,,,Ethnic
52343,Women,,,Ethnic
52344,Women,,,Casual
52345,Women,,,Casual
52346,Women,,,Ethnic
52347,Women,,,Casual
52348,Women,,,Casual
52349,Women,,,Casual
52350,Women,,,Casual
52351,Women,,,Casual
52352,Women,,,Casual
52353,Women,,,Casual
52354,Women,,,Ethnic
52355,Women,,,Casual
52356,Women,,,Casual
52357,Women,,,Ethnic
52358,Women,,,Casual
52359,Women,,,Casual
52360,Women,,,Casual
52361,Women,,,Ethnic
52362,Women,,,Casual
52363,Women,,,Casual
52364,Women,,,Casual
52366,Women,,,Casual
52367,Women,,,Ethnic
52368,Women,,,Ethnic
52369,Women,,,Casual
52370,Women,,,Casual
52371,Women,,,Casual
52372,Women,,,Ethnic
52373,Women,,,Ethnic
52374,Women,,,Ethnic
52375,Women,,,Casual
52376,Women,,,Casual
52377,Women,,,Casual
52378,Women,,,Casual
52379,Women,,,Casual
52380,Women,,,Casual
52381,Women,,,Casual
52382,Women,,,Ethnic
52383,Women,,,Casual
52384,Women,,,Casual
52385,Women,,,Casual
52386,Women,,,Casual
52387,Women,,,Casual
52390,Women,,,Casual
52391,Women,,,Ethnic
52392,Women,,,Casual
52393,Women,,,Casual
52394,Women,,,Casual
52395,Women,,,Ethnic
52396,Women,,,Ethnic
52397,Women,,,Ethnic
52398,Women,,,Casual
52399,Women,,,Casual
52400,Women,,,Casual
52401,Women,,,Casual
52402,Women,,,Casual
52403,Women,,,Casual
52404,Women,,,Casual
52405,Women,,,Casual
52406,Women,,,Ethnic
52407,Women,,,Casual
52408,Women,,,Casual
52409,Women,,,Ethnic
52410,Women,,,Ethnic
52411,Women,,,Casual
52412,Women,,,Casual
52413,Women,,,Casual
52414,Women,,,Casual
52415,Women,,,Ethnic
52416,Women,,,Casual
52417,Women,,,Casual
52418,Women,,,Casual
52419,Women,,,Casual
52420,Women,,,Casual
52421,Men,,,Casual
52422,Women,,,Casual
52423,Women,,,Casual
52424,Women,,,Casual
52425,Women,,,Casual
52426,Women,,,Casual
52427,Women,,,Casual
52428,Women,,,Ethnic
52429,Women,,,Casual
52430,Women,,,Ethnic
52431,Women,,,Casual
52432,Women,,,Casual
52434,Women,,,Ethnic
52435,Women,,,Ethnic
52436,Women,,,Ethnic
52437,Women,,,Ethnic
52438,Women,,,Ethnic
52439,Women,,,Casual
52440,Women,,,Casual
52441,Women,,,Casual
52442,Women,,,Casual
52443,Women,,,Casual
52444,Women,,,Casual
52445,Women,,,Casual
52446,Women,,,Casual
52447,Women,,,Casual
52448,Women,,,Ethnic
52449,Women,,,Casual
52450,Women,,,Ethnic
52451,Women,,,Casual
52452,Women,,,Ethnic
52453,Women,,,Ethnic
52454,Women,,,Ethnic
52455,Women,,,Casual
52456,Women,,,Casual
52457,Women,,,Casual
52458,Women,,,Casual
52459,Women,,,Casual
52460,Women,,,Ethnic
52461,Women,,,Casual
52462,Women,,,Casual
52463,Women,,,Ethnic
52464,Women,,,Ethnic
52465,Women,,,Casual
52466,Women,,,Casual
52467,Men,,,Casual
52468,Women,,,Formal
52469,Women,,,Formal
52470,Women,,,Casual
52472,Women,,,Casual
52473,Women,,,Ethnic
52474,Women,,,Casual
52475,Women,,,Casual
52476,Women,,,Casual
52477,Women,,,Ethnic
52478,Women,,,Casual
52479,Women,,,Casual
52480,Women,,,Ethnic
52481,Women,,,Casual
52482,Women,,,Ethnic
52483,Women,,,Casual
52484,Women,,,Casual
52485,Women,,,Casual
52486,Women,,,Casual
52487,Women,,,Casual
52488,Women,,,Casual
52489,Women,,,Casual
52490,Women,,,Casual
52491,Men,,,Casual
52492,Women,,,Formal
52493,Men,,,Casual
52494,Women,,,Casual
52495,Women,,,Casual
52496,Women,,,Ethnic
52497,Women,,,Casual
52498,Women,,,Casual
52499,Women,,,Casual
52500,Women,,,Casual
52501,Women,,,Ethnic
52502,Women,,,Ethnic
52503,Women,,,Casual
52504,Women,,,Ethnic
52505,Women,,,Casual
52506,Women,,,Casual
52507,Women,,,Casual
52508,Women,,,Casual
52509,Women,,,Casual
52510,Women,,,Ethnic
52511,Women,,,Casual
52512,Women,,,Casual
52513,Women,,,Casual
52514,Women,,,Casual
52515,Women,,,Casual
52516,Women,,,Casual
52517,Women,,,Ethnic
52518,Women,,,Casual
52519,Women,,,Casual
52520,Women,,,Casual
52522,Women,,,Casual
52523,Women,,,Casual
52524,Men,,,Casual
52525,Women,,,Casual
52528,Women,,,Casual
52529,Men,,,Casual
52536,Women,,,Casual
52539,Women,,,Casual
52547,Women,,,Casual
52548,Men,,,Casual
52553,Women,,,Casual
52554,Women,,,Casual
52555,Women,,,Casual
52556,Women,,,Casual
52557,Women,,,Casual
52558,Women,,,Casual
52559,Women,,,Casual
52560,Women,,,Casual
52561,Women,,,Casual
52563,Women,,,Casual
52564,Women,,,Casual
52565,Women,,,Casual
52568,Women,,,Casual
52569,Women,,,Casual
52570,Women,,,Casual
52574,Women,,,Casual
52575,Women,,,Casual
52576,Women,,,Casual
52577,Women,,,Casual
52579,Women,,,Casual
52581,Women,,,Casual
52582,Women,,,Casual
52585,Women,,,Casual
52586,Women,,,Casual
52588,Women,,,Casual
52589,Women,,,Casual
52593,Women,,,Casual
52594,Women,,,Casual
52599,Women,,,Casual
52602,Women,,,Casual
52603,Women,,,Casual
52604,Women,,,Casual
52609,Women,,,Casual
52616,Women,,,Casual
52618,Women,,,Casual
52622,Women,,,Casual
52623,Women,,,Casual
52626,Women,,,Casual
52632,Women,,,Casual
52633,Women,,,Casual
52634,Women,,,Casual
52635,Women,,,Casual
52636,Women,,,Casual
52637,Women,,,Casual
52638,Women,,,Casual
52639,Women,,,Casual
52641,Women,,,Casual
52642,Women,,,Casual
52643,Women,,,Casual
52647,Women,,,Casual
52648,Women,,,Casual
52649,Women,,,Casual
52650,Women,,,Casual
52651,Women,,,Casual
52652,Women,,,Casual
52653,Women,,,Casual
52654,Women,,,Casual
52655,Women,,,Casual
52656,Women,,,Casual
52657,Women,,,Casual
52658,Women,,,Casual
52659,Women,,,Casual
52660,Women,,,Casual
52661,Women,,,Casual
52665,Men,,,Casual
52670,Women,,,Casual
52671,Men,,,Casual
52673,Women,,,Casual
52675,Men,,,Casual
52676,Women,,,Casual
52677,Women,,,Casual
52678,Men,,,Casual
52679,Women,,,Casual
52680,Women,,,Casual
52681,Women,,,Casual
52682,Women,,,Casual
52683,Women,,,Casual
52684,Women,,,Casual
52686,Men,,,Casual
52687,Women,,,Casual
52688,Women,,,Casual
52690,Women,,,Casual
52691,Women,,,Casual
52692,Women,,,Casual
52693,Women,,,Casual
52694,Women,,,Casual
52695,Men,,,Casual
52749,Women,,,Casual
52751,Women,,,Casual
52754,Women,,,Casual
52756,Women,,,Casual
52758,Women,,,Casual
52759,Men,,,Casual
52766,Women,,,Casual
52767,Women,,,Casual
52768,Women,,,Casual
52772,Women,,,Casual
52773,Women,,,Casual
52774,Women,,,Casual
52775,Women,,,Casual
52776,Women,,,Casual
52777,Women,,,Casual
52778,Women,,,Casual
52779,Women,,,Casual
52780,Men,,,Casual
52781,Men,,,Casual
52782,Women,,,Casual
52784,Women,,,Casual
52785,Men,,,Casual
52786,Women,,,Casual
52789,Women,,,Casual
52791,Women,,,Casual
52792,Women,,,Casual
52793,Men,,,Casual
52794,Men,,,Casual
52795,Men,,,Casual
52796,Men,,,Casual
52797,Men,,,Casual
52798,Men,,,Casual
52799,Men,,,Casual
52800,Men,,,Casual
52801,Men,,,Casual
52802,Men,,,Casual
52803,Unisex,,,Casual
52804,Women,,,Casual
52805,Men,,,Casual
52806,Men,,,Casual
52807,Men,,,Casual
52808,Men,,,Casual
52809,Men,,,Casual
52810,Men,,,Casual
52811,Men,,,Casual
52812,Men,,,Casual
52813,Men,,,Casual
52814,Men,,,Casual
52816,Men,,,Casual
52817,Women,,,Casual
52818,Women,,,Casual
52819,Women,,,Casual
52820,Women,,,Casual
52822,Women,,,Casual
52823,Women,,,Casual
52825,Women,,,Casual
52827,Women,,,Casual
52828,Women,,,Casual
52831,Women,,,Casual
52834,Women,,,Casual
52835,Women,,,Casual
52836,Women,,,Casual
52837,Women,,,Casual
52839,Women,,,Casual
52840,Women,,,Casual
52841,Women,,,Casual
52842,Women,,,Casual
52846,Women,,,Casual
52847,Women,,,Casual
52848,Women,,,Casual
52850,Women,,,Casual
52851,Women,,,Casual
52852,Women,,,Casual
52854,Women,,,Casual
52855,Women,,,Casual
52859,Women,,,Casual
52860,Women,,,Casual
52862,Women,,,Casual
52863,Women,,,Casual
52864,Women,,,Casual
52868,Women,,,Casual
52869,Women,,,Casual
52871,Women,,,Casual
52874,Women,,,Ethnic
52875,Women,,,Casual
52876,Women,,,Casual
52877,Women,,,Casual
52878,Women,,,Ethnic
52879,Women,,,Ethnic
52880,Men,,,Casual
52881,Women,,,Casual
52882,Women,,,Casual
52883,Women,,,Casual
52884,Women,,,Casual
52885,Women,,,Casual
52886,Women,,,Casual
52887,Women,,,Ethnic
52888,Women,,,Ethnic
52889,Women,,,Casual
52890,Women,,,Ethnic
52891,Women,,,Casual
52892,Women,,,Casual
52893,Women,,,Ethnic
52894,Women,,,Ethnic
52895,Women,,,Ethnic
52896,Women,,,Casual
52897,Women,,,Casual
52898,Women,,,Casual
52899,Women,,,Casual
52901,Women,,,Casual
52902,Women,,,Ethnic
52903,Women,,,Casual
52904,Women,,,Ethnic
52905,Women,,,Ethnic
52906,Women,,,Casual
52907,Women,,,Ethnic
52908,Women,,,Casual
52909,Women,,,Ethnic
52910,Women,,,Casual
52911,Women,,,Ethnic
52912,Women,,,Casual
52913,Women,,,Casual
52914,Women,,,Casual
52915,Women,,,Casual
52916,Women,,,Ethnic
52917,Women,,,Casual
52918,Women,,,Ethnic
52919,Women,,,Casual
52920,Women,,,Ethnic
52921,Women,,,Casual
52922,Women,,,Casual
52923,Women,,,Casual
52924,Women,,,Casual
52925,Women,,,Casual
52926,Women,,,Casual
52927,Women,,,Casual
52928,Women,,,Casual
52929,Women,,,Casual
52930,Women,,,Casual
52931,Women,,,Casual
52934,Women,,,Casual
52935,Women,,,Casual
52936,Women,,,Ethnic
52937,Women,,,Casual
52938,Women,,,Casual
52940,Women,,,Casual
52941,Women,,,Casual
52942,Women,,,Casual
52943,Women,,,Casual
52944,Women,,,Casual
52945,Women,,,Casual
52946,Women,,,Casual
52947,Women,,,Ethnic
52948,Women,,,Ethnic
52949,Women,,,Casual
52950,Women,,,Ethnic
52951,Women,,,Casual
52952,Women,,,Ethnic
52953,Women,,,Ethnic
52954,Women,,,Ethnic
52955,Women,,,Ethnic
52956,Women,,,Ethnic
52957,Women,,,Ethnic
52958,Women,,,Ethnic
52959,Women,,,Ethnic
52960,Women,,,Casual
52961,Women,,,Ethnic
52962,Women,,,Ethnic
52963,Women,,,Casual
52964,Women,,,Casual
52965,Women,,,Ethnic
52966,Women,,,Ethnic
52967,Women,,,Ethnic
52968,Women,,,Ethnic
52969,Women,,,Casual
52970,Women,,,Ethnic
52971,Women,,,Ethnic
52972,Women,,,Ethnic
52973,Women,,,Casual
52975,Women,,,Ethnic
52976,Women,,,Casual
52978,Women,,,Ethnic
52979,Women,,,Ethnic
52980,Women,,,Ethnic
52981,Women,,,Ethnic
52982,Women,,,Ethnic
52983,Women,,,Ethnic
52986,Women,,,Casual
52987,Women,,,Ethnic
52988,Women,,,Ethnic
52989,Women,,,Casual
52990,Women,,,Ethnic
52991,Women,,,Casual
52992,Women,,,Ethnic
52993,Women,,,Ethnic
52996,Women,,,Ethnic
52998,Women,,,Casual
52999,Women,,,Ethnic
53000,Women,,,Casual
53001,Women,,,Casual
53002,Women,,,Casual
53003,Women,,,Casual
53004,Women,,,Casual
53006,Women,,,Casual
53007,Women,,,Casual
53008,Women,,,Ethnic
53009,Women,,,Ethnic
53010,Women,,,Casual
53011,Women,,,Ethnic
53013,Women,,,Casual
53014,Women,,,Casual
53015,Women,,,Ethnic
53016,Women,,,Ethnic
53017,Women,,,Ethnic
53019,Women,,,Casual
53020,Women,,,Ethnic
53021,Women,,,Casual
53023,Women,,,Casual
53024,Women,,,Ethnic
53025,Women,,,Ethnic
53026,Women,,,Ethnic
53027,Women,,,Ethnic
53029,Women,,,Ethnic
53030,Women,,,Ethnic
53031,Women,,,Ethnic
53032,Women,,,Ethnic
53033,Women,,,Ethnic
53034,Women,,,Casual
53035,Women,,,Casual
53036,Women,,,Casual
53037,Women,,,Ethnic
53038,Women,,,Ethnic
53039,Women,,,Ethnic
53040,Women,,,Ethnic
53041,Women,,,Ethnic
53042,Women,,,Ethnic
53043,Women,,,Ethnic
53044,Women,,,Ethnic
53045,Women,,,Ethnic
53046,Women,,,Ethnic
53047,Women,,,Ethnic
53048,Women,,,Ethnic
53049,Women,,,Ethnic
53050,Women,,,Ethnic
53051,Women,,,Ethnic
53052,Women,,,Casual
53053,Women,,,Ethnic
53054,Women,,,Ethnic
53055,Women,,,Ethnic
53056,Women,,,Ethnic
53057,Women,,,Ethnic
53058,Women,,,Casual
53059,Women,,,Casual
53060,Women,,,Casual
53061,Women,,,Casual
53062,Women,,,Casual
53063,Women,,,Casual
53064,Women,,,Casual
53065,Women,,,Casual
53066,Women,,,Casual
53067,Women,,,Casual
53068,Women,,,Casual
53069,Women,,,Casual
53070,Women,,,Casual
53071,Women,,,Casual
53072,Women,,,Casual
53073,Women,,,Casual
53075,Women,,,Casual
53076,Women,,,Casual
53077,Women,,,Casual
53078,Women,,,Casual
53079,Women,,,Casual
53080,Women,,,Casual
53081,Women,,,Casual
53082,Women,,,Casual
53083,Women,,,Casual
53084,Women,,,Casual
53085,Women,,,Casual
53086,Women,,,Casual
53087,Women,,,Casual
53088,Women,,,Casual
53089,Women,,,Casual
53090,Women,,,Casual
53091,Women,,,Casual
53092,Women,,,Casual
53093,Women,,,Casual
53094,Women,,,Casual
53095,Women,,,Casual
53096,Women,,,Casual
53097,Women,,,Casual
53098,Women,,,Casual
53099,Women,,,Casual
53100,Women,,,Casual
53101,Women,,,Casual
53102,Women,,,Casual
53103,Women,,,Casual
53104,Women,,,Casual
53105,Women,,,Casual
53106,Women,,,Casual
53107,Women,,,Casual
53108,Women,,,Casual
53109,Women,,,Casual
53110,Women,,,Casual
53111,Men,,,Casual
53112,Men,,,Casual
53113,Men,,,Casual
53114,Men,,,Casual
53115,Men,,,Casual
53116,Men,,,Casual
53117,Women,,,Casual
53118,Women,,,Casual
53119,Women,,,Casual
53120,Women,,,Casual
53121,Women,,,Casual
53122,Women,,,Casual
53123,Women,,,Casual
53124,Women,,,Casual
53125,Women,,,Casual
53126,Women,,,Casual
53127,Women,,,Casual
53128,Women,,,Casual
53129,Women,,,Casual
53130,Women,,,Casual
53131,Women,,,Casual
53132,Women,,,Casual
53133,Women,,,Casual
53134,Women,,,Casual
53135,Women,,,Casual
53136,Women,,,Casual
53137,Women,,,Casual
53138,Women,,,Casual
53139,Women,,,Casual
53140,Women,,,Casual
53141,Women,,,Casual
53142,Women,,,Casual
53143,Women,,,Casual
53144,Women,,,Casual
53145,Women,,,Casual
53146,Women,,,Casual
53147,Women,,,Casual
53148,Women,,,Casual
53149,Women,,,Casual
53150,Women,,,Casual
53152,Men,,,Casual
53159,Men,,,Formal
53211,Men,,,Formal
53215,Men,,,Formal
53226,Men,,,Formal
53228,Men,,,Casual
53248,Men,,,Casual
53252,Men,,,Casual
53264,Men,,,Casual
53269,Men,,,Casual
53278,Men,,,Casual
53282,Men,,,Casual
53286,Men,,,Casual
53287,Women,,,Casual
53296,Men,,,Casual
53303,Men,,,Casual
53307,Women,,,Casual
53312,Men,,,Casual
53313,Men,,,Casual
53314,Men,,,Casual
53318,Men,,,Casual
53319,Men,,,Casual
53328,Men,,,Casual
53329,Men,,,Casual
53332,Men,,,Casual
53338,Men,,,Casual
53345,Men,,,Casual
53348,Men,,,Casual
53357,Girls,,,Casual
53358,Men,,,Casual
53360,Women,,,Casual
53361,Women,,,Casual
53362,Unisex,,,Casual
53363,Women,,,Casual
53364,Women,,,Casual
53365,Unisex,,,Casual
53366,Unisex,,,Casual
53367,Women,,,Casual
53368,Unisex,,,Casual
53369,Women,,,Casual
53370,Women,,,Casual
53371,Unisex,,,Casual
53372,Unisex,,,Casual
53373,Unisex,,,Casual
53374,Women,,,Casual
53376,Women,,,Casual
53377,Women,,,Casual
53378,Women,,,Casual
53379,Men,,,Sports
53380,Men,,,Casual
53381,Men,,,Casual
53382,Women,,,Casual
53383,Women,,,Casual
53384,Men,,,Casual
53386,Men,,,Casual
53387,Women,,,Casual
53388,Women,,,Ethnic
53389,Women,,,Ethnic
53390,Women,,,Ethnic
53391,Women,,,Ethnic
53392,Women,,,Casual
53393,Women,,,Ethnic
53394,Women,,,Ethnic
53395,Women,,,Ethnic
53396,Women,,,Ethnic
53397,Women,,,Ethnic
53398,Women,,,Ethnic
53399,Women,,,Ethnic
53401,Women,,,Ethnic
53402,Women,,,Ethnic
53403,Women,,,Ethnic
53404,Women,,,Ethnic
53405,Women,,,Ethnic
53406,Women,,,Ethnic
53408,Women,,,Ethnic
53409,Women,,,Ethnic
53410,Women,,,Ethnic
53411,Women,,,Ethnic
53412,Women,,,Ethnic
53413,Women,,,Ethnic
53414,Women,,,Ethnic
53415,Women,,,Ethnic
53416,Women,,,Ethnic
53417,Women,,,Ethnic
53418,Women,,,Ethnic
53419,Women,,,Ethnic
53420,Women,,,Ethnic
53421,Women,,,Ethnic
53422,Women,,,Ethnic
53423,Women,,,Ethnic
53424,Women,,,Ethnic
53425,Women,,,Ethnic
53426,Women,,,Ethnic
53427,Women,,,Ethnic
53428,Women,,,Ethnic
53429,Women,,,Ethnic
53430,Women,,,Ethnic
53431,Women,,,Ethnic
53432,Men,,,Casual
53433,Men,,,Casual
53434,Men,,,Casual
53435,Men,,,Casual
53436,Men,,,Sports
53437,Men,,,Sports
53438,Men,,,Casual
53439,Women,,,Casual
53440,Men,,,Casual
53441,Men,,,Sports
53442,Women,,,Casual
53444,Men,,,Casual
53445,Women,,,Casual
53446,Men,,,Casual
53447,Women,,,Casual
53448,Women,,,Casual
53449,Women,,,Casual
53450,Women,,,Casual
53452,Women,,,Casual
53453,Women,,,Casual
53454,Women,,,Casual
53455,Women,,,Casual
53456,Women,,,Casual
53457,Women,,,Casual
53458,Women,,,Casual
53459,Women,,,Casual
53460,Women,,,Casual
53461,Women,,,Casual
53462,Women,,,Casual
53463,Women,,,Casual
53464,Women,,,Casual
53465,Women,,,Casual
53466,Women,,,Casual
53467,Women,,,Casual
53468,Women,,,Casual
53469,Men,,,Casual
53470,Women,,,Casual
53473,Women,,,Casual
53474,Men,,,Casual
53475,Women,,,Casual
53476,Women,,,Casual
53477,Women,,,Casual
53478,Women,,,Casual
53479,Women,,,Casual
53480,Women,,,Casual
53484,Women,,,Casual
53485,Men,,,Casual
53486,Women,,,Casual
53487,Women,,,Casual
53488,Men,,,Casual
53489,Women,,,Casual
53490,Women,,,Casual
53491,Women,,,Casual
53492,Women,,,Casual
53493,Women,,,Casual
53498,Women,,,Casual
53506,Women,,,Casual
53507,Women,,,Casual
53508,Women,,,Casual
53520,Men,,,Casual
53525,Women,,,Casual
53526,Women,,,Casual
53527,Women,,,Casual
53528,Men,,,Casual
53529,Men,,,Casual
53530,Men,,,Casual
53531,Women,,,Casual
53532,Women,,,Casual
53533,Men,,,Sports
53534,Women,,,Casual
53535,Men,,,Casual
53536,Women,,,Casual
53537,Men,,,Casual
53538,Women,,,Casual
53539,Women,,,Casual
53540,Men,,,Casual
53541,Women,,,Casual
53542,Women,,,Casual
53543,Women,,,Casual
53545,Men,,,Casual
53546,Women,,,Casual
53547,Men,,,Casual
53548,Men,,,Casual
53554,Men,,,Casual
53555,Men,,,Casual
53556,Men,,,Casual
53557,Men,,,Casual
53558,Men,,,Casual
53559,Men,,,Casual
53560,Men,,,Casual
53561,Women,,,Casual
53562,Men,,,Casual
53563,Women,,,Casual
53564,Women,,,Casual
53565,Men,,,Casual
53566,Men,,,Casual
53567,Men,,,Casual
53568,Women,,,Casual
53569,Women,,,Casual
53570,Women,,,Casual
53571,Women,,,Casual
53572,Men,,,Casual
53573,Women,,,Casual
53574,Men,,,Casual
53575,Women,,,Casual
53576,Women,,,Casual
53577,Women,,,Casual
53578,Women,,,Casual
53579,Men,,,Casual
53580,Men,,,Casual
53581,Men,,,Casual
53582,Women,,,Casual
53583,Men,,,Casual
53584,Women,,,Casual
53585,Men,,,Casual
53586,Women,,,Casual
53587,Women,,,Casual
53588,Men,,,Casual
53589,Men,,,Casual
53590,Women,,,Casual
53591,Women,,,Casual
53592,Women,,,Casual
53593,Men,,,Casual
53594,Men,,,Casual
53595,Men,,,Casual
53596,Men,,,Casual
53597,Men,,,Casual
53598,Men,,,Casual
53599,Men,,,Casual
53600,Men,,,Casual
53601,Men,,,Casual
53602,Men,,,Casual
53603,Men,,,Casual
53604,Men,,,Casual
53605,Men,,,Casual
53606,Men,,,Casual
53608,Women,,,Casual
53609,Men,,,Casual
53611,Men,,,Casual
53612,Men,,,Casual
53613,Men,,,Casual
53614,Men,,,Casual
53615,Men,,,Casual
53616,Men,,,Casual
53617,Women,,,Casual
53618,Men,,,Casual
53619,Women,,,Casual
53620,Women,,,Casual
53621,Men,,,Casual
53622,Men,,,Casual
53623,Men,,,Casual
53624,Women,,,Casual
53625,Men,,,Casual
53626,Men,,,Casual
53627,Women,,,Casual
53628,Men,,,Casual
53629,Men,,,Casual
53630,Women,,,Casual
53631,Women,,,Casual
53632,Men,,,Casual
53633,Men,,,Casual
53634,Men,,,Casual
53635,Men,,,Casual
53636,Men,,,Casual
53637,Men,,,Casual
53638,Men,,,Casual
53639,Men,,,Casual
53640,Men,,,Casual
53648,Women,,,Casual
53649,Women,,,Casual
53651,Women,,,Casual
53652,Women,,,Casual
53653,Women,,,Casual
53654,Women,,,Casual
53655,Women,,,Casual
53656,Women,,,Casual
53657,Women,,,Casual
53659,Women,,,Casual
53660,Women,,,Casual
53661,Women,,,Casual
53663,Women,,,Casual
53665,Women,,,Casual
53666,Women,,,Casual
53667,Women,,,Casual
53668,Women,,,Casual
53669,Women,,,Casual
53670,Women,,,Casual
53671,Women,,,Casual
53672,Women,,,Casual
53673,Women,,,Casual
53674,Women,,,Casual
53675,Women,,,Casual
53676,Women,,,Casual
53677,Women,,,Casual
53678,Women,,,Casual
53679,Women,,,Casual
53680,Women,,,Casual
53681,Women,,,Casual
53682,Women,,,Casual
53683,Women,,,Casual
53684,Women,,,Casual
53685,Women,,,Casual
53686,Women,,,Casual
53687,Women,,,Casual
53688,Women,,,Casual
53689,Women,,,Casual
53692,Women,,,Casual
53695,Women,,,Casual
53696,Women,,,Casual
53698,Women,,,Casual
53702,Women,,,Casual
53706,Women,,,Casual
53708,Women,,,Casual
53710,Women,,,Casual
53715,Women,,,Casual
53719,Women,,,Casual
53720,Women,,,Casual
53723,Women,,,Casual
53724,Women,,,Casual
53725,Women,,,Casual
53726,Women,,,Casual
53727,Women,,,Casual
53729,Women,,,Casual
53731,Men,,,Casual
53732,Men,,,Casual
53734,Men,,,Casual
53735,Men,,,Casual
53737,Men,,,Casual
53738,Men,,,Casual
53740,Men,,,Casual
53741,Women,,,Casual
53742,Men,,,Casual
53743,Men,,,Casual
53744,Men,,,Casual
53745,Men,,,Casual
53747,Women,,,Casual
53748,Women,,,Casual
53749,Men,,,Casual
53750,Men,,,Casual
53751,Women,,,Casual
53752,Women,,,Casual
53753,Women,,,Casual
53754,Men,,,Casual
53755,Men,,,Casual
53756,Unisex,,,Casual
53757,Women,,,Casual
53759,Men,,,Casual
53760,Men,,,Casual
53761,Men,,,Casual
53762,Men,,,Casual
53763,Men,,,Casual
53764,Men,,,Casual
53765,Men,,,Casual
53766,Men,,,Casual
53767,Men,,,Casual
53768,Men,,,Casual
53770,Women,,,Casual
53771,Men,,,Casual
53772,Men,,,Casual
53773,Men,,,Casual
53774,Men,,,Casual
53775,Men,,,Casual
53776,Men,,,Casual
53777,Men,,,Sports
53778,Women,,,Casual
53779,Women,,,Casual
53780,Men,,,Casual
53781,Men,,,Casual
53782,Men,,,Casual
53783,Men,,,Casual
53784,Men,,,Casual
53785,Men,,,Casual
53786,Men,,,Casual
53787,Men,,,Casual
53788,Men,,,Casual
53791,Men,,,Casual
53793,Men,,,Casual
53794,Men,,,Casual
53795,Men,,,Casual
53796,Men,,,Casual
53797,Men,,,Casual
53798,Men,,,Casual
53799,Men,,,Casual
53800,Men,,,Casual
53801,Men,,,Casual
53802,Men,,,Casual
53803,Men,,,Casual
53804,Men,,,Casual
53805,Women,,,Casual
53806,Women,,,Casual
53807,Women,,,Casual
53808,Women,,,Casual
53809,Women,,,Casual
53810,Women,,,Ethnic
53811,Women,,,Casual
53812,Women,,,Casual
53813,Women,,,Ethnic
53814,Women,,,Casual
53815,Women,,,Ethnic
53816,Women,,,Ethnic
53817,Women,,,Casual
53818,Women,,,Casual
53819,Men,,,Casual
53820,Men,,,Casual
53822,Men,,,Casual
53823,Women,,,Ethnic
53824,Women,,,Ethnic
53825,Women,,,Casual
53826,Women,,,Ethnic
53829,Women,,,Casual
53830,Women,,,Ethnic
53832,Women,,,Ethnic
53833,Women,,,Ethnic
53834,Women,,,Ethnic
53835,Women,,,Ethnic
53836,Women,,,Ethnic
53837,Women,,,Ethnic
53838,Women,,,Ethnic
53839,Women,,,Ethnic
53840,Women,,,Ethnic
53841,Women,,,Ethnic
53842,Women,,,Ethnic
53843,Women,,,Ethnic
53849,Women,,,Ethnic
53850,Women,,,Ethnic
53851,Women,,,Ethnic
53852,Women,,,Casual
53856,Women,,,Ethnic
53857,Women,,,Casual
53859,Women,,,Casual
53861,Women,,,Ethnic
53863,Women,,,Ethnic
53864,Women,,,Casual
53866,Women,,,Casual
53867,Women,,,Casual
53868,Women,,,Casual
53869,Women,,,Casual
53870,Women,,,Casual
53871,Men,,,Casual
53872,Women,,,Sports
53873,Men,,,Sports
53874,Men,,,Sports
53875,Men,,,Casual
53876,Men,,,Casual
53877,Men,,,Casual
53878,Men,,,Casual
53879,Men,,,Casual
53880,Men,,,Casual
53881,Men,,,Casual
53882,Women,,,Casual
53883,Men,,,Casual
53884,Women,,,Casual
53886,Women,,,Casual
53887,Women,,,Casual
53888,Women,,,Casual
53889,Women,,,Casual
53890,Women,,,Casual
53891,Women,,,Casual
53892,Women,,,Casual
53893,Women,,,Casual
53894,Women,,,Casual
53895,Women,,,Casual
53896,Women,,,Casual
53897,Women,,,Casual
53900,Women,,,Casual
53902,Women,,,Casual
53905,Women,,,Casual
53907,Women,,,Casual
53911,Women,,,Casual
53914,Women,,,Casual
53918,Women,,,Casual
53921,Women,,,Casual
53927,Women,,,Casual
53928,Women,,,Casual
53930,Women,,,Casual
53931,Women,,,Casual
53934,Women,,,Casual
53935,Women,,,Casual
53941,Women,,,Casual
53942,Women,,,Casual
53943,Women,,,Casual
53944,Women,,,Casual
53946,Women,,,Casual
53961,Women,,,Casual
53963,Women,,,Casual
53964,Women,,,Casual
53979,Women,,,Casual
53981,Women,,,Casual
53985,Women,,,Casual
53990,Women,,,Casual
53991,Women,,,Casual
53994,Women,,,Casual
53997,Women,,,Casual
53999,Women,,,Casual
54000,Women,,,Casual
54002,Women,,,Casual
54003,Women,,,Casual
54007,Women,,,Casual
54008,Women,,,Casual
54009,Women,,,Casual
54014,Women,,,Casual
54016,Women,,,Casual
54017,Women,,,Casual
54018,Women,,,Casual
54019,Men,,,Casual
54020,Women,,,Casual
54031,Women,,,Casual
54032,Women,,,Casual
54033,Women,,,Casual
54035,Women,,,Casual
54036,Women,,,Casual
54040,Women,,,Casual
54041,Women,,,Casual
54049,Women,,,Casual
54050,Women,,,Casual
54051,Women,,,Casual
54052,Women,,,Casual
54053,Women,,,Casual
54054,Women,,,Casual
54055,Women,,,Casual
54056,Women,,,Casual
54057,Women,,,Casual
54058,Women,,,Casual
54059,Men,,,Casual
54060,Men,,,Casual
54061,Women,,,Casual
54062,Women,,,Casual
54063,Women,,,Casual
54064,Women,,,Casual
54065,Men,,,Sports
54066,Men,,,Casual
54068,Men,,,Sports
54069,Men,,,Casual
54070,Men,,,Sports
54071,Men,,,Sports
54072,Men,,,Sports
54073,Men,,,Casual
54076,Men,,,Casual
54077,Women,,,Casual
54078,Men,,,Casual
54079,Women,,,Casual
54080,Women,,,Casual
54081,Women,,,Casual
54082,Men,,,Casual
54083,Men,,,Casual
54084,Women,,,Casual
54086,Women,,,Ethnic
54087,Women,,,Ethnic
54088,Women,,,Casual
54089,Men,,,Casual
54090,Women,,,Casual
54095,Women,,,Casual
54103,Women,,,Casual
54104,Women,,,Casual
54105,Women,,,Casual
54106,Women,,,Casual
54107,Women,,,Casual
54108,Women,,,Casual
54109,Women,,,Casual
54110,Women,,,Casual
54111,Women,,,Casual
54112,Women,,,Casual
54113,Women,,,Casual
54114,Women,,,Casual
54115,Women,,,Casual
54116,Women,,,Casual
54117,Women,,,Casual
54118,Women,,,Casual
54119,Women,,,Casual
54120,Women,,,Casual
54121,Women,,,Casual
54122,Women,,,Casual
54123,Women,,,Casual
54124,Women,,,Casual
54125,Women,,,Casual
54126,Women,,,Casual
54127,Women,,,Casual
54128,Women,,,Casual
54129,Women,,,Casual
54130,Women,,,Casual
54131,Women,,,Casual
54132,Women,,,Casual
54133,Women,,,Casual
54134,Women,,,Casual
54135,Women,,,Casual
54136,Women,,,Casual
54137,Women,,,Casual
54138,Women,,,Casual
54139,Women,,,Casual
54140,Women,,,Casual
54141,Women,,,Casual
54142,Women,,,Casual
54143,Women,,,Casual
54144,Women,,,Casual
54145,Women,,,Casual
54146,Women,,,Casual
54147,Men,,,Casual
54148,Women,,,Casual
54149,Women,,,Casual
54150,Women,,,Casual
54151,Women,,,Casual
54152,Women,,,Casual
54153,Women,,,Casual
54154,Women,,,Casual
54155,Women,,,Casual
54156,Women,,,Casual
54157,Women,,,Casual
54158,Women,,,Casual
54159,Women,,,Casual
54160,Women,,,Casual
54161,Women,,,Casual
54162,Women,,,Casual
54163,Women,,,Casual
54164,Women,,,Casual
54165,Women,,,Casual
54166,Women,,,Casual
54167,Women,,,Casual
54168,Men,,,Casual
54169,Women,,,Casual
54170,Women,,,Casual
54171,Women,,,Casual
54172,Women,,,Casual
54173,Women,,,Casual
54174,Women,,,Casual
54175,Men,,,Casual
54176,Women,,,Casual
54177,Women,,,Casual
54178,Women,,,Casual
54182,Women,,,Casual
54183,Women,,,Casual
54185,Men,,,Casual
54186,Men,,,Casual
54187,Men,,,Casual
54188,Men,,,Casual
54189,Men,,,Casual
54192,Women,,,Casual
54194,Women,,,Casual
54200,Men,,,Casual
54202,Men,,,Casual
54225,Women,,,Casual
54226,Women,,,Casual
54228,Women,,,Casual
54229,Women,,,Casual
54252,Men,,,Formal
54280,Men,,,Formal
54302,Men,,,Casual
54303,Men,,,Casual
54304,Men,,,Casual
54305,Men,,,Casual
54306,Men,,,Casual
54307,Men,,,Casual
54311,Men,,,Casual
54318,Women,,,Casual
54319,Men,,,Casual
54320,Men,,,Casual
54325,Women,,,Casual
54326,Men,,,Casual
54327,Men,,,Casual
54328,Men,,,Casual
54329,Men,,,Casual
54330,Men,,,Casual
54332,Men,,,Casual
54334,Women,,,Casual
54338,Women,,,Casual
54339,Men,,,Casual
54340,Men,,,Casual
54341,Men,,,Casual
54342,Women,,,Casual
54343,Women,,,Casual
54344,Women,,,Casual
54345,Women,,,Casual
54346,Men,,,Casual
54375,Women,,,Casual
54380,Women,,,Casual
54381,Women,,,Casual
54382,Women,,,Casual
54383,Women,,,Casual
54384,Women,,,Casual
54385,Women,,,Casual
54386,Women,,,Casual
54387,Women,,,Casual
54388,Women,,,Casual
54389,Women,,,Casual
54390,Women,,,Casual
54391,Women,,,Casual
54392,Women,,,Casual
54393,Women,,,Casual
54394,Women,,,Casual
54395,Women,,,Casual
54396,Women,,,Casual
54397,Women,,,Casual
54398,Women,,,Casual
54399,Women,,,Casual
54400,Women,,,Casual
54401,Women,,,Casual
54402,Women,,,Casual
54403,Women,,,Casual
54404,Women,,,Casual
54405,Women,,,Casual
54406,Women,,,Casual
54407,Women,,,Casual
54408,Women,,,Casual
54409,Men,,,Casual
54410,Women,,,Casual
54411,Women,,,Casual
54412,Women,,,Casual
54475,Women,,,Casual
54476,Women,,,Casual
54477,Men,,,Casual
54478,Men,,,Casual
54479,Men,,,Casual
54480,Men,,,Casual
54481,Men,,,Casual
54482,Men,,,Casual
54483,Men,,,Casual
54484,Men,,,Casual
54485,Men,,,Casual
54486,Men,,,Casual
54487,Women,,,Casual
54488,Women,,,Casual
54489,Women,,,Casual
54490,Women,,,Casual
54491,Women,,,Casual
54492,Women,,,Casual
54493,Women,,,Casual
54494,Women,,,Casual
54495,Women,,,Casual
54496,Women,,,Casual
54497,Women,,,Casual
54498,Women,,,Casual
54499,Women,,,Casual
54500,Women,,,Casual
54501,Women,,,Casual
54502,Women,,,Casual
54503,Unisex,,,Casual
54504,Women,,,Casual
54505,Women,,,Casual
54506,Women,,,Casual
54507,Women,,,Casual
54508,Women,,,Casual
54509,Women,,,Casual
54510,Women,,,Casual
54511,Women,,,Casual
54512,Women,,,Casual
54513,Men,,,Casual
54514,Men,,,Casual
54515,Men,,,Sports
54516,Men,,,Sports
54517,Men,,,Sports
54518,Men,,,Sports
54519,Men,,,Casual
54520,Men,,,Casual
54521,Men,,,Sports
54522,Men,,,Sports
54523,Men,,,Sports
54524,Men,,,Sports
54525,Men,,,Casual
54526,Men,,,Sports
54527,Men,,,Casual
54528,Men,,,Sports
54529,Men,,,Sports
54530,Men,,,Sports
54533,Men,,,Sports
54534,Men,,,Sports
54535,Men,,,Sports
54536,Men,,,Casual
54537,Men,,,Sports
54538,Men,,,Sports
54539,Men,,,Casual
54540,Men,,,Sports
54541,Men,,,Casual
54542,Men,,,Casual
54543,Men,,,Sports
54544,Men,,,Casual
54545,Women,,,Casual
54546,Men,,,Casual
54547,Women,,,Ethnic
54548,Women,,,Ethnic
54549,Women,,,Ethnic
54550,Women,,,Ethnic
54551,Women,,,Casual
54553,Women,,,Ethnic
54554,Women,,,Ethnic
54555,Women,,,Ethnic
54556,Women,,,Ethnic
54557,Women,,,Ethnic
54558,Women,,,Ethnic
54559,Women,,,Ethnic
54561,Women,,,Ethnic
54562,Women,,,Ethnic
54563,Women,,,Ethnic
54564,Women,,,Ethnic
54565,Women,,,Casual
54566,Women,,,Casual
54567,Women,,,Ethnic
54568,Women,,,Ethnic
54569,Women,,,Casual
54570,Women,,,Ethnic
54571,Women,,,Ethnic
54572,Women,,,Ethnic
54573,Women,,,Ethnic
54574,Women,,,Ethnic
54575,Women,,,Ethnic
54576,Women,,,Ethnic
54577,Women,,,Ethnic
54578,Women,,,Ethnic
54579,Women,,,Ethnic
54580,Women,,,Ethnic
54581,Women,,,Casual
54582,Men,,,Casual
54584,Women,,,Ethnic
54585,Women,,,Ethnic
54586,Men,,,Casual
54587,Women,,,Casual
54588,Women,,,Ethnic
54589,Women,,,Ethnic
54590,Women,,,Ethnic
54595,Women,,,Ethnic
54596,Women,,,Ethnic
54597,Women,,,Ethnic
54598,Women,,,Casual
54599,Women,,,Ethnic
54600,Men,,,Casual
54601,Men,,,Casual
54602,Men,,,Casual
54603,Men,,,Casual
54604,Men,,,Casual
54605,Women,,,Casual
54606,Men,,,Casual
54607,Men,,,Casual
54608,Men,,,Casual
54609,Men,,,Casual
54610,Men,,,Casual
54611,Men,,,Casual
54612,Women,,,Casual
54613,Men,,,Casual
54614,Women,,,Casual
54615,Men,,,Casual
54616,Men,,,Casual
54617,Men,,,Casual
54618,Men,,,Casual
54619,Men,,,Casual
54620,Men,,,Casual
54621,Men,,,Casual
54622,Men,,,Casual
54623,Men,,,Casual
54625,Men,,,Casual
54626,Men,,,Casual
54627,Men,,,Casual
54628,Men,,,Casual
54629,Men,,,Casual
54630,Men,,,Casual
54631,Women,,,Casual
54632,Men,,,Casual
54633,Men,,,Casual
54634,Men,,,Casual
54635,Men,,,Casual
54636,Men,,,Casual
54637,Men,,,Casual
54638,Men,,,Casual
54639,Men,,,Casual
54640,Men,,,Casual
54641,Women,,,Casual
54642,Men,,,Casual
54643,Men,,,Casual
54644,Men,,,Casual
54645,Men,,,Casual
54646,Women,,,Casual
54647,Women,,,Casual
54648,Men,,,Casual
54649,Women,,,Casual
54650,Women,,,Casual
54651,Women,,,Casual
54652,Women,,,Casual
54653,Women,,,Casual
54654,Women,,,Casual
54655,Men,,,Casual
54656,Women,,,Casual
54657,Men,,,Casual
54658,Women,,,Casual
54659,Men,,,Casual
54660,Women,,,Casual
54661,Women,,,Casual
54662,Men,,,Casual
54663,Women,,,Casual
54664,Men,,,Casual
54665,Men,,,Casual
54666,Men,,,Casual
54667,Men,,,Casual
54668,Women,,,Casual
54669,Women,,,Casual
54670,Men,,,Casual
54671,Men,,,Casual
54672,Men,,,Casual
54674,Women,,,Casual
54675,Men,,,Casual
54676,Men,,,Casual
54677,Men,,,Casual
54678,Women,,,Casual
54679,Women,,,Casual
54680,Women,,,Casual
54681,Women,,,Ethnic
54682,Women,,,Casual
54683,Women,,,Casual
54684,Men,,,Casual
54685,Men,,,Casual
54686,Women,,,Casual
54687,Men,,,Casual
54688,Women,,,Casual
54689,Women,,,Casual
54690,Men,,,Casual
54691,Women,,,Ethnic
54692,Men,,,Casual
54693,Men,,,Casual
54694,Men,,,Casual
54695,Women,,,Casual
54696,Men,,,Ethnic
54697,Women,,,Ethnic
54698,Women,,,Casual
54699,Women,,,Casual
54700,Women,,,Casual
54702,Women,,,Casual
54703,Women,,,Casual
54704,Women,,,Casual
54705,Women,,,Ethnic
54706,Men,,,Ethnic
54708,Men,,,Ethnic
54710,Women,,,Casual
54711,Women,,,Casual
54712,Women,,,Casual
54713,Women,,,Casual
54714,Women,,,Casual
54715,Women,,,Ethnic
54716,Men,,,Casual
54717,Women,,,Casual
54718,Women,,,Casual
54719,Men,,,Casual
54720,Men,,,Casual
54721,Women,,,Casual
54722,Women,,,Casual
54723,Women,,,Casual
54724,Women,,,Casual
54725,Women,,,Ethnic
54726,Women,,,Casual
54727,Women,,,Casual
54728,Men,,,Casual
54729,Men,,,Casual
54730,Men,,,Formal
54731,Men,,,Casual
54732,Men,,,Casual
54733,Men,,,Casual
54734,Men,,,Casual
54735,Men,,,Casual
54736,Men,,,Casual
54737,Men,,,Casual
54738,Men,,,Casual
54739,Men,,,Sports
54740,Men,,,Casual
54741,Men,,,Casual
54742,Men,,,Casual
54744,Women,,,Ethnic
54767,Women,,,Ethnic
54792,Men,,,Casual
54794,Women,,,Casual
54796,Women,,,Casual
54800,Men,,,Casual
54804,Women,,,Casual
54805,Women,,,Casual
54807,Women,,,Casual
54808,Women,,,Casual
54812,Women,,,Casual
54813,Unisex,,,Casual
54819,Women,,,Casual
54823,Women,,,Casual
54827,Women,,,Casual
54828,Men,,,Casual
54829,Men,,,Casual
54831,Women,,,Casual
54834,Women,,,Casual
54836,Women,,,Casual
54838,Women,,,Casual
54842,Men,,,Casual
54849,Men,,,Casual
54850,Women,,,Casual
54851,Women,,,Casual
54852,Women,,,Casual
54853,Women,,,Casual
54854,Men,,,Casual
54856,Men,,,Casual
54857,Women,,,Casual
54858,Women,,,Casual
54859,Women,,,Casual
54860,Women,,,Casual
54861,Women,,,Casual
54862,Women,,,Casual
54863,Women,,,Casual
54864,Women,,,Casual
54865,Women,,,Casual
54866,Women,,,Casual
54867,Women,,,Casual
54868,Women,,,Casual
54869,Women,,,Casual
54870,Women,,,Casual
54871,Women,,,Casual
54872,Women,,,Casual
54873,Men,,,Casual
54874,Men,,,Casual
54875,Women,,,Casual
54876,Women,,,Casual
54877,Women,,,Casual
54878,Women,,,Casual
54879,Women,,,Casual
54880,Men,,,Casual
54881,Women,,,Casual
54882,Women,,,Casual
54883,Women,,,Casual
54884,Women,,,Casual
54885,Women,,,Casual
54886,Women,,,Casual
54888,Women,,,Casual
54889,Men,,,Casual
54890,Men,,,Casual
54891,Men,,,Casual
54894,Men,,,Casual
54896,Men,,,Sports
54897,Men,,,Casual
54899,Women,,,Casual
54900,Men,,,Casual
54901,Men,,,Casual
54902,Men,,,Casual
54903,Men,,,Casual
54904,Men,,,Casual
54905,Men,,,Casual
54906,Men,,,Casual
54907,Boys,,,Casual
54908,Men,,,Casual
54909,Women,,,Casual
54911,Men,,,Casual
54913,Men,,,Casual
54914,Women,,,Casual
54915,Men,,,Casual
54918,Women,,,Casual
54919,Men,,,Casual
54921,Women,,,Casual
54923,Girls,,,Casual
54924,Men,,,Casual
54925,Men,,,Casual
54926,Men,,,Casual
54927,Men,,,Casual
54928,Men,,,Casual
54929,Men,,,Casual
54930,Men,,,Casual
54931,Men,,,Casual
54932,Women,,,Casual
54933,Women,,,Casual
54934,Women,,,Casual
54935,Men,,,Casual
54936,Men,,,Casual
54937,Men,,,Casual
54938,Women,,,Casual
54939,Women,,,Casual
54940,Women,,,Casual
54941,Women,,,Casual
54942,Men,,,Casual
54943,Men,,,Casual
54944,Men,,,Casual
54945,Men,,,Casual
54946,Men,,,Casual
54947,Men,,,Casual
54948,Men,,,Casual
54949,Men,,,Casual
54950,Men,,,Casual
54951,Men,,,Casual
54953,Men,,,Casual
54954,Men,,,Casual
54955,Men,,,Casual
54957,Girls,,,Casual
54958,Men,,,Casual
54959,Women,,,Casual
54960,Men,,,Casual
54961,Men,,,Casual
54964,Women,,,Casual
54965,Men,,,Casual
54966,Men,,,Casual
54967,Men,,,Casual
54968,Men,,,Casual
54969,Men,,,Casual
54970,Women,,,Casual
54971,Women,,,Ethnic
54972,Women,,,Ethnic
54973,Women,,,Casual
54974,Women,,,Casual
54975,Men,,,Casual
54976,Women,,,Casual
54977,Women,,,Casual
54978,Women,,,Casual
54979,Men,,,Casual
54980,Women,,,Casual
54981,Women,,,Casual
54982,Women,,,Casual
54983,Women,,,Casual
54984,Women,,,Casual
54985,Women,,,Casual
54986,Men,,,Casual
54987,Women,,,Ethnic
54988,Women,,,Casual
54989,Women,,,Casual
54990,Women,,,Casual
54991,Women,,,Ethnic
54992,Women,,,Casual
54993,Men,,,Casual
54995,Women,,,Casual
54997,Women,,,Casual
55000,Women,,,Casual
55001,Women,,,Casual
55002,Women,,,Casual
55003,Women,,,Casual
55004,Men,,,Casual
55005,Women,,,Casual
55006,Women,,,Casual
55007,Women,,,Casual
55008,Women,,,Casual
55009,Women,,,Casual
55010,Women,,,Casual
55012,Women,,,Casual
55013,Men,,,Formal
55015,Women,,,Casual
55016,Men,,,Formal
55018,Women,,,Casual
55020,Women,,,Casual
55021,Women,,,Casual
55022,Women,,,Casual
55023,Women,,,Casual
55024,Women,,,Casual
55025,Women,,,Casual
55026,Women,,,Casual
55027,Women,,,Casual
55028,Women,,,Casual
55029,Women,,,Casual
55030,Women,,,Casual
55031,Women,,,Casual
55032,Women,,,Casual
55033,Women,,,Casual
55034,Women,,,Casual
55035,Women,,,Casual
55036,Women,,,Casual
55037,Women,,,Casual
55038,Women,,,Casual
55039,Women,,,Casual
55040,Women,,,Casual
55041,Men,,,Casual
55042,Women,,,Casual
55043,Women,,,Casual
55044,Women,,,Casual
55045,Men,,,Casual
55046,Men,,,Casual
55047,Women,,,Casual
55048,Men,,,Casual
55049,Men,,,Casual
55050,Men,,,Casual
55051,Men,,,Casual
55052,Men,,,Casual
55053,Men,,,Casual
55054,Men,,,Casual
55055,Men,,,Casual
55056,Men,,,Casual
55057,Men,,,Casual
55058,Men,,,Casual
55059,Men,,,Casual
55060,Men,,,Casual
55061,Men,,,Casual
55062,Men,,,Casual
55063,Men,,,Casual
55064,Men,,,Casual
55065,Men,,,Casual
55066,Men,,,Casual
55067,Men,,,Casual
55068,Men,,,Casual
55069,Women,,,Casual
55070,Men,,,Casual
55071,Men,,,Casual
55072,Men,,,Casual
55073,Men,,,Casual
55074,Men,,,Casual
55075,Men,,,Casual
55078,Men,,,Casual
55079,Men,,,Casual
55080,Men,,,Casual
55081,Women,,,Casual
55083,Men,,,Casual
55086,Women,,,Casual
55087,Women,,,Casual
55089,Men,,,Casual
55090,Men,,,Casual
55093,Men,,,Casual
55094,Women,,,Casual
55095,Women,,,Casual
55097,Women,,,Casual
55098,Women,,,Casual
55099,Women,,,Casual
55100,Women,,,Casual
55101,Men,,,Casual
55107,Men,,,Casual
55108,Men,,,Casual
55109,Women,,,Casual
55110,Women,,,Casual
55111,Women,,,Casual
55112,Women,,,Casual
55113,Men,,,Sports
55114,Men,,,Sports
55115,Men,,,Sports
55116,Men,,,Casual
55117,Men,,,Casual
55118,Men,,,Casual
55119,Women,,,Casual
55120,Women,,,Casual
55121,Women,,,Casual
55122,Women,,,Casual
55123,Men,,,Casual
55124,Women,,,Casual
55125,Women,,,Casual
55126,Women,,,Casual
55127,Women,,,Casual
55128,Women,,,Casual
55129,Women,,,Casual
55130,Men,,,Casual
55131,Women,,,Casual
55132,Men,,,Casual
55133,Women,,,Casual
55134,Men,,,Casual
55135,Women,,,Casual
55136,Women,,,Casual
55137,Men,,,Casual
55138,Women,,,Casual
55139,Women,,,Casual
55140,Girls,,,Casual
55141,Women,,,Casual
55142,Girls,,,Casual
55143,Women,,,Casual
55144,Men,,,Casual
55145,Women,,,Casual
55146,Women,,,Casual
55147,Women,,,Casual
55148,Women,,,Casual
55149,Women,,,Casual
55150,Women,,,Casual
55151,Women,,,Casual
55152,Women,,,Casual
55153,Women,,,Casual
55154,Women,,,Casual
55155,Women,,,Casual
55156,Women,,,Casual
55157,Women,,,Casual
55158,Women,,,Casual
55159,Women,,,Casual
55160,Women,,,Casual
55161,Women,,,Casual
55162,Women,,,Casual
55163,Women,,,Casual
55164,Men,,,Casual
55165,Women,,,Casual
55166,Women,,,Casual
55168,Women,,,Casual
55170,Girls,,,Casual
55172,Women,,,Casual
55173,Girls,,,Casual
55175,Women,,,Casual
55177,Girls,,,Casual
55179,Women,,,Casual
55180,Women,,,Casual
55181,Girls,,,Casual
55184,Women,,,Casual
55185,Girls,,,Casual
55186,Women,,,Casual
55187,Girls,,,Casual
55190,Men,,,Casual
55191,Women,,,Casual
55192,Girls,,,Casual
55194,Girls,,,Casual
55195,Women,,,Casual
55196,Girls,,,Casual
55197,Women,,,Casual
55198,Men,,,Casual
55200,Women,,,Casual
55201,Women,,,Casual
55202,Women,,,Casual
55203,Women,,,Casual
55205,Women,,,Casual
55206,Women,,,Casual
55208,Women,,,Casual
55209,Women,,,Casual
55210,Women,,,Casual
55211,Women,,,Casual
55212,Women,,,Casual
55213,Women,,,Casual
55214,Women,,,Casual
55215,Men,,,Casual
55216,Women,,,Casual
55217,Women,,,Casual
55218,Women,,,Casual
55219,Men,,,Casual
55220,Men,,,Casual
55221,Men,,,Casual
55222,Men,,,Casual
55223,Men,,,Casual
55224,Men,,,Casual
55225,Men,,,Casual
55226,Men,,,Casual
55227,Men,,,Casual
55228,Women,,,Casual
55229,Men,,,Casual
55230,Girls,,,Casual
55231,Girls,,,Casual
55232,Girls,,,Casual
55233,Girls,,,Casual
55234,Women,,,Casual
55235,Women,,,Casual
55236,Girls,,,Casual
55237,Girls,,,Casual
55238,Girls,,,Casual
55239,Girls,,,Casual
55240,Men,,,Casual
55241,Men,,,Casual
55242,Men,,,Casual
55243,Men,,,Casual
55244,Women,,,Casual
55245,Women,,,Casual
55246,Women,,,Casual
55247,Women,,,Casual
55248,Women,,,Casual
55249,Women,,,Casual
55250,Women,,,Casual
55251,Women,,,Casual
55252,Women,,,Casual
55253,Men,,,Casual
55254,Men,,,Casual
55255,Men,,,Casual
55256,Men,,,Casual
55257,Men,,,Casual
55258,Men,,,Casual
55259,Women,,,Casual
55260,Men,,,Casual
55261,Men,,,Casual
55262,Men,,,Casual
55263,Men,,,Casual
55264,Men,,,Casual
55265,Men,,,Casual
55266,Men,,,Casual
55267,Men,,,Casual
55268,Men,,,Casual
55269,Men,,,Casual
55270,Men,,,Casual
55271,Men,,,Casual
55272,Men,,,Casual
55273,Men,,,Casual
55274,Men,,,Casual
55275,Men,,,Casual
55276,Men,,,Casual
55277,Women,,,Casual
55278,Women,,,Casual
55280,Women,,,Casual
55281,Women,,,Casual
55282,Women,,,Casual
55283,Women,,,Casual
55284,Women,,,Casual
55285,Women,,,Casual
55286,Women,,,Casual
55287,Women,,,Casual
55288,Women,,,Casual
55289,Women,,,Casual
55290,Women,,,Casual
55291,Women,,,Casual
55292,Women,,,Casual
55293,Women,,,Casual
55294,Women,,,Casual
55295,Women,,,Casual
55296,Men,,,Casual
55297,Men,,,Casual
55298,Men,,,Casual
55299,Men,,,Casual
55300,Men,,,Casual
55301,Men,,,Casual
55306,Men,,,Sports
55307,Women,,,Casual
55314,Men,,,Casual
55315,Women,,,Casual
55316,Men,,,Casual
55317,Women,,,Casual
55318,Women,,,Casual
55319,Women,,,Casual
55320,Women,,,Casual
55321,Women,,,Casual
55322,Women,,,Casual
55323,Men,,,Casual
55324,Men,,,Casual
55325,Unisex,,,Casual
55326,Men,,,Casual
55328,Men,,,Casual
55329,Men,,,Casual
55330,Unisex,,,Casual
55331,Unisex,,,Casual
55332,Men,,,Casual
55333,Men,,,Casual
55334,Men,,,Casual
55335,Men,,,Casual
55336,Unisex,,,Casual
55337,Men,,,Casual
55338,Women,,,Casual
55339,Women,,,Casual
55344,Women,,,Casual
55347,Men,,,Casual
55349,Men,,,Casual
55350,Women,,,Casual
55351,Women,,,Casual
55352,Women,,,Casual
55354,Men,,,Casual
55357,Men,,,Casual
55358,Men,,,Casual
55359,Men,,,Casual
55361,Men,,,Casual
55362,Men,,,Casual
55363,Men,,,Casual
55364,Men,,,Casual
55365,Men,,,Casual
55366,Men,,,Casual
55368,Men,,,Casual
55369,Men,,,Casual
55370,Men,,,Casual
55373,Men,,,Casual
55375,Men,,,Casual
55376,Men,,,Sports
55377,Men,,,Casual
55378,Men,,,Casual
55379,Men,,,Casual
55380,Men,,,Casual
55381,Men,,,Casual
55382,Men,,,Sports
55383,Men,,,Casual
55384,Men,,,Casual
55385,Girls,,,Casual
55387,Men,,,Casual
55388,Men,,,Casual
55389,Men,,,Casual
55390,Men,,,Casual
55391,Men,,,Sports
55392,Men,,,Sports
55394,Women,,,Casual
55395,Women,,,Casual
55396,Women,,,Casual
55397,Women,,,Casual
55398,Girls,,,Casual
55399,Men,,,Casual
55400,Men,,,Casual
55402,Men,,,Casual
55407,Men,,,Casual
55408,Men,,,Casual
55409,Men,,,Casual
55410,Men,,,Casual
55418,Women,,,Casual
55419,Women,,,Casual
55420,Women,,,Casual
55421,Women,,,Casual
55423,Women,,,Casual
55424,Women,,,Casual
55425,Women,,,Casual
55426,Women,,,Casual
55427,Women,,,Casual
55428,Women,,,Casual
55429,Women,,,Casual
55430,Boys,,,Casual
55431,Boys,,,Casual
55432,Boys,,,Casual
55433,Boys,,,Casual
55434,Boys,,,Casual
55436,Boys,,,Casual
55437,Boys,,,Casual
55438,Boys,,,Casual
55439,Boys,,,Casual
55440,Boys,,,Casual
55441,Boys,,,Casual
55442,Boys,,,Casual
55443,Men,,,Casual
55444,Men,,,Casual
55445,Men,,,Casual
55446,Men,,,Casual
55447,Men,,,Casual
55448,Men,,,Casual
55449,Men,,,Casual
55450,Women,,,Casual
55451,Men,,,Casual
55454,Women,,,Casual
55455,Men,,,Casual
55456,Men,,,Casual
55457,Men,,,Casual
55458,Men,,,Casual
55459,Men,,,Casual
55460,Women,,,Casual
55461,Men,,,Casual
55462,Men,,,Casual
55463,Men,,,Casual
55464,Men,,,Casual
55465,Men,,,Casual
55466,Men,,,Casual
55467,Men,,,Casual
55468,Men,,,Casual
55469,Men,,,Casual
55470,Men,,,Casual
55471,Men,,,Casual
55472,Men,,,Casual
55473,Men,,,Casual
55474,Men,,,Casual
55475,Men,,,Casual
55476,Men,,,Casual
55477,Men,,,Casual
55478,Men,,,Casual
55479,Men,,,Casual
55480,Men,,,Casual
55482,Men,,,Casual
55485,Men,,,Casual
55486,Men,,,Casual
55487,Men,,,Casual
55488,Men,,,Casual
55489,Men,,,Casual
55490,Men,,,Casual
55491,Men,,,Casual
55492,Men,,,Casual
55493,Men,,,Casual
55494,Men,,,Casual
55495,Men,,,Casual
55496,Men,,,Casual
55497,Men,,,Casual
55498,Men,,,Casual
55499,Men,,,Casual
55500,Men,,,Casual
55501,Men,,,Casual
55502,Men,,,Casual
55503,Men,,,Casual
55504,Men,,,Casual
55505,Men,,,Casual
55506,Men,,,Casual
55507,Men,,,Casual
55508,Men,,,Casual
55509,Men,,,Casual
55510,Men,,,Casual
55511,Men,,,Casual
55512,Men,,,Casual
55513,Unisex,,,Casual
55514,Unisex,,,Casual
55516,Men,,,Casual
55517,Women,,,Casual
55518,Men,,,Casual
55519,Men,,,Casual
55520,Men,,,Casual
55521,Men,,,Casual
55522,Men,,,Casual
55523,Men,,,Casual
55524,Women,,,Casual
55525,Women,,,Casual
55526,Women,,,Casual
55527,Women,,,Casual
55528,Women,,,Casual
55529,Men,,,Casual
55530,Men,,,Casual
55531,Men,,,Casual
55532,Men,,,Casual
55533,Women,,,Casual
55534,Women,,,Casual
55535,Women,,,Casual
55536,Women,,,Casual
55537,Women,,,Casual
55538,Women,,,Casual
55539,Women,,,Casual
55540,Women,,,Casual
55541,Men,,,Casual
55542,Men,,,Casual
55543,Men,,,Casual
55544,Men,,,Casual
55545,Men,,,Casual
55546,Men,,,Casual
55547,Men,,,Casual
55548,Men,,,Casual
55549,Men,,,Casual
55550,Men,,,Casual
55551,Men,,,Casual
55553,Men,,,Casual
55556,Men,,,Casual
55557,Men,,,Casual
55558,Men,,,Casual
55559,Women,,,Casual
55560,Men,,,Casual
55561,Women,,,Casual
55564,Women,,,Casual
55565,Women,,,Casual
55568,Women,,,Casual
55569,Women,,,Casual
55570,Women,,,Casual
55571,Women,,,Casual
55572,Men,,,Casual
55573,Men,,,Casual
55574,Boys,,,Casual
55575,Unisex,,,Casual
55576,Boys,,,Casual
55577,Women,,,Sports
55578,Women,,,Casual
55579,Women,,,Casual
55580,Women,,,Casual
55581,Women,,,Casual
55582,Women,,,Casual
55583,Women,,,Casual
55584,Men,,,Casual
55585,Men,,,Casual
55586,Men,,,Casual
55587,Men,,,Casual
55590,Men,,,Formal
55591,Men,,,Casual
55595,Men,,,Casual
55597,Men,,,Casual
55599,Men,,,Casual
55608,Men,,,Casual
55612,Men,,,Formal
55613,Men,,,Formal
55614,Men,,,Formal
55615,Men,,,Casual
55616,Men,,,Formal
55617,Men,,,Formal
55618,Men,,,Formal
55619,Men,,,Formal
55620,Men,,,Formal
55621,Men,,,Formal
55622,Men,,,Formal
55623,Men,,,Formal
55624,Men,,,Formal
55625,Men,,,Casual
55626,Men,,,Formal
55627,Men,,,Formal
55628,Men,,,Formal
55629,Men,,,Formal
55630,Women,,,Casual
55631,Women,,,Casual
55632,Women,,,Casual
55633,Women,,,Casual
55634,Women,,,Casual
55635,Women,,,Casual
55636,Women,,,Casual
55637,Women,,,Casual
55638,Women,,,Casual
55639,Women,,,Casual
55640,Women,,,Casual
55641,Women,,,Casual
55642,Women,,,Casual
55643,Women,,,Casual
55644,Women,,,Casual
55645,Women,,,Casual
55646,Women,,,Casual
55647,Women,,,Casual
55648,Women,,,Casual
55649,Women,,,Casual
55650,Women,,,Casual
55651,Women,,,Casual
55652,Women,,,Casual
55653,Women,,,Casual
55654,Women,,,Casual
55655,Women,,,Casual
55656,Women,,,Casual
55657,Women,,,Casual
55783,Men,,,Casual
55784,Men,,,Casual
55785,Men,,,Sports
55786,Women,,,Casual
55787,Women,,,Casual
55788,Women,,,Casual
55789,Women,,,Ethnic
55790,Women,,,Casual
55791,Women,,,Casual
55794,Women,,,Casual
55795,Women,,,Casual
55796,Women,,,Casual
55797,Women,,,Casual
55798,Women,,,Casual
55799,Women,,,Casual
55800,Women,,,Casual
55801,Women,,,Casual
55802,Women,,,Casual
55803,Women,,,Casual
55804,Women,,,Casual
55805,Women,,,Casual
55806,Women,,,Casual
55807,Women,,,Ethnic
55809,Women,,,Casual
55810,Women,,,Casual
55811,Women,,,Casual
55812,Women,,,Casual
55813,Women,,,Casual
55814,Women,,,Casual
55817,Women,,,Casual
55818,Women,,,Casual
55819,Women,,,Casual
55821,Women,,,Casual
55822,Women,,,Ethnic
55823,Women,,,Casual
55824,Women,,,Ethnic
55825,Women,,,Casual
55826,Women,,,Casual
55827,Women,,,Casual
55828,Women,,,Casual
55829,Women,,,Casual
55830,Women,,,Casual
55831,Women,,,Casual
55832,Women,,,Casual
55833,Men,,,Casual
55834,Women,,,Casual
55835,Men,,,Casual
55836,Men,,,Casual
55837,Men,,,Casual
55838,Men,,,Casual
55839,Men,,,Casual
55840,Men,,,Casual
55841,Men,,,Casual
55842,Men,,,Casual
55843,Men,,,Casual
55844,Men,,,Casual
55845,Men,,,Casual
55846,Men,,,Casual
55847,Men,,,Casual
55848,Girls,,,Casual
55849,Men,,,Casual
55850,Men,,,Casual
55851,Men,,,Casual
55852,Men,,,Casual
55853,Men,,,Casual
55854,Men,,,Casual
55855,Men,,,Casual
55856,Men,,,Casual
55857,Men,,,Casual
55858,Men,,,Casual
55859,Men,,,Casual
55860,Men,,,Casual
55861,Women,,,Casual
55862,Women,,,Casual
55863,Men,,,Casual
55864,Men,,,Casual
55865,Women,,,Casual
55866,Men,,,Casual
55867,Girls,,,Casual
55868,Women,,,Casual
55869,Girls,,,Casual
55870,Women,,,Casual
55871,Women,,,Casual
55872,Women,,,Casual
55873,Women,,,Casual
55874,Women,,,Casual
55875,Men,,,Casual
55876,Men,,,Casual
55877,Women,,,Casual
55878,Women,,,Casual
55879,Women,,,Casual
55880,Women,,,Casual
55881,Women,,,Casual
55882,Women,,,Casual
55883,Girls,,,Casual
55884,Women,,,Casual
55885,Women,,,Casual
55886,Women,,,Casual
55887,Women,,,Casual
55888,Men,,,Casual
55889,Men,,,Casual
55890,Women,,,Casual
55891,Men,,,Casual
55892,Women,,,Casual
55893,Men,,,Casual
55894,Men,,,Casual
55895,Women,,,Casual
55896,Women,,,Casual
55897,Women,,,Casual
55898,Girls,,,Casual
55899,Men,,,Casual
55900,Women,,,Casual
55901,Girls,,,Casual
55902,Women,,,Casual
55903,Women,,,Casual
55904,Women,,,Casual
55905,Girls,,,Casual
55906,Women,,,Casual
55907,Women,,,Casual
55909,Men,,,Casual
55910,Men,,,Casual
55911,Men,,,Casual
55912,Men,,,Casual
55913,Men,,,Sports
55914,Men,,,Casual
55915,Men,,,Casual
55916,Men,,,Casual
55917,Men,,,Casual
55918,Men,,,Casual
55919,Women,,,Casual
55920,Men,,,Casual
55921,Men,,,Casual
55922,Men,,,Casual
55923,Men,,,Casual
55924,Men,,,Casual
55925,Men,,,Casual
55926,Men,,,Casual
55927,Men,,,Casual
55928,Men,,,Casual
55929,Men,,,Casual
55930,Men,,,Casual
55931,Men,,,Casual
55932,Men,,,Casual
55933,Men,,,Casual
55935,Men,,,Casual
55936,Men,,,Casual
55937,Men,,,Casual
55938,Men,,,Casual
55939,Men,,,Casual
55940,Men,,,Casual
55941,Men,,,Casual
55942,Men,,,Casual
55943,Men,,,Casual
55944,Men,,,Casual
55945,Men,,,Casual
55946,Men,,,Casual
55947,Men,,,Casual
55948,Men,,,Casual
55949,Men,,,Casual
55950,Men,,,Casual
55951,Men,,,Casual
55952,Men,,,Casual
55953,Men,,,Casual
55954,Women,,,Casual
55955,Men,,,Casual
55956,Women,,,Casual
55957,Women,,,Casual
55958,Men,,,Casual
55959,Women,,,Casual
55960,Women,,,Casual
55961,Women,,,Casual
55962,Women,,,Casual
55963,Men,,,Casual
55964,Women,,,Casual
55965,Men,,,Casual
55966,Women,,,Casual
55967,Men,,,Casual
55968,Women,,,Casual
55969,Men,,,Casual
55970,Men,,,Casual
55971,Men,,,Casual
55972,Men,,,Casual
55973,Women,,,Casual
55974,Men,,,Casual
55975,Men,,,Casual
55976,Men,,,Casual
55977,Women,,,Casual
55978,Women,,,Casual
55979,Men,,,Casual
55980,Women,,,Casual
55981,Girls,,,Casual
55982,Women,,,Casual
55983,Men,,,Casual
55984,Men,,,Casual
55985,Men,,,Casual
55986,Men,,,Casual
55987,Girls,,,Casual
55988,Girls,,,Casual
55989,Women,,,Casual
55990,Girls,,,Casual
55991,Women,,,Casual
55992,Women,,,Casual
55993,Women,,,Casual
55994,Men,,,Casual
55995,Girls,,,Casual
55996,Women,,,Casual
55997,Women,,,Casual
55998,Men,,,Casual
55999,Men,,,Casual
56000,Men,,,Casual
56001,Men,,,Casual
56002,Men,,,Casual
56003,Men,,,Casual
56004,Women,,,Casual
56005,Girls,,,Casual
56006,Girls,,,Casual
56007,Men,,,Casual
56008,Men,,,Casual
56009,Women,,,Casual
56010,Men,,,Casual
56011,Men,,,Casual
56012,Men,,,Casual
56013,Men,,,Casual
56014,Men,,,Casual
56015,Men,,,Casual
56016,Women,,,Casual
56017,Women,,,Casual
56018,Men,,,Casual
56019,Men,,,Casual
56020,Men,,,Casual
56021,Men,,,Casual
56022,Men,,,Casual
56023,Men,,,Casual
56024,Girls,,,Casual
56025,Men,,,Casual
56026,Men,,,Casual
56027,Men,,,Casual
56028,Men,,,Casual
56029,Men,,,Casual
56030,Men,,,Casual
56031,Men,,,Casual
56032,Men,,,Casual
56033,Men,,,Casual
56034,Men,,,Casual
56035,Men,,,Casual
56036,Men,,,Casual
56037,Men,,,Casual
56038,Men,,,Casual
56039,Women,,,Casual
56040,Men,,,Casual
56041,Men,,,Formal
56042,Men,,,Casual
56043,Men,,,Casual
56044,Men,,,Casual
56045,Men,,,Casual
56046,Men,,,Casual
56047,Men,,,Casual
56048,Men,,,Casual
56049,Men,,,Formal
56050,Men,,,Casual
56051,Men,,,Casual
56052,Women,,,Casual
56053,Women,,,Casual
56054,Women,,,Casual
56055,Women,,,Casual
56056,Women,,,Casual
56057,Women,,,Casual
56058,Women,,,Casual
56059,Women,,,Casual
56060,Women,,,Casual
56061,Women,,,Casual
56062,Women,,,Casual
56063,Women,,,Casual
56064,Women,,,Casual
56065,Women,,,Casual
56066,Women,,,Casual
56067,Women,,,Casual
56068,Women,,,Casual
56069,Men,,,Casual
56070,Women,,,Casual
56071,Women,,,Casual
56072,Women,,,Casual
56073,Women,,,Casual
56074,Men,,,Formal
56075,Men,,,Casual
56076,Men,,,Casual
56077,Women,,,Casual
56078,Women,,,Casual
56079,Women,,,Casual
56080,Men,,,Casual
56081,Women,,,Casual
56082,Women,,,Casual
56083,Men,,,Casual
56084,Men,,,Casual
56085,Women,,,Casual
56086,Women,,,Casual
56087,Women,,,Casual
56088,Men,,,Casual
56089,Women,,,Casual
56090,Women,,,Casual
56091,Women,,,Casual
56092,Men,,,Casual
56093,Women,,,Casual
56094,Men,,,Casual
56095,Women,,,Casual
56096,Men,,,Casual
56097,Men,,,Casual
56098,Women,,,Casual
56099,Men,,,Casual
56100,Women,,,Casual
56101,Men,,,Casual
56102,Men,,,Casual
56103,Women,,,Casual
56104,Men,,,Casual
56105,Women,,,Casual
56106,Men,,,Casual
56107,Men,,,Casual
56108,Men,,,Casual
56109,Women,,,Casual
56110,Women,,,Casual
56111,Women,,,Casual
56112,Women,,,Casual
56113,Women,,,Casual
56114,Women,,,Casual
56115,Women,,,Casual
56116,Women,,,Casual
56117,Women,,,Casual
56118,Women,,,Casual
56119,Women,,,Casual
56120,Women,,,Casual
56121,Men,,,Casual
56122,Girls,,,Casual
56123,Girls,,,Casual
56124,Girls,,,Casual
56125,Women,,,Casual
56126,Women,,,Casual
56127,Men,,,Casual
56128,Men,,,Casual
56129,Women,,,Casual
56133,Women,,,Casual
56134,Women,,,Casual
56135,Men,,,Casual
56136,Men,,,Casual
56137,Men,,,Casual
56138,Women,,,Casual
56139,Women,,,Casual
56140,Men,,,Casual
56141,Women,,,Casual
56142,Women,,,Casual
56143,Women,,,Casual
56144,Women,,,Casual
56145,Women,,,Casual
56146,Women,,,Casual
56147,Women,,,Casual
56148,Women,,,Casual
56149,Women,,,Casual
56150,Women,,,Casual
56151,Women,,,Casual
56152,Women,,,Casual
56153,Men,,,Formal
56154,Women,,,Casual
56155,Men,,,Casual
56156,Men,,,Casual
56157,Women,,,Casual
56158,Women,,,Casual
56159,Women,,,Casual
56160,Women,,,Casual
56161,Women,,,Casual
56162,Men,,,Formal
56164,Women,,,Casual
56165,Women,,,Casual
56166,Women,,,Casual
56167,Men,,,Casual
56168,Women,,,Casual
56170,Women,,,Casual
56171,Men,,,Casual
56172,Women,,,Casual
56173,Men,,,Casual
56174,Men,,,Casual
56175,Men,,,Casual
56176,Men,,,Casual
56177,Men,,,Casual
56178,Women,,,Casual
56179,Women,,,Casual
56180,Women,,,Casual
56181,Girls,,,Casual
56182,Girls,,,Casual
56183,Girls,,,Casual
56184,Girls,,,Casual
56185,Women,,,Casual
56186,Women,,,Casual
56187,Women,,,Casual
56188,Women,,,Casual
56189,Men,,,Casual
56190,Women,,,Casual
56191,Women,,,Casual
56192,Women,,,Casual
56193,Women,,,Casual
56194,Women,,,Casual
56195,Women,,,Casual
56196,Women,,,Casual
56198,Women,,,Casual
56199,Women,,,Casual
56201,Women,,,Casual
56202,Women,,,Casual
56203,Women,,,Casual
56205,Women,,,Casual
56206,Women,,,Casual
56207,Women,,,Casual
56208,Women,,,Casual
56209,Women,,,Casual
56210,Women,,,Casual
56211,Women,,,Casual
56212,Women,,,Casual
56213,Women,,,Casual
56214,Women,,,Casual
56215,Women,,,Casual
56216,Women,,,Casual
56217,Women,,,Casual
56218,Women,,,Casual
56219,Women,,,Casual
56220,Women,,,Casual
56221,Women,,,Casual
56222,Women,,,Casual
56223,Women,,,Casual
56224,Women,,,Casual
56225,Women,,,Ethnic
56226,Women,,,Casual
56227,Women,,,Casual
56228,Women,,,Casual
56229,Women,,,Casual
56230,Women,,,Casual
56231,Women,,,Casual
56232,Women,,,Casual
56233,Women,,,Casual
56234,Women,,,Casual
56235,Women,,,Casual
56236,Women,,,Casual
56237,Women,,,Casual
56238,Women,,,Ethnic
56239,Women,,,Casual
56240,Women,,,Casual
56241,Women,,,Casual
56243,Women,,,Casual
56244,Women,,,Casual
56245,Women,,,Casual
56247,Women,,,Casual
56248,Women,,,Casual
56249,Women,,,Casual
56250,Women,,,Casual
56251,Women,,,Casual
56252,Women,,,Casual
56253,Women,,,Casual
56254,Women,,,Casual
56255,Women,,,Casual
56256,Women,,,Casual
56257,Women,,,Casual
56258,Women,,,Casual
56260,Women,,,Casual
56261,Women,,,Ethnic
56262,Women,,,Casual
56263,Women,,,Casual
56265,Women,,,Casual
56266,Women,,,Casual
56267,Women,,,Casual
56268,Women,,,Casual
56269,Women,,,Casual
56270,Women,,,Casual
56271,Women,,,Casual
56272,Women,,,Casual
56273,Women,,,Casual
56274,Women,,,Casual
56275,Women,,,Casual
56276,Women,,,Casual
56277,Women,,,Casual
56278,Women,,,Casual
56279,Women,,,Casual
56280,Women,,,Casual
56281,Women,,,Casual
56282,Women,,,Casual
56283,Women,,,Casual
56284,Women,,,Casual
56285,Women,,,Casual
56286,Women,,,Casual
56287,Women,,,Casual
56288,Women,,,Casual
56289,Women,,,Casual
56290,Men,,,Casual
56291,Men,,,Sports
56292,Women,,,Casual
56293,Women,,,Casual
56294,Women,,,Casual
56295,Women,,,Casual
56296,Men,,,Casual
56297,Men,,,Sports
56298,Men,,,Casual
56299,Women,,,Casual
56300,Women,,,Casual
56301,Women,,,Casual
56302,Women,,,Casual
56303,Men,,,Casual
56304,Men,,,Casual
56305,Men,,,Casual
56306,Women,,,Casual
56307,Women,,,Casual
56308,Men,,,Casual
56309,Women,,,Casual
56310,Women,,,Casual
56311,Women,,,Casual
56312,Women,,,Casual
56313,Men,,,Casual
56314,Men,,,Casual
56315,Women,,,Casual
56316,Women,,,Casual
56317,Women,,,Casual
56318,Women,,,Casual
56319,Men,,,Casual
56320,Women,,,Casual
56321,Women,,,Casual
56322,Women,,,Casual
56323,Women,,,Casual
56324,Women,,,Casual
56326,Men,,,Casual
56327,Men,,,Casual
56329,Women,,,Casual
56330,Men,,,Casual
56331,Women,,,Casual
56332,Men,,,Casual
56333,Men,,,Casual
56335,Men,,,Casual
56336,Men,,,Casual
56337,Men,,,Casual
56338,Women,,,Casual
56339,Men,,,Casual
56340,Men,,,Casual
56341,Men,,,Casual
56342,Men,,,Casual
56343,Men,,,Casual
56344,Men,,,Formal
56346,Women,,,Casual
56348,Men,,,Casual
56349,Women,,,Casual
56351,Women,,,Casual
56352,Men,,,Casual
56353,Men,,,Casual
56354,Women,,,Casual
56355,Women,,,Casual
56356,Women,,,Casual
56359,Women,,,Casual
56360,Women,,,Casual
56361,Women,,,Casual
56362,Women,,,Casual
56363,Women,,,Casual
56364,Women,,,Casual
56365,Men,,,Casual
56366,Women,,,Casual
56367,Women,,,Casual
56368,Men,,,Casual
56375,Women,,,Casual
56376,Girls,,,Casual
56377,Women,,,Casual
56378,Women,,,Casual
56379,Women,,,Casual
56380,Women,,,Casual
56381,Women,,,Casual
56385,Women,,,Casual
56386,Women,,,Casual
56388,Women,,,Casual
56389,Women,,,Casual
56390,Women,,,Casual
56391,Women,,,Casual
56392,Women,,,Casual
56393,Men,,,Casual
56394,Women,,,Casual
56395,Women,,,Casual
56402,Women,,,Casual
56403,Women,,,Casual
56404,Women,,,Casual
56405,Women,,,Casual
56406,Women,,,Casual
56407,Women,,,Casual
56410,Men,,,Casual
56411,Men,,,Casual
56412,Men,,,Casual
56413,Men,,,Casual
56414,Men,,,Casual
56415,Men,,,Casual
56416,Women,,,Casual
56417,Women,,,Casual
56418,Women,,,Casual
56419,Women,,,Casual
56420,Women,,,Casual
56421,Women,,,Casual
56422,Women,,,Casual
56423,Women,,,Casual
56424,Women,,,Casual
56425,Women,,,Casual
56427,Women,,,Casual
56428,Women,,,Casual
56429,Women,,,Casual
56432,Women,,,Casual
56436,Women,,,Casual
56440,Women,,,Casual
56443,Women,,,Casual
56444,Women,,,Casual
56446,Women,,,Casual
56447,Women,,,Casual
56448,Women,,,Casual
56450,Women,,,Casual
56451,Women,,,Casual
56452,Women,,,Casual
56454,Women,,,Casual
56455,Women,,,Casual
56456,Women,,,Casual
56458,Women,,,Casual
56460,Women,,,Casual
56461,Women,,,Casual
56462,Women,,,Casual
56463,Women,,,Casual
56464,Women,,,Casual
56465,Women,,,Casual
56466,Women,,,Casual
56467,Women,,,Casual
56468,Women,,,Casual
56469,Women,,,Casual
56470,Women,,,Casual
56471,Women,,,Casual
56472,Men,,,Casual
56473,Women,,,Casual
56474,Women,,,Casual
56475,Women,,,Casual
56476,Women,,,Casual
56477,Women,,,Casual
56478,Women,,,Casual
56479,Women,,,Casual
56480,Women,,,Casual
56481,Women,,,Casual
56482,Women,,,Casual
56483,Women,,,Casual
56484,Women,,,Casual
56485,Men,,,Casual
56486,Women,,,Casual
56488,Women,,,Casual
56489,Women,,,Casual
56490,Women,,,Casual
56491,Women,,,Casual
56492,Men,,,Casual
56493,Women,,,Casual
56494,Women,,,Casual
56495,Women,,,Casual
56496,Women,,,Casual
56497,Women,,,Casual
56498,Women,,,Casual
56499,Women,,,Casual
56500,Women,,,Casual
56501,Women,,,Casual
56502,Women,,,Casual
56503,Women,,,Casual
56504,Women,,,Casual
56505,Women,,,Casual
56506,Men,,,Casual
56507,Men,,,Casual
56508,Women,,,Casual
56509,Women,,,Casual
56511,Women,,,Casual
56512,Women,,,Casual
56513,Women,,,Casual
56515,Women,,,Casual
56516,Women,,,Casual
56517,Women,,,Casual
56518,Women,,,Casual
56519,Women,,,Casual
56520,Women,,,Casual
56521,Women,,,Casual
56522,Women,,,Casual
56523,Women,,,Casual
56524,Women,,,Casual
56525,Women,,,Casual
56526,Women,,,Casual
56527,Men,,,Casual
56528,Women,,,Casual
56529,Women,,,Casual
56530,Women,,,Casual
56531,Women,,,Casual
56532,Women,,,Casual
56533,Women,,,Casual
56534,Women,,,Casual
56535,Women,,,Casual
56536,Women,,,Casual
56537,Women,,,Casual
56539,Women,,,Casual
56540,Women,,,Casual
56541,Women,,,Casual
56542,Women,,,Casual
56543,Men,,,Casual
56544,Men,,,Casual
56545,Men,,,Casual
56546,Women,,,Casual
56547,Men,,,Casual
56548,Men,,,Casual
56549,Men,,,Casual
56550,Men,,,Casual
56551,Women,,,Casual
56553,Women,,,Casual
56554,Women,,,Casual
56555,Women,,,Casual
56556,Women,,,Casual
56558,Women,,,Casual
56559,Women,,,Casual
56560,Women,,,Casual
56561,Women,,,Casual
56562,Women,,,Casual
56563,Women,,,Casual
56564,Women,,,Casual
56565,Women,,,Casual
56566,Men,,,Casual
56568,Women,,,Casual
56569,Women,,,Casual
56570,Women,,,Casual
56571,Girls,,,Casual
56572,Boys,,,Casual
56573,Girls,,,Casual
56574,Women,,,Casual
56575,Girls,,,Casual
56576,Girls,,,Casual
56579,Women,,,Casual
56580,Women,,,Casual
56581,Men,,,Casual
56582,Women,,,Casual
56583,Women,,,Casual
56584,Women,,,Casual
56585,Women,,,Casual
56588,Men,,,Casual
56590,Boys,,,Casual
56591,Boys,,,Casual
56592,Women,,,Casual
56593,Men,,,Casual
56594,Men,,,Casual
56597,Men,,,Casual
56598,Men,,,Casual
56599,Men,,,Casual
56600,Men,,,Casual
56601,Women,,,Casual
56602,Women,,,Casual
56603,Women,,,Casual
56604,Men,,,Casual
56605,Men,,,Casual
56606,Women,,,Casual
56607,Women,,,Casual
56608,Women,,,Casual
56609,Girls,,,Casual
56610,Girls,,,Casual
56611,Women,,,Casual
56612,Women,,,Casual
56613,Women,,,Casual
56614,Women,,,Casual
56615,Women,,,Casual
56616,Women,,,Casual
56617,Girls,,,Casual
56618,Women,,,Casual
56619,Women,,,Casual
56620,Women,,,Casual
56622,Women,,,Casual
56624,Women,,,Casual
56626,Women,,,Casual
56627,Men,,,Casual
56631,Women,,,Casual
56632,Women,,,Casual
56634,Women,,,Casual
56638,Women,,,Ethnic
56639,Women,,,Casual
56640,Women,,,Casual
56642,Women,,,Casual
56643,Women,,,Casual
56646,Women,,,Casual
56647,Men,,,Formal
56649,Women,,,Casual
56650,Women,,,Casual
56651,Women,,,Casual
56652,Men,,,Formal
56653,Men,,,Casual
56654,Men,,,Casual
56655,Men,,,Casual
56656,Men,,,Casual
56657,Men,,,Casual
56658,Men,,,Casual
56659,Men,,,Formal
56660,Men,,,Casual
56661,Men,,,Casual
56662,Women,,,Casual
56663,Men,,,Casual
56664,Men,,,Casual
56665,Men,,,Casual
56666,Men,,,Casual
56667,Women,,,Casual
56668,Men,,,Casual
56669,Men,,,Casual
56670,Men,,,Casual
56671,Women,,,Casual
56672,Women,,,Casual
56673,Men,,,Casual
56674,Women,,,Casual
56675,Unisex,,,Casual
56676,Men,,,Casual
56677,Women,,,Casual
56678,Men,,,Casual
56679,Women,,,Casual
56680,Women,,,Casual
56681,Men,,,Casual
56682,Men,,,Casual
56684,Women,,,Ethnic
56685,Women,,,Ethnic
56686,Women,,,Ethnic
56687,Men,,,Casual
56688,Women,,,Casual
56689,Men,,,Casual
56691,Women,,,Ethnic
56692,Men,,,Casual
56693,Men,,,Casual
56694,Men,,,Casual
56695,Men,,,Casual
56696,Men,,,Casual
56697,Men,,,Casual
56698,Men,,,Casual
56699,Men,,,Casual
56700,Men,,,Casual
56701,Men,,,Casual
56702,Men,,,Casual
56703,Men,,,Casual
56704,Men,,,Casual
56705,Women,,,Casual
56709,Women,,,Casual
56711,Women,,,Ethnic
56713,Women,,,Ethnic
56714,Women,,,Ethnic
56715,Women,,,Ethnic
56718,Women,,,Ethnic
56720,Men,,,Casual
56721,Men,,,Casual
56722,Men,,,Casual
56723,Men,,,Casual
56724,Men,,,Casual
56725,Men,,,Casual
56733,Men,,,Casual
56734,Women,,,Casual
56736,Men,,,Casual
56752,Men,,,Casual
56753,Men,,,Casual
56765,Men,,,Casual
56769,Men,,,Casual
56770,Men,,,Casual
56771,Men,,,Casual
56787,Men,,,Casual
56795,Women,,,Casual
56798,Men,,,Casual
56805,Women,,,Casual
56806,Women,,,Ethnic
56807,Women,,,Ethnic
56808,Women,,,Casual
56809,Women,,,Ethnic
56810,Women,,,Casual
56811,Women,,,Ethnic
56812,Women,,,Casual
56813,Women,,,Ethnic
56814,Women,,,Casual
56815,Women,,,Casual
56816,Men,,,Casual
56817,Men,,,Casual
56818,Women,,,Casual
56819,Men,,,Casual
56820,Men,,,Casual
56821,Women,,,Casual
56822,Women,,,Casual
56825,Men,,,Casual
56827,Men,,,Casual
56828,Women,,,Casual
56829,Women,,,Casual
56843,Women,,,Casual
56844,Women,,,Casual
56845,Men,,,Casual
56846,Women,,,Casual
56847,Women,,,Casual
56849,Women,,,Casual
56850,Men,,,Casual
56852,Women,,,Casual
56854,Men,,,Casual
56855,Men,,,Casual
56856,Men,,,Casual
56857,Men,,,Casual
56858,Men,,,Casual
56859,Women,,,Casual
56860,Women,,,Casual
56861,Women,,,Casual
56862,Women,,,Casual
56863,Women,,,Casual
56864,Women,,,Casual
56865,Women,,,Casual
56866,Women,,,Casual
56867,Women,,,Casual
56868,Women,,,Casual
56869,Women,,,Casual
56870,Women,,,Casual
56871,Women,,,Casual
56872,Women,,,Casual
56873,Women,,,Casual
56874,Women,,,Casual
56875,Women,,,Casual
56876,Women,,,Casual
56877,Women,,,Casual
56878,Women,,,Casual
56879,Women,,,Casual
56880,Women,,,Casual
56881,Women,,,Casual
56882,Women,,,Casual
56883,Women,,,Casual
56884,Women,,,Casual
56885,Women,,,Casual
56886,Women,,,Casual
56887,Women,,,Casual
56888,Women,,,Casual
56889,Women,,,Casual
56890,Women,,,Casual
56891,Women,,,Casual
56893,Women,,,Casual
56894,Women,,,Casual
56895,Women,,,Casual
56896,Women,,,Casual
56897,Women,,,Casual
56898,Women,,,Casual
56899,Women,,,Casual
56900,Women,,,Casual
56901,Women,,,Casual
56902,Women,,,Casual
56903,Women,,,Casual
56904,Women,,,Casual
56905,Women,,,Casual
56906,Women,,,Casual
56907,Women,,,Casual
56908,Women,,,Casual
56909,Women,,,Casual
56910,Women,,,Casual
56911,Women,,,Casual
56912,Women,,,Casual
56913,Women,,,Casual
56914,Women,,,Casual
56915,Women,,,Casual
56916,Women,,,Casual
56917,Women,,,Casual
56918,Women,,,Casual
56919,Women,,,Casual
56920,Women,,,Casual
56921,Women,,,Casual
56922,Women,,,Casual
56923,Women,,,Casual
56924,Women,,,Casual
56925,Women,,,Casual
56926,Women,,,Casual
56927,Women,,,Casual
56928,Women,,,Casual
56929,Women,,,Casual
56930,Women,,,Casual
56931,Women,,,Casual
56932,Women,,,Casual
56933,Women,,,Casual
56934,Women,,,Casual
56935,Women,,,Casual
56936,Women,,,Casual
56937,Women,,,Casual
56938,Women,,,Casual
56939,Women,,,Casual
56940,Women,,,Casual
56941,Women,,,Casual
56942,Women,,,Casual
56943,Women,,,Casual
56944,Women,,,Casual
56945,Women,,,Casual
56946,Women,,,Casual
56947,Women,,,Casual
56948,Women,,,Casual
56949,Women,,,Casual
56950,Women,,,Casual
56951,Women,,,Casual
56952,Women,,,Casual
56953,Women,,,Casual
56954,Women,,,Casual
56955,Women,,,Casual
56956,Women,,,Casual
56957,Men,,,Casual
56958,Men,,,Casual
56959,Women,,,Casual
56960,Women,,,Casual
56961,Women,,,Casual
56962,Women,,,Casual
56963,Women,,,Casual
56964,Women,,,Casual
56965,Women,,,Casual
56966,Women,,,Casual
56967,Women,,,Casual
56968,Women,,,Casual
56969,Women,,,Casual
56970,Women,,,Casual
56971,Women,,,Casual
56972,Women,,,Casual
56973,Women,,,Casual
56974,Women,,,Casual
56975,Women,,,Casual
56976,Women,,,Casual
56977,Women,,,Casual
56978,Women,,,Casual
56979,Women,,,Casual
56980,Women,,,Casual
56981,Women,,,Casual
56982,Women,,,Casual
56983,Women,,,Casual
56984,Women,,,Casual
56985,Women,,,Casual
56986,Women,,,Casual
56987,Women,,,Casual
56988,Women,,,Casual
56989,Women,,,Casual
56990,Women,,,Casual
56991,Women,,,Casual
56992,Women,,,Casual
56993,Women,,,Casual
56994,Women,,,Casual
56995,Women,,,Casual
56996,Women,,,Casual
56997,Women,,,Casual
56998,Women,,,Casual
56999,Women,,,Casual
57000,Women,,,Casual
57001,Women,,,Casual
57002,Women,,,Casual
57003,Women,,,Casual
57004,Women,,,Casual
57005,Women,,,Casual
57006,Women,,,Casual
57007,Women,,,Casual
57008,Women,,,Casual
57009,Women,,,Casual
57010,Women,,,Casual
57011,Women,,,Casual
57012,Women,,,Casual
57013,Women,,,Casual
57014,Women,,,Casual
57015,Men,,,Casual
57016,Men,,,Casual
57017,Men,,,Casual
57018,Women,,,Casual
57019,Women,,,Casual
57021,Men,,,Casual
57022,Men,,,Casual
57023,Men,,,Casual
57024,Men,,,Casual
57025,Men,,,Casual
57026,Men,,,Casual
57027,Women,,,Casual
57028,Men,,,Casual
57029,Men,,,Casual
57030,Women,,,Ethnic
57031,Women,,,Ethnic
57032,Women,,,Casual
57033,Men,,,Casual
57034,Women,,,Casual
57035,Women,,,Ethnic
57036,Women,,,Casual
57037,Women,,,Casual
57038,Women,,,Ethnic
57039,Women,,,Ethnic
57040,Women,,,Ethnic
57041,Women,,,Ethnic
57042,Women,,,Casual
57043,Women,,,Ethnic
57044,Women,,,Ethnic
57045,Women,,,Casual
57046,Women,,,Casual
57047,Women,,,Ethnic
57048,Women,,,Ethnic
57049,Women,,,Ethnic
57050,Women,,,Ethnic
57051,Women,,,Casual
57052,Women,,,Casual
57053,Women,,,Casual
57054,Women,,,Casual
57055,Women,,,Casual
57056,Women,,,Casual
57057,Women,,,Ethnic
57058,Women,,,Casual
57059,Women,,,Ethnic
57060,Women,,,Ethnic
57061,Women,,,Ethnic
57062,Women,,,Casual
57063,Women,,,Casual
57064,Women,,,Casual
57065,Women,,,Ethnic
57066,Men,,,Casual
57067,Women,,,Casual
57068,Women,,,Casual
57069,Women,,,Casual
57070,Women,,,Casual
57071,Women,,,Casual
57072,Women,,,Casual
57073,Women,,,Casual
57074,Women,,,Casual
57075,Women,,,Casual
57076,Women,,,Casual
57077,Women,,,Casual
57078,Women,,,Casual
57079,Women,,,Ethnic
57080,Women,,,Casual
57081,Men,,,Casual
57082,Women,,,Casual
57083,Women,,,Casual
57084,Women,,,Casual
57085,Men,,,Casual
57086,Women,,,Casual
57087,Women,,,Casual
57088,Women,,,Casual
57089,Women,,,Casual
57090,Women,,,Casual
57091,Women,,,Casual
57092,Women,,,Casual
57093,Women,,,Casual
57094,Women,,,Casual
57095,Women,,,Casual
57096,Women,,,Casual
57097,Women,,,Casual
57099,Women,,,Casual
57100,Women,,,Casual
57101,Women,,,Casual
57102,Women,,,Casual
57103,Women,,,Casual
57104,Women,,,Casual
57105,Women,,,Casual
57106,Women,,,Casual
57107,Men,,,Casual
57108,Men,,,Casual
57109,Women,,,Casual
57110,Men,,,Casual
57111,Men,,,Casual
57112,Women,,,Casual
57114,Women,,,Casual
57115,Women,,,Ethnic
57116,Women,,,Casual
57117,Women,,,Formal
57118,Men,,,Casual
57119,Women,,,Ethnic
57120,Women,,,Casual
57121,Men,,,Casual
57122,Women,,,Casual
57123,Women,,,Casual
57124,Women,,,Casual
57125,Men,,,Casual
57126,Women,,,Casual
57127,Women,,,Formal
57128,Women,,,Casual
57129,Women,,,Casual
57130,Women,,,Casual
57131,Women,,,Casual
57132,Women,,,Casual
57133,Women,,,Casual
57134,Women,,,Casual
57135,Women,,,Ethnic
57136,Women,,,Casual
57137,Women,,,Casual
57138,Men,,,Casual
57139,Men,,,Casual
57140,Women,,,Casual
57141,Men,,,Casual
57142,Men,,,Casual
57143,Women,,,Formal
57144,Women,,,Casual
57145,Women,,,Casual
57146,Women,,,Casual
57147,Women,,,Casual
57148,Women,,,Casual
57149,Women,,,Ethnic
57150,Women,,,Casual
57151,Women,,,Casual
57152,Women,,,Casual
57153,Women,,,Casual
57154,Women,,,Casual
57155,Women,,,Casual
57156,Women,,,Casual
57157,Women,,,Casual
57158,Women,,,Casual
57159,Men,,,Casual
57160,Women,,,Casual
57161,Women,,,Casual
57162,Women,,,Casual
57163,Women,,,Casual
57164,Women,,,Casual
57165,Women,,,Casual
57166,Women,,,Casual
57167,Men,,,Casual
57168,Women,,,Casual
57169,Women,,,Casual
57170,Women,,,Casual
57171,Women,,,Casual
57172,Women,,,Casual
57173,Women,,,Ethnic
57174,Women,,,Casual
57175,Women,,,Casual
57176,Women,,,Casual
57177,Women,,,Ethnic
57178,Women,,,Casual
57179,Women,,,Casual
57180,Women,,,Ethnic
57181,Women,,,Casual
57182,Women,,,Casual
57183,Women,,,Casual
57184,Women,,,Ethnic
57185,Women,,,Casual
57186,Women,,,Casual
57187,Women,,,Casual
57188,Women,,,Ethnic
57189,Women,,,Casual
57190,Women,,,Casual
57191,Women,,,Casual
57192,Men,,,Casual
57193,Women,,,Ethnic
57194,Women,,,Casual
57195,Women,,,Ethnic
57196,Women,,,Ethnic
57197,Women,,,Casual
57198,Men,,,Casual
57199,Women,,,Casual
57200,Women,,,Casual
57201,Women,,,Casual
57202,Women,,,Casual
57203,Women,,,Casual
57204,Women,,,Casual
57205,Women,,,Casual
57207,Women,,,Casual
57208,Women,,,Casual
57209,Women,,,Casual
57210,Women,,,Casual
57211,Women,,,Casual
57212,Women,,,Casual
57213,Women,,,Casual
57214,Women,,,Casual
57215,Women,,,Casual
57216,Women,,,Casual
57217,Women,,,Casual
57218,Women,,,Casual
57225,Women,,,Casual
57226,Women,,,Casual
57229,Women,,,Casual
57230,Women,,,Casual
57231,Women,,,Casual
57235,Women,,,Casual
57236,Women,,,Casual
57237,Women,,,Casual
57238,Women,,,Casual
57239,Women,,,Casual
57240,Women,,,Casual
57241,Women,,,Casual
57242,Women,,,Casual
57243,Women,,,Casual
57244,Women,,,Casual
57246,Women,,,Casual
57247,Women,,,Casual
57252,Women,,,Casual
57253,Women,,,Casual
57254,Women,,,Casual
57255,Women,,,Casual
57256,Women,,,Casual
57258,Women,,,Casual
57259,Women,,,Casual
57261,Women,,,Casual
57262,Women,,,Casual
57263,Women,,,Casual
57264,Women,,,Casual
57266,Women,,,Casual
57268,Men,,,Casual
57273,Men,,,Casual
57274,Men,,,Casual
57275,Men,,,Casual
57276,Men,,,Casual
57277,Men,,,Casual
57280,Women,,,Casual
57281,Men,,,Casual
57282,Men,,,Casual
57283,Women,,,Casual
57284,Men,,,Casual
57285,Men,,,Casual
57286,Men,,,Casual
57287,Men,,,Casual
57288,Men,,,Casual
57289,Men,,,Casual
57290,Men,,,Casual
57291,Men,,,Casual
57292,Men,,,Casual
57293,Men,,,Casual
57294,Men,,,Casual
57295,Men,,,Casual
57296,Men,,,Casual
57297,Men,,,Casual
57298,Women,,,Casual
57299,Women,,,Casual
57300,Women,,,Casual
57301,Women,,,Casual
57302,Women,,,Casual
57303,Women,,,Casual
57304,Women,,,Casual
57305,Women,,,Casual
57306,Women,,,Casual
57307,Women,,,Casual
57308,Women,,,Casual
57309,Women,,,Casual
57310,Men,,,Casual
57311,Women,,,Casual
57312,Women,,,Casual
57313,Men,,,Casual
57316,Men,,,Casual
57318,Women,,,Casual
57319,Men,,,Casual
57320,Women,,,Casual
57321,Women,,,Casual
57322,Men,,,Casual
57323,Women,,,Casual
57324,Women,,,Casual
57325,Women,,,Casual
57326,Women,,,Casual
57327,Women,,,Casual
57328,Men,,,Casual
57329,Men,,,Casual
57330,Women,,,Casual
57331,Women,,,Casual
57333,Men,,,Casual
57334,Women,,,Casual
57335,Men,,,Casual
57336,Women,,,Casual
57338,Women,,,Casual
57339,Women,,,Casual
57340,Women,,,Casual
57342,Women,,,Casual
57343,Women,,,Casual
57344,Women,,,Casual
57345,Women,,,Casual
57346,Women,,,Casual
57347,Women,,,Casual
57348,Women,,,Casual
57349,Women,,,Casual
57350,Women,,,Casual
57351,Women,,,Casual
57352,Women,,,Casual
57353,Men,,,Casual
57354,Men,,,Casual
57355,Men,,,Casual
57356,Women,,,Casual
57357,Women,,,Casual
57358,Women,,,Casual
57359,Women,,,Casual
57360,Women,,,Casual
57361,Women,,,Casual
57362,Women,,,Casual
57363,Women,,,Casual
57365,Men,,,Casual
57366,Men,,,Casual
57367,Men,,,Casual
57368,Men,,,Casual
57369,Men,,,Casual
57370,Men,,,Casual
57371,Men,,,Casual
57372,Men,,,Casual
57373,Men,,,Casual
57374,Men,,,Casual
57375,Men,,,Casual
57376,Women,,,Casual
57378,Men,,,Casual
57379,Men,,,Casual
57380,Men,,,Casual
57382,Men,,,Casual
57383,Men,,,Casual
57384,Men,,,Casual
57388,Men,,,Casual
57389,Women,,,Casual
57390,Men,,,Casual
57391,Men,,,Casual
57392,Men,,,Casual
57393,Men,,,Casual
57395,Men,,,Casual
57397,Men,,,Casual
57398,Men,,,Casual
57399,Men,,,Casual
57400,Women,,,Casual
57401,Men,,,Casual
57402,Men,,,Casual
57403,Men,,,Casual
57404,Men,,,Casual
57405,Men,,,Casual
57406,Men,,,Casual
57407,Men,,,Casual
57408,Men,,,Casual
57409,Men,,,Casual
57410,Men,,,Casual
57411,Men,,,Casual
57412,Women,,,Casual
57413,Men,,,Casual
57414,Men,,,Casual
57415,Men,,,Casual
57416,Women,,,Casual
57418,Women,,,Ethnic
57419,Women,,,Casual
57420,Women,,,Casual
57421,Women,,,Casual
57422,Women,,,Casual
57423,Men,,,Casual
57424,Women,,,Casual
57425,Men,,,Casual
57426,Men,,,Casual
57427,Women,,,Casual
57428,Women,,,Casual
57429,Women,,,Casual
57430,Women,,,Casual
57431,Women,,,Casual
57432,Women,,,Casual
57433,Women,,,Casual
57434,Women,,,Casual
57435,Women,,,Casual
57436,Women,,,Casual
57437,Women,,,Casual
57438,Women,,,Casual
57439,Women,,,Casual
57440,Women,,,Casual
57441,Women,,,Casual
57442,Women,,,Casual
57443,Women,,,Casual
57444,Women,,,Casual
57445,Men,,,Casual
57446,Women,,,Casual
57447,Women,,,Casual
57448,Women,,,Casual
57449,Women,,,Casual
57450,Women,,,Casual
57457,Women,,,Casual
57458,Women,,,Casual
57459,Women,,,Casual
57462,Women,,,Casual
57463,Men,,,Casual
57466,Women,,,Casual
57467,Women,,,Casual
57468,Men,,,Casual
57469,Men,,,Casual
57470,Men,,,Casual
57471,Men,,,Casual
57475,Men,,,Casual
57476,Men,,,Formal
57477,Women,,,Casual
57478,Men,,,Casual
57479,Men,,,Casual
57480,Women,,,Casual
57481,Men,,,Casual
57482,Men,,,Casual
57483,Men,,,Casual
57484,Men,,,Casual
57487,Men,,,Formal
57488,Men,,,Formal
57489,Men,,,Formal
57490,Men,,,Formal
57491,Men,,,Formal
57492,Men,,,Casual
57493,Men,,,Formal
57494,Men,,,Casual
57495,Men,,,Formal
57496,Men,,,Formal
57497,Men,,,Casual
57498,Men,,,Formal
57499,Men,,,Formal
57500,Men,,,Casual
57501,Men,,,Casual
57502,Men,,,Casual
57503,Men,,,Casual
57504,Men,,,Casual
57505,Men,,,Casual
57506,Men,,,Casual
57507,Men,,,Casual
57508,Men,,,Casual
57509,Men,,,Casual
57510,Men,,,Formal
57511,Men,,,Formal
57512,Men,,,Formal
57513,Men,,,Formal
57514,Men,,,Formal
57515,Men,,,Formal
57516,Men,,,Formal
57517,Men,,,Formal
57518,Men,,,Formal
57519,Men,,,Casual
57520,Men,,,Formal
57521,Men,,,Formal
57522,Men,,,Casual
57523,Men,,,Casual
57524,Men,,,Formal
57525,Men,,,Casual
57526,Men,,,Formal
57527,Men,,,Formal
57528,Men,,,Formal
57529,Men,,,Formal
57530,Men,,,Formal
57531,Men,,,Casual
57532,Men,,,Casual
57533,Men,,,Casual
57534,Men,,,Casual
57536,Men,,,Casual
57539,Men,,,Casual
57543,Women,,,Casual
57544,Women,,,Casual
57545,Women,,,Casual
57547,Women,,,Casual
57548,Women,,,Casual
57549,Men,,,Casual
57550,Women,,,Casual
57552,Women,,,Casual
57553,Women,,,Casual
57554,Women,,,Casual
57555,Women,,,Casual
57556,Women,,,Casual
57557,Women,,,Casual
57558,Women,,,Casual
57559,Women,,,Casual
57560,Women,,,Casual
57561,Women,,,Casual
57562,Women,,,Casual
57563,Men,,,Casual
57566,Women,,,Casual
57567,Men,,,Casual
57568,Girls,,,Casual
57569,Women,,,Casual
57570,Women,,,Casual
57571,Women,,,Casual
57572,Women,,,Casual
57573,Women,,,Casual
57574,Girls,,,Casual
57575,Women,,,Casual
57576,Women,,,Casual
57577,Girls,,,Casual
57578,Women,,,Casual
57579,Women,,,Casual
57580,Women,,,Casual
57581,Men,,,Casual
57582,Women,,,Casual
57583,Women,,,Casual
57584,Women,,,Casual
57586,Women,,,Casual
57587,Women,,,Casual
57588,Women,,,Casual
57589,Women,,,Casual
57591,Women,,,Casual
57592,Women,,,Casual
57593,Women,,,Casual
57594,Women,,,Casual
57595,Women,,,Casual
57596,Women,,,Casual
57597,Women,,,Casual
57598,Women,,,Casual
57599,Women,,,Casual
57600,Women,,,Casual
57601,Women,,,Casual
57603,Women,,,Casual
57604,Women,,,Casual
57605,Women,,,Casual
57606,Women,,,Casual
57607,Women,,,Casual
57608,Women,,,Casual
57609,Women,,,Casual
57610,Men,,,Casual
57611,Women,,,Casual
57613,Women,,,Casual
57614,Women,,,Casual
57615,Women,,,Casual
57616,Women,,,Casual
57617,Women,,,Casual
57619,Women,,,Casual
57620,Women,,,Casual
57621,Women,,,Casual
57622,Women,,,Casual
57623,Women,,,Casual
57624,Women,,,Casual
57625,Women,,,Casual
57627,Women,,,Casual
57628,Women,,,Casual
57629,Women,,,Casual
57630,Women,,,Casual
57631,Men,,,Casual
57632,Men,,,Casual
57633,Men,,,Casual
57634,Men,,,Casual
57635,Men,,,Casual
57636,Men,,,Casual
57637,Men,,,Casual
57638,Men,,,Casual
57639,Women,,,Casual
57640,Men,,,Casual
57642,Men,,,Casual
57643,Men,,,Casual
57644,Men,,,Casual
57645,Men,,,Casual
57646,Men,,,Casual
57647,Men,,,Casual
57649,Men,,,Casual
57650,Men,,,Casual
57651,Men,,,Casual
57652,Men,,,Casual
57653,Men,,,Casual
57654,Men,,,Casual
57655,Men,,,Casual
57656,Women,,,Casual
57657,Men,,,Casual
57658,Men,,,Casual
57660,Men,,,Casual
57661,Men,,,Casual
57662,Men,,,Casual
57664,Men,,,Casual
57667,Men,,,Casual
57668,Men,,,Casual
57669,Men,,,Casual
57670,Men,,,Casual
57671,Men,,,Casual
57672,Men,,,Casual
57673,Men,,,Casual
57674,Women,,,Casual
57675,Women,,,Casual
57676,Women,,,Casual
57677,Women,,,Casual
57678,Women,,,Casual
57679,Women,,,Casual
57681,Women,,,Casual
57683,Women,,,Casual
57685,Women,,,Casual
57687,Women,,,Casual
57689,Women,,,Casual
57690,Women,,,Casual
57691,Women,,,Casual
57692,Women,,,Casual
57694,Women,,,Casual
57696,Women,,,Casual
57697,Women,,,Casual
57698,Women,,,Casual
57699,Women,,,Casual
57700,Women,,,Casual
57701,Women,,,Casual
57702,Women,,,Casual
57703,Women,,,Casual
57704,Women,,,Casual
57705,Women,,,Casual
57706,Women,,,Casual
57707,Women,,,Casual
57708,Men,,,Casual
57709,Men,,,Casual
57710,Men,,,Casual
57711,Men,,,Casual
57712,Men,,,Casual
57713,Women,,,Casual
57714,Women,,,Casual
57715,Women,,,Casual
57716,Men,,,Casual
57717,Women,,,Casual
57718,Women,,,Casual
57719,Women,,,Casual
57720,Women,,,Casual
57721,Men,,,Casual
57724,Women,,,Casual
57725,Women,,,Casual
57727,Men,,,Casual
57728,Women,,,Casual
57729,Women,,,Casual
57730,Women,,,Casual
57731,Women,,,Casual
57732,Women,,,Casual
57733,Women,,,Casual
57734,Women,,,Casual
57735,Women,,,Casual
57736,Women,,,Casual
57737,Women,,,Casual
57738,Women,,,Casual
57739,Women,,,Casual
57740,Women,,,Casual
57741,Women,,,Casual
57742,Women,,,Casual
57743,Women,,,Casual
57744,Women,,,Casual
57745,Women,,,Casual
57746,Women,,,Casual
57747,Women,,,Casual
57749,Women,,,Casual
57750,Women,,,Casual
57752,Women,,,Casual
57753,Women,,,Casual
57754,Women,,,Casual
57755,Women,,,Casual
57756,Women,,,Casual
57757,Men,,,Casual
57758,Women,,,Casual
57759,Men,,,Casual
57760,Women,,,Casual
57761,Women,,,Casual
57762,Women,,,Casual
57763,Women,,,Casual
57764,Women,,,Casual
57765,Women,,,Casual
57766,Women,,,Casual
57767,Women,,,Casual
57768,Women,,,Casual
57770,Women,,,Casual
57771,Men,,,Casual
57772,Women,,,Casual
57773,Women,,,Casual
57774,Women,,,Casual
57776,Girls,,,Casual
57777,Girls,,,Casual
57778,Boys,,,Casual
57779,Boys,,,Casual
57780,Women,,,Casual
57781,Women,,,Casual
57782,Women,,,Casual
57783,Women,,,Casual
57784,Women,,,Casual
57785,Women,,,Casual
57786,Women,,,Casual
57787,Women,,,Casual
57788,Women,,,Casual
57789,Women,,,Casual
57790,Women,,,Casual
57791,Women,,,Casual
57792,Women,,,Casual
57793,Women,,,Casual
57794,Women,,,Casual
57795,Women,,,Casual
57796,Women,,,Casual
57798,Women,,,Casual
57800,Women,,,Casual
57801,Women,,,Casual
57802,Women,,,Casual
57803,Girls,,,Casual
57804,Boys,,,Casual
57805,Boys,,,Casual
57810,Women,,,Casual
57811,Women,,,Casual
57812,Women,,,Ethnic
57815,Women,,,Casual
57816,Women,,,Ethnic
57817,Men,,,Casual
57818,Women,,,Casual
57819,Women,,,Ethnic
57820,Women,,,Casual
57823,Women,,,Casual
57824,Women,,,Casual
57832,Women,,,Casual
57833,Men,,,Casual
57834,Men,,,Casual
57835,Women,,,Casual
57836,Women,,,Casual
57837,Men,,,Casual
57838,Women,,,Casual
57845,Women,,,Casual
57846,Women,,,Casual
57847,Women,,,Casual
57849,Women,,,Casual
57850,Women,,,Casual
57851,Men,,,Sports
57852,Women,,,Casual
57853,Women,,,Casual
57854,Women,,,Casual
57855,Women,,,Casual
57856,Women,,,Casual
57857,Women,,,Casual
57858,Women,,,Casual
57859,Women,,,Casual
57860,Men,,,Casual
57861,Women,,,Casual
57862,Men,,,Casual
57863,Men,,,Casual
57864,Men,,,Casual
57865,Men,,,Casual
57866,Men,,,Casual
57867,Men,,,Casual
57868,Women,,,Casual
57869,Men,,,Casual
57870,Men,,,Casual
57871,Women,,,Casual
57872,Men,,,Casual
57873,Men,,,Casual
57874,Men,,,Casual
57875,Men,,,Casual
57876,Men,,,Casual
57877,Women,,,Casual
57878,Men,,,Casual
57879,Men,,,Casual
57880,Men,,,Casual
57881,Men,,,Casual
57883,Men,,,Casual
57884,Men,,,Casual
57885,Men,,,Casual
57886,Men,,,Casual
57887,Women,,,Casual
57888,Men,,,Casual
57889,Men,,,Casual
57890,Women,,,Casual
57891,Men,,,Formal
57892,Women,,,Casual
57893,Women,,,Casual
57894,Women,,,Casual
57895,Women,,,Ethnic
57896,Women,,,Casual
57897,Women,,,Casual
57898,Women,,,Casual
57899,Women,,,Casual
57906,Women,,,Casual
57907,Men,,,Casual
57908,Women,,,Casual
57909,Men,,,Casual
57910,Men,,,Casual
57911,Men,,,Casual
57912,Men,,,Casual
57913,Unisex,,,Casual
57914,Women,,,Casual
57915,Men,,,Casual
57916,Men,,,Casual
57917,Women,,,Casual
57918,Men,,,Sports
57919,Men,,,Casual
57920,Women,,,Casual
57921,Men,,,Casual
57922,Women,,,Casual
57923,Women,,,Casual
57924,Women,,,Casual
57925,Women,,,Casual
57930,Men,,,Casual
57931,Men,,,Casual
57932,Men,,,Casual
57933,Men,,,Casual
57934,Men,,,Casual
57935,Men,,,Casual
57936,Men,,,Sports
57937,Men,,,Sports
57938,Men,,,Casual
57939,Men,,,Casual
57940,Men,,,Casual
57941,Men,,,Formal
57942,Men,,,Casual
57943,Men,,,Casual
57944,Men,,,Casual
57945,Men,,,Casual
57946,Men,,,Casual
57947,Men,,,Casual
57948,Men,,,Casual
57949,Men,,,Casual
57950,Men,,,Formal
57952,Women,,,Casual
57953,Women,,,Ethnic
57954,Men,,,Casual
57956,Women,,,Casual
57957,Women,,,Ethnic
57958,Women,,,Casual
57959,Men,,,Casual
57960,Women,,,Casual
57961,Women,,,Ethnic
57962,Women,,,Casual
57963,Women,,,Casual
57964,Men,,,Casual
57965,Women,,,Ethnic
57966,Women,,,Casual
57967,Women,,,Ethnic
57968,Women,,,Ethnic
57969,Women,,,Ethnic
57970,Women,,,Casual
57971,Women,,,Casual
57972,Women,,,Ethnic
57973,Women,,,Ethnic
57974,Women,,,Casual
57975,Women,,,Ethnic
57976,Women,,,Casual
57980,Boys,,,Casual
57981,Women,,,Casual
57982,Women,,,Casual
57983,Women,,,Casual
57985,Women,,,Casual
57986,Women,,,Ethnic
57987,Women,,,Casual
57988,Women,,,Ethnic
57989,Women,,,Ethnic
57990,Women,,,Ethnic
57991,Women,,,Ethnic
57992,Men,,,Casual
57993,Women,,,Casual
57994,Women,,,Casual
57995,Women,,,Casual
57996,Women,,,Ethnic
57997,Women,,,Casual
57998,Women,,,Casual
57999,Women,,,Casual
58000,Women,,,Casual
58001,Women,,,Casual
58002,Women,,,Ethnic
58003,Women,,,Ethnic
58004,Women,,,Casual
58005,Women,,,Casual
58006,Women,,,Ethnic
58007,Women,,,Casual
58008,Women,,,Casual
58009,Women,,,Casual
58010,Women,,,Casual
58011,Women,,,Casual
58012,Women,,,Casual
58013,Women,,,Casual
58014,Women,,,Casual
58015,Women,,,Casual
58016,Women,,,Casual
58017,Women,,,Casual
58018,Women,,,Casual
58020,Women,,,Casual
58022,Women,,,Casual
58023,Women,,,Casual
58024,Women,,,Casual
58027,Men,,,Casual
58028,Women,,,Casual
58030,Women,,,Casual
58032,Women,,,Casual
58035,Men,,,Casual
58037,Women,,,Casual
58039,Women,,,Casual
58041,Women,,,Casual
58042,Women,,,Casual
58044,Women,,,Casual
58045,Women,,,Casual
58046,Women,,,Casual
58049,Women,,,Casual
58050,Women,,,Casual
58051,Women,,,Casual
58052,Women,,,Casual
58053,Women,,,Casual
58057,Women,,,Casual
58058,Men,,,Casual
58059,Women,,,Casual
58060,Women,,,Casual
58061,Women,,,Casual
58062,Women,,,Casual
58063,Women,,,Casual
58071,Women,,,Casual
58072,Men,,,Casual
58073,Women,,,Casual
58074,Women,,,Casual
58075,Women,,,Casual
58076,Women,,,Casual
58078,Women,,,Casual
58085,Women,,,Casual
58086,Women,,,Casual
58087,Women,,,Casual
58093,Women,,,Casual
58096,Women,,,Casual
58097,Women,,,Casual
58098,Women,,,Casual
58099,Men,,,Casual
58100,Men,,,Casual
58104,Women,,,Casual
58107,Women,,,Casual
58108,Women,,,Casual
58109,Men,,,Casual
58110,Women,,,Casual
58111,Women,,,Casual
58112,Women,,,Casual
58115,Women,,,Casual
58116,Women,,,Casual
58117,Women,,,Casual
58118,Women,,,Casual
58121,Women,,,Casual
58123,Women,,,Casual
58128,Women,,,Casual
58129,Women,,,Casual
58131,Women,,,Casual
58132,Women,,,Casual
58133,Women,,,Casual
58135,Women,,,Casual
58136,Women,,,Casual
58137,Women,,,Casual
58138,Men,,,Casual
58139,Women,,,Casual
58140,Women,,,Casual
58141,Women,,,Casual
58143,Unisex,,,Casual
58144,Unisex,,,Casual
58145,Unisex,,,Casual
58146,Unisex,,,Casual
58147,Women,,,Casual
58148,Women,,,Casual
58149,Women,,,Casual
58150,Men,,,Casual
58151,Men,,,Casual
58152,Men,,,Casual
58153,Men,,,Casual
58154,Men,,,Casual
58155,Women,,,Casual
58156,Women,,,Casual
58157,Women,,,Casual
58158,Women,,,Casual
58159,Women,,,Casual
58160,Women,,,Casual
58161,Women,,,Casual
58162,Women,,,Casual
58163,Women,,,Casual
58164,Women,,,Casual
58165,Women,,,Casual
58166,Women,,,Casual
58167,Women,,,Casual
58168,Women,,,Casual
58169,Women,,,Casual
58170,Women,,,Casual
58171,Women,,,Casual
58172,Women,,,Casual
58173,Women,,,Casual
58174,Women,,,Casual
58175,Women,,,Casual
58176,Women,,,Casual
58177,Women,,,Casual
58178,Women,,,Casual
58179,Women,,,Casual
58180,Women,,,Casual
58181,Women,,,Casual
58182,Women,,,Casual
58183,Women,,,Casual
58184,Women,,,Casual
58185,Women,,,Casual
58186,Women,,,Casual
58187,Women,,,Casual
58188,Women,,,Casual
58189,Women,,,Casual
58190,Women,,,Casual
58191,Women,,,Casual
58194,Women,,,Casual
58195,Women,,,Casual
58196,Women,,,Casual
58200,Men,,,Casual
58201,Men,,,Casual
58202,Men,,,Casual
58203,Men,,,Casual
58204,Men,,,Casual
58205,Men,,,Casual
58206,Men,,,Casual
58207,Men,,,Casual
58208,Men,,,Casual
58209,Men,,,Casual
58210,Men,,,Casual
58211,Men,,,Casual
58212,Men,,,Casual
58213,Men,,,Casual
58214,Men,,,Casual
58215,Men,,,Casual
58216,Men,,,Casual
58218,Women,,,Casual
58220,Women,,,Casual
58222,Women,,,Casual
58225,Women,,,Casual
58226,Men,,,Formal
58227,Men,,,Formal
58229,Men,,,Casual
58231,Women,,,Casual
58232,Men,,,Casual
58233,Men,,,Casual
58234,Women,,,Casual
58235,Men,,,Casual
58236,Women,,,Casual
58237,Women,,,Casual
58238,Women,,,Casual
58239,Women,,,Casual
58240,Women,,,Casual
58241,Women,,,Casual
58242,Women,,,Casual
58243,Women,,,Casual
58244,Men,,,Casual
58245,Women,,,Casual
58246,Women,,,Casual
58247,Women,,,Casual
58248,Women,,,Casual
58249,Women,,,Casual
58250,Women,,,Casual
58251,Women,,,Casual
58252,Women,,,Casual
58253,Women,,,Casual
58254,Women,,,Casual
58255,Women,,,Casual
58256,Women,,,Casual
58257,Women,,,Casual
58258,Women,,,Casual
58259,Women,,,Casual
58260,Women,,,Casual
58261,Women,,,Casual
58262,Women,,,Casual
58263,Women,,,Casual
58264,Women,,,Casual
58265,Women,,,Casual
58266,Women,,,Casual
58267,Women,,,Casual
58268,Women,,,Casual
58269,Women,,,Casual
58270,Women,,,Casual
58271,Women,,,Casual
58272,Women,,,Casual
58273,Women,,,Casual
58274,Women,,,Casual
58275,Women,,,Casual
58276,Women,,,Casual
58277,Women,,,Casual
58278,Women,,,Casual
58279,Women,,,Casual
58280,Women,,,Casual
58281,Men,,,Casual
58282,Men,,,Casual
58283,Women,,,Casual
58284,Women,,,Casual
58286,Men,,,Casual
58291,Men,,,Casual
58292,Men,,,Casual
58293,Men,,,Casual
58294,Men,,,Casual
58295,Men,,,Casual
58296,Men,,,Casual
58297,Men,,,Casual
58298,Men,,,Casual
58299,Men,,,Casual
58300,Men,,,Casual
58301,Women,,,Casual
58304,Men,,,Casual
58305,Men,,,Casual
58306,Men,,,Casual
58307,Men,,,Casual
58308,Men,,,Casual
58309,Men,,,Casual
58310,Men,,,Casual
58311,Men,,,Casual
58312,Men,,,Casual
58313,Women,,,Casual
58314,Women,,,Casual
58315,Women,,,Casual
58316,Women,,,Casual
58317,Women,,,Casual
58318,Women,,,Casual
58319,Women,,,Casual
58320,Women,,,Casual
58321,Women,,,Casual
58322,Women,,,Casual
58323,Men,,,Casual
58324,Women,,,Casual
58325,Men,,,Casual
58326,Women,,,Casual
58327,Women,,,Casual
58328,Women,,,Casual
58329,Women,,,Casual
58330,Men,,,Casual
58331,Women,,,Casual
58332,Men,,,Casual
58333,Women,,,Casual
58334,Men,,,Casual
58335,Men,,,Casual
58336,Men,,,Casual
58337,Women,,,Casual
58338,Women,,,Casual
58339,Women,,,Casual
58340,Women,,,Casual
58349,Men,,,Casual
58351,Men,,,Casual
58357,Men,,,Casual
58358,Men,,,Casual
58372,Women,,,Casual
58375,Men,,,Casual
58381,Men,,,Casual
58385,Men,,,Casual
58394,Men,,,Casual
58395,Men,,,Casual
58411,Men,,,Casual
58418,Women,,,Casual
58425,Women,,,Casual
58439,Women,,,Casual
58444,Women,,,Casual
58445,Women,,,Casual
58446,Women,,,Ethnic
58447,Men,,,Casual
58448,Men,,,Casual
58449,Men,,,Casual
58450,Men,,,Casual
58451,Men,,,Casual
58452,Men,,,Casual
58453,Men,,,Casual
58454,Men,,,Casual
58455,Women,,,Casual
58456,Men,,,Casual
58458,Boys,,,Casual
58459,Boys,,,Casual
58460,Boys,,,Casual
58463,Men,,,Casual
58464,Men,,,Casual
58465,Men,,,Casual
58466,Men,,,Casual
58467,Men,,,Casual
58468,Women,,,Casual
58470,Men,,,Casual
58471,Men,,,Casual
58472,Men,,,Casual
58473,Men,,,Casual
58474,Men,,,Casual
58475,Men,,,Casual
58476,Men,,,Casual
58477,Men,,,Casual
58478,Men,,,Casual
58479,Men,,,Casual
58480,Men,,,Casual
58481,Men,,,Casual
58482,Men,,,Casual
58483,Men,,,Casual
58484,Men,,,Casual
58485,Men,,,Casual
58486,Men,,,Casual
58487,Men,,,Casual
58488,Women,,,Casual
58489,Women,,,Casual
58490,Women,,,Casual
58491,Women,,,Casual
58492,Women,,,Casual
58493,Women,,,Casual
58494,Women,,,Casual
58495,Men,,,Casual
58496,Men,,,Casual
58497,Women,,,Casual
58498,Women,,,Casual
58499,Women,,,Casual
58500,Women,,,Casual
58501,Women,,,Ethnic
58502,Women,,,Ethnic
58503,Women,,,Casual
58504,Women,,,Ethnic
58505,Women,,,Casual
58506,Men,,,Casual
58507,Women,,,Casual
58508,Women,,,Casual
58509,Women,,,Casual
58510,Women,,,Casual
58511,Men,,,Casual
58512,Men,,,Casual
58513,Women,,,Casual
58514,Women,,,Casual
58515,Men,,,Casual
58516,Women,,,Casual
58517,Women,,,Casual
58518,Men,,,Casual
58519,Men,,,Casual
58520,Women,,,Casual
58521,Men,,,Casual
58522,Unisex,,,Casual
58523,Women,,,Casual
58524,Women,,,Casual
58525,Women,,,Casual
58526,Men,,,Casual
58527,Men,,,Casual
58528,Men,,,Casual
58529,Men,,,Casual
58530,Men,,,Casual
58531,Men,,,Casual
58532,Men,,,Casual
58533,Men,,,Casual
58534,Men,,,Casual
58535,Men,,,Casual
58536,Men,,,Casual
58537,Men,,,Casual
58538,Men,,,Casual
58539,Men,,,Casual
58540,Men,,,Casual
58541,Men,,,Casual
58542,Men,,,Casual
58543,Men,,,Casual
58544,Men,,,Casual
58545,Men,,,Casual
58546,Women,,,Casual
58547,Men,,,Casual
58548,Women,,,Casual
58549,Men,,,Casual
58550,Men,,,Casual
58551,Men,,,Casual
58552,Men,,,Casual
58553,Men,,,Casual
58555,Men,,,Casual
58559,Men,,,Casual
58560,Women,,,Casual
58561,Women,,,Casual
58562,Women,,,Casual
58563,Men,,,Casual
58565,Men,,,Casual
58566,Men,,,Casual
58567,Women,,,Casual
58569,Men,,,Casual
58570,Men,,,Casual
58571,Women,,,Casual
58573,Men,,,Casual
58574,Women,,,Casual
58576,Women,,,Casual
58577,Men,,,Casual
58581,Men,,,Casual
58586,Women,,,Casual
58588,Women,,,Casual
58589,Women,,,Casual
58590,Men,,,Casual
58591,Women,,,Casual
58600,Women,,,Casual
58603,Women,,,Casual
58605,Women,,,Casual
58606,Women,,,Casual
58607,Women,,,Casual
58608,Women,,,Casual
58609,Women,,,Casual
58610,Women,,,Casual
58611,Women,,,Casual
58612,Women,,,Casual
58614,Women,,,Casual
58615,Women,,,Casual
58616,Women,,,Casual
58618,Women,,,Casual
58619,Women,,,Casual
58620,Women,,,Casual
58621,Women,,,Casual
58622,Women,,,Casual
58624,Boys,,,Casual
58625,Women,,,Casual
58626,Men,,,Casual
58627,Men,,,Casual
58628,Women,,,Casual
58629,Women,,,Casual
58634,Women,,,Casual
58635,Men,,,Casual
58636,Men,,,Casual
58637,Men,,,Casual
58638,Men,,,Casual
58639,Men,,,Casual
58640,Men,,,Casual
58641,Men,,,Casual
58642,Men,,,Casual
58643,Women,,,Casual
58644,Women,,,Casual
58645,Women,,,Ethnic
58646,Women,,,Casual
58647,Women,,,Ethnic
58648,Women,,,Casual
58652,Women,,,Casual
58653,Women,,,Ethnic
58654,Women,,,Ethnic
58655,Women,,,Ethnic
58656,Women,,,Casual
58657,Women,,,Ethnic
58658,Women,,,Ethnic
58659,Women,,,Ethnic
58660,Women,,,Casual
58661,Women,,,Ethnic
58662,Men,,,Casual
58663,Women,,,Ethnic
58664,Women,,,Ethnic
58666,Women,,,Ethnic
58667,Women,,,Ethnic
58668,Women,,,Casual
58669,Women,,,Ethnic
58670,Women,,,Casual
58671,Women,,,Ethnic
58672,Women,,,Ethnic
58673,Women,,,Ethnic
58674,Women,,,Ethnic
58675,Women,,,Ethnic
58676,Women,,,Casual
58677,Women,,,Ethnic
58678,Women,,,Ethnic
58680,Women,,,Ethnic
58681,Women,,,Ethnic
58682,Women,,,Ethnic
58683,Women,,,Ethnic
58684,Women,,,Ethnic
58685,Women,,,Casual
58686,Women,,,Ethnic
58687,Women,,,Ethnic
58689,Women,,,Ethnic
58690,Women,,,Ethnic
58691,Women,,,Ethnic
58692,Women,,,Ethnic
58693,Women,,,Ethnic
58694,Women,,,Ethnic
58695,Women,,,Ethnic
58696,Women,,,Ethnic
58698,Women,,,Casual
58700,Women,,,Ethnic
58701,Women,,,Casual
58702,Women,,,Casual
58703,Women,,,Ethnic
58718,Women,,,Ethnic
58719,Women,,,Casual
58720,Men,,,Casual
58722,Men,,,Casual
58723,Men,,,Casual
58724,Men,,,Casual
58725,Women,,,Casual
58726,Men,,,Casual
58727,Women,,,Casual
58728,Women,,,Casual
58729,Women,,,Casual
58730,Women,,,Casual
58731,Women,,,Casual
58732,Men,,,Casual
58734,Men,,,Casual
58735,Women,,,Casual
58736,Women,,,Casual
58737,Women,,,Ethnic
58738,Women,,,Casual
58740,Men,,,Casual
58741,Men,,,Casual
58742,Men,,,Casual
58743,Men,,,Casual
58744,Men,,,Casual
58745,Women,,,Casual
58765,Men,,,Casual
58770,Men,,,Casual
58793,Men,,,Casual
58794,Men,,,Casual
58795,Men,,,Casual
58796,Men,,,Casual
58797,Men,,,Casual
58798,Men,,,Casual
58800,Men,,,Casual
58801,Men,,,Casual
58802,Men,,,Formal
58805,Men,,,Casual
58807,Men,,,Casual
58808,Men,,,Casual
58809,Men,,,Formal
58810,Men,,,Casual
58815,Women,,,Casual
58816,Women,,,Casual
58817,Women,,,Casual
58818,Women,,,Casual
58819,Women,,,Casual
58820,Men,,,Casual
58821,Men,,,Casual
58822,Men,,,Casual
58823,Men,,,Casual
58825,Women,,,Casual
58827,Men,,,Casual
58828,Women,,,Casual
58829,Women,,,Casual
58830,Men,,,Casual
58831,Women,,,Casual
58832,Women,,,Casual
58833,Women,,,Casual
58834,Women,,,Casual
58835,Women,,,Casual
58836,Women,,,Casual
58837,Women,,,Casual
58838,Women,,,Casual
58839,Women,,,Casual
58840,Women,,,Casual
58841,Women,,,Casual
58842,Women,,,Casual
58843,Women,,,Casual
58844,Men,,,Casual
58845,Women,,,Casual
58846,Women,,,Casual
58847,Women,,,Casual
58848,Men,,,Casual
58849,Women,,,Casual
58850,Women,,,Casual
58851,Women,,,Casual
58852,Women,,,Casual
58853,Women,,,Casual
58854,Women,,,Casual
58855,Women,,,Casual
58856,Women,,,Casual
58857,Men,,,Casual
58858,Women,,,Casual
58859,Men,,,Casual
58860,Women,,,Casual
58861,Women,,,Casual
58862,Women,,,Casual
58863,Women,,,Casual
58864,Women,,,Casual
58865,Women,,,Casual
58867,Women,,,Casual
58868,Women,,,Casual
58869,Women,,,Casual
58870,Women,,,Casual
58871,Women,,,Casual
58872,Men,,,Casual
58873,Men,,,Casual
58874,Men,,,Casual
58875,Men,,,Casual
58876,Men,,,Casual
58877,Men,,,Casual
58878,Men,,,Casual
58879,Men,,,Casual
58880,Women,,,Casual
58881,Men,,,Formal
58882,Men,,,Casual
58883,Men,,,Casual
58884,Women,,,Casual
58885,Men,,,Casual
58886,Women,,,Casual
58887,Women,,,Casual
58888,Women,,,Casual
58889,Men,,,Casual
58890,Men,,,Casual
58891,Women,,,Casual
58892,Men,,,Casual
58893,Men,,,Casual
58894,Men,,,Casual
58895,Men,,,Casual
58896,Men,,,Casual
58897,Men,,,Formal
58898,Men,,,Casual
58899,Men,,,Casual
58900,Men,,,Casual
58901,Men,,,Casual
58902,Men,,,Casual
58903,Men,,,Casual
58904,Men,,,Casual
58905,Men,,,Casual
58906,Men,,,Casual
58907,Men,,,Casual
58908,Men,,,Formal
58909,Men,,,Casual
58910,Men,,,Casual
58911,Men,,,Casual
58912,Men,,,Casual
58913,Men,,,Casual
58914,Men,,,Casual
58915,Men,,,Formal
58916,Men,,,Casual
58917,Men,,,Casual
58918,Men,,,Casual
58919,Men,,,Casual
58920,Men,,,Casual
58921,Men,,,Casual
58922,Men,,,Casual
58923,Men,,,Casual
58924,Men,,,Casual
58925,Women,,,Casual
58926,Men,,,Casual
58928,Women,,,Casual
58931,Women,,,Casual
58932,Women,,,Casual
58934,Men,,,Casual
58935,Women,,,Casual
58937,Men,,,Casual
58939,Men,,,Casual
58940,Women,,,Casual
58941,Women,,,Casual
58942,Women,,,Casual
58943,Women,,,Casual
58944,Women,,,Casual
58945,Women,,,Casual
58946,Women,,,Casual
58947,Women,,,Casual
58948,Women,,,Casual
58949,Women,,,Casual
58950,Women,,,Casual
58951,Men,,,Casual
58952,Men,,,Casual
58954,Men,,,Casual
58955,Men,,,Casual
58956,Men,,,Casual
58958,Men,,,Casual
58959,Men,,,Casual
58960,Women,,,Casual
58961,Women,,,Casual
58962,Women,,,Casual
58963,Men,,,Casual
58964,Men,,,Casual
58965,Men,,,Casual
58966,Women,,,Casual
58967,Men,,,Casual
58968,Women,,,Casual
58969,Men,,,Casual
58970,Women,,,Casual
58971,Women,,,Casual
58972,Women,,,Casual
58973,Men,,,Casual
58974,Women,,,Casual
58975,Women,,,Casual
58976,Women,,,Casual
58977,Women,,,Casual
58978,Men,,,Casual
58979,Men,,,Casual
58980,Women,,,Casual
58981,Men,,,Casual
58982,Women,,,Casual
58983,Women,,,Casual
58984,Women,,,Casual
58985,Women,,,Casual
58986,Women,,,Casual
58987,Women,,,Casual
58988,Women,,,Casual
58989,Women,,,Casual
58990,Women,,,Casual
58991,Men,,,Casual
58992,Men,,,Casual
59002,Women,,,Casual
59003,Women,,,Casual
59004,Women,,,Casual
59005,Women,,,Casual
59006,Women,,,Casual
59008,Women,,,Sports
59010,Men,,,Casual
59011,Men,,,Sports
59012,Men,,,Casual
59013,Men,,,Casual
59014,Men,,,Sports
59015,Men,,,Sports
59016,Men,,,Casual
59017,Men,,,Casual
59018,Women,,,Casual
59019,Women,,,Casual
59020,Women,,,Casual
59021,Women,,,Casual
59022,Women,,,Casual
59023,Women,,,Casual
59024,Women,,,Casual
59025,Women,,,Casual
59026,Women,,,Casual
59027,Women,,,Casual
59028,Women,,,Casual
59029,Women,,,Casual
59030,Women,,,Casual
59031,Women,,,Casual
59032,Women,,,Casual
59033,Women,,,Casual
59034,Women,,,Casual
59035,Women,,,Casual
59036,Women,,,Casual
59037,Women,,,Casual
59038,Women,,,Casual
59039,Women,,,Casual
59040,Women,,,Casual
59042,Women,,,Casual
59043,Women,,,Casual
59044,Women,,,Casual
59045,Women,,,Casual
59046,Women,,,Casual
59047,Women,,,Casual
59048,Women,,,Casual
59049,Women,,,Casual
59050,Women,,,Casual
59051,Women,,,Casual
59052,Women,,,Casual
59053,Women,,,Casual
59054,Women,,,Casual
59055,Women,,,Casual
59056,Women,,,Casual
59058,Women,,,Casual
59059,Women,,,Ethnic
59060,Women,,,Ethnic
59061,Women,,,Ethnic
59062,Women,,,Casual
59063,Women,,,Casual
59064,Women,,,Casual
59065,Women,,,Casual
59066,Women,,,Casual
59067,Women,,,Casual
59068,Women,,,Casual
59069,Men,,,Casual
59070,Women,,,Casual
59071,Men,,,Casual
59072,Women,,,Casual
59073,Women,,,Casual
59074,Women,,,Casual
59075,Men,,,Casual
59076,Women,,,Casual
59077,Men,,,Casual
59078,Men,,,Casual
59079,Men,,,Casual
59080,Women,,,Casual
59081,Women,,,Casual
59082,Women,,,Casual
59083,Women,,,Casual
59084,Women,,,Casual
59085,Men,,,Casual
59086,Men,,,Casual
59087,Women,,,Casual
59088,Women,,,Casual
59089,Men,,,Casual
59090,Women,,,Casual
59091,Men,,,Casual
59092,Women,,,Casual
59093,Women,,,Casual
59094,Women,,,Casual
59095,Men,,,Casual
59096,Women,,,Casual
59097,Women,,,Casual
59098,Men,,,Casual
59099,Women,,,Casual
59100,Women,,,Casual
59101,Men,,,Casual
59102,Men,,,Casual
59103,Men,,,Casual
59104,Men,,,Casual
59105,Men,,,Casual
59106,Men,,,Casual
59112,Men,,,Casual
59115,Men,,,Casual
59116,Men,,,Casual
59117,Men,,,Casual
59118,Men,,,Casual
59119,Men,,,Casual
59120,Men,,,Casual
59121,Men,,,Casual
59122,Men,,,Casual
59123,Men,,,Casual
59124,Men,,,Casual
59126,Men,,,Formal
59127,Men,,,Casual
59128,Men,,,Casual
59129,Men,,,Casual
59130,Men,,,Casual
59131,Men,,,Casual
59132,Men,,,Casual
59133,Men,,,Casual
59142,Women,,,Casual
59143,Women,,,Casual
59144,Women,,,Casual
59145,Men,,,Casual
59146,Women,,,Casual
59147,Women,,,Casual
59149,Men,,,Casual
59160,Men,,,Formal
59161,Men,,,Casual
59165,Women,,,Casual
59166,Men,,,Casual
59167,Men,,,Casual
59172,Men,,,Casual
59173,Men,,,Casual
59174,Men,,,Casual
59175,Men,,,Casual
59176,Men,,,Casual
59177,Men,,,Casual
59178,Men,,,Casual
59181,Men,,,Casual
59185,Men,,,Casual
59187,Women,,,Casual
59188,Women,,,Casual
59190,Men,,,Casual
59212,Women,,,Casual
59213,Men,,,Casual
59214,Women,,,Casual
59215,Men,,,Casual
59216,Men,,,Casual
59217,Men,,,Casual
59218,Men,,,Casual
59219,Men,,,Casual
59220,Women,,,Casual
59221,Men,,,Casual
59222,Women,,,Casual
59223,Women,,,Casual
59224,Women,,,Casual
59225,Women,,,Casual
59226,Women,,,Casual
59227,Men,,,Casual
59228,Women,,,Casual
59229,Women,,,Casual
59230,Men,,,Casual
59231,Women,,,Casual
59232,Men,,,Casual
59233,Women,,,Casual
59235,Boys,,,Casual
59236,Women,,,Casual
59237,Men,,,Casual
59238,Men,,,Casual
59239,Women,,,Casual
59240,Men,,,Casual
59241,Women,,,Casual
59242,Men,,,Casual
59243,Men,,,Casual
59244,Men,,,Casual
59245,Men,,,Casual
59246,Women,,,Casual
59247,Boys,,,Casual
59248,Men,,,Casual
59249,Men,,,Casual
59250,Men,,,Casual
59251,Men,,,Casual
59252,Women,,,Casual
59253,Women,,,Casual
59254,Women,,,Casual
59255,Men,,,Casual
59256,Men,,,Casual
59257,Women,,,Casual
59258,Women,,,Casual
59259,Women,,,Casual
59260,Women,,,Casual
59261,Women,,,Casual
59262,Women,,,Casual
59263,Women,,,Casual
59264,Women,,,Casual
59265,Women,,,Casual
59266,Men,,,Casual
59267,Women,,,Casual
59268,Men,,,Casual
59269,Women,,,Casual
59270,Men,,,Casual
59271,Women,,,Casual
59272,Women,,,Casual
59273,Women,,,Casual
59274,Women,,,Casual
59275,Men,,,Casual
59276,Men,,,Casual
59277,Women,,,Casual
59278,Women,,,Casual
59279,Women,,,Casual
59280,Women,,,Casual
59281,Men,,,Casual
59282,Unisex,,,Casual
59283,Women,,,Casual
59284,Women,,,Casual
59286,Women,,,Casual
59287,Women,,,Casual
59290,Women,,,Casual
59291,Men,,,Casual
59292,Women,,,Casual
59293,Women,,,Casual
59294,Men,,,Casual
59295,Men,,,Casual
59296,Men,,,Casual
59297,Men,,,Casual
59298,Men,,,Casual
59299,Men,,,Casual
59300,Men,,,Casual
59301,Men,,,Casual
59302,Men,,,Casual
59303,Men,,,Casual
59304,Men,,,Casual
59305,Men,,,Casual
59306,Men,,,Casual
59311,Men,,,Casual
59312,Men,,,Casual
59315,Women,,,Casual
59323,Men,,,Casual
59324,Men,,,Casual
59326,Women,,,Casual
59329,Men,,,Sports
59330,Men,,,Casual
59338,Women,,,Casual
59342,Men,,,Casual
59349,Men,,,Casual
59352,Women,,,Ethnic
59353,Women,,,Ethnic
59354,Women,,,Ethnic
59355,Women,,,Ethnic
59356,Women,,,Ethnic
59357,Women,,,Ethnic
59358,Women,,,Ethnic
59359,Women,,,Ethnic
59360,Women,,,Ethnic
59361,Women,,,Ethnic
59362,Women,,,Ethnic
59363,Women,,,Ethnic
59364,Women,,,Ethnic
59365,Women,,,Ethnic
59366,Women,,,Casual
59367,Women,,,Casual
59368,Women,,,Ethnic
59369,Women,,,Ethnic
59370,Women,,,Ethnic
59371,Women,,,Ethnic
59372,Women,,,Ethnic
59373,Women,,,Casual
59374,Women,,,Ethnic
59375,Women,,,Ethnic
59376,Women,,,Casual
59377,Women,,,Casual
59378,Women,,,Ethnic
59379,Women,,,Casual
59380,Women,,,Ethnic
59381,Women,,,Ethnic
59382,Women,,,Ethnic
59383,Women,,,Ethnic
59387,Women,,,Casual
59388,Women,,,Casual
59390,Men,,,Casual
59396,Men,,,Casual
59399,Women,,,Ethnic
59400,Women,,,Ethnic
59403,Women,,,Casual
59404,Women,,,Casual
59405,Women,,,Casual
59407,Women,,,Casual
59410,Men,,,Casual
59413,Women,,,Casual
59418,Women,,,Casual
59421,Women,,,Casual
59422,Women,,,Ethnic
59428,Women,,,Casual
59430,Women,,,Casual
59432,Women,,,Casual
59433,Women,,,Casual
59435,Men,,,Casual
59436,Women,,,Casual
59437,Women,,,Casual
59439,Men,,,Formal
59440,Men,,,Casual
59441,Men,,,Casual
59442,Men,,,Casual
59443,Men,,,Formal
59444,Men,,,Formal
59445,Men,,,Casual
59446,Men,,,Casual
59448,Men,,,Casual
59451,Men,,,Casual
59452,Men,,,Formal
59453,Men,,,Casual
59454,Men,,,Casual
59455,Men,,,Casual
59456,Men,,,Casual
59457,Men,,,Casual
59458,Men,,,Casual
59459,Men,,,Casual
59460,Women,,,Casual
59461,Women,,,Casual
59462,Men,,,Casual
59463,Women,,,Casual
59464,Women,,,Casual
59465,Women,,,Casual
59466,Men,,,Casual
59467,Women,,,Casual
59468,Men,,,Casual
59469,Women,,,Casual
59470,Women,,,Casual
59471,Women,,,Casual
59474,Women,,,Casual
59481,Women,,,Casual
59484,Women,,,Casual
59498,Women,,,Casual
59499,Women,,,Casual
59501,Women,,,Casual
59502,Women,,,Casual
59503,Women,,,Casual
59504,Women,,,Casual
59505,Women,,,Casual
59507,Women,,,Casual
59508,Women,,,Casual
59509,Women,,,Casual
59510,Women,,,Casual
59511,Women,,,Casual
59512,Women,,,Casual
59513,Women,,,Casual
59514,Women,,,Casual
59515,Women,,,Casual
59516,Women,,,Casual
59518,Women,,,Casual
59519,Men,,,Casual
59520,Women,,,Casual
59521,Women,,,Casual
59522,Women,,,Casual
59523,Women,,,Casual
59524,Women,,,Casual
59525,Women,,,Casual
59526,Women,,,Casual
59527,Women,,,Casual
59528,Women,,,Casual
59529,Women,,,Casual
59530,Women,,,Casual
59531,Women,,,Casual
59532,Women,,,Casual
59533,Women,,,Casual
59534,Women,,,Casual
59535,Women,,,Casual
59537,Women,,,Casual
59541,Women,,,Casual
59543,Women,,,Casual
59544,Women,,,Casual
59545,Women,,,Casual
59546,Women,,,Casual
59547,Women,,,Casual
59550,Women,,,Casual
59551,Women,,,Casual
59552,Women,,,Casual
59553,Women,,,Casual
59554,Women,,,Casual
59555,Women,,,Casual
59556,Women,,,Casual
59557,Women,,,Casual
59558,Women,,,Casual
59559,Women,,,Casual
59560,Women,,,Casual
59561,Women,,,Casual
59563,Women,,,Casual
59564,Women,,,Casual
59565,Women,,,Casual
59566,Men,,,Casual
59567,Men,,,Casual
59568,Men,,,Casual
59569,Women,,,Casual
59570,Women,,,Casual
59571,Women,,,Casual
59572,Women,,,Casual
59573,Women,,,Casual
59574,Women,,,Casual
59575,Women,,,Casual
59576,Women,,,Casual
59577,Women,,,Casual
59578,Women,,,Casual
59579,Women,,,Casual
59580,Women,,,Casual
59581,Women,,,Casual
59582,Men,,,Casual
59583,Women,,,Casual
59584,Women,,,Casual
59585,Women,,,Casual
59586,Women,,,Casual
59587,Women,,,Casual
59589,Women,,,Ethnic
59590,Women,,,Casual
59591,Women,,,Ethnic
59592,Women,,,Ethnic
59593,Women,,,Casual
59594,Women,,,Ethnic
59595,Women,,,Casual
59596,Women,,,Casual
59597,Women,,,Ethnic
59598,Women,,,Casual
59599,Women,,,Ethnic
59600,Women,,,Ethnic
59601,Women,,,Ethnic
59603,Women,,,Ethnic
59604,Women,,,Ethnic
59606,Women,,,Casual
59607,Women,,,Ethnic
59608,Women,,,Ethnic
59609,Women,,,Ethnic
59610,Women,,,Ethnic
59611,Women,,,Casual
59612,Women,,,Casual
59613,Women,,,Ethnic
59614,Women,,,Ethnic
59615,Women,,,Ethnic
59616,Women,,,Ethnic
59618,Women,,,Ethnic
59619,Women,,,Casual
59620,Women,,,Ethnic
59621,Women,,,Ethnic
59622,Women,,,Ethnic
59623,Women,,,Casual
59624,Women,,,Ethnic
59625,Women,,,Ethnic
59626,Women,,,Ethnic
59628,Women,,,Ethnic
59630,Women,,,Ethnic
59631,Women,,,Casual
59632,Women,,,Ethnic
59633,Women,,,Ethnic
59634,Women,,,Casual
59635,Women,,,Ethnic
59636,Women,,,Casual
59637,Women,,,Casual
59638,Women,,,Ethnic
59639,Women,,,Ethnic
59640,Women,,,Ethnic
59641,Women,,,Casual
59642,Women,,,Casual
59643,Women,,,Ethnic
59644,Women,,,Casual
59645,Women,,,Ethnic
59646,Women,,,Casual
59647,Women,,,Ethnic
59648,Women,,,Casual
59649,Women,,,Ethnic
59650,Women,,,Ethnic
59651,Women,,,Casual
59652,Women,,,Ethnic
59653,Women,,,Casual
59654,Women,,,Casual
59655,Women,,,Ethnic
59656,Women,,,Casual
59657,Women,,,Ethnic
59658,Women,,,Casual
59659,Women,,,Ethnic
59660,Women,,,Ethnic
59661,Women,,,Ethnic
59662,Women,,,Casual
59663,Women,,,Casual
59664,Women,,,Ethnic
59665,Women,,,Casual
59666,Women,,,Casual
59667,Women,,,Casual
59668,Women,,,Casual
59669,Women,,,Ethnic
59670,Women,,,Casual
59672,Women,,,Ethnic
59673,Women,,,Casual
59674,Women,,,Ethnic
59675,Women,,,Casual
59676,Women,,,Casual
59677,Men,,,Casual
59678,Men,,,Casual
59679,Men,,,Casual
59680,Men,,,Casual
59681,Men,,,Casual
59682,Women,,,Casual
59683,Men,,,Casual
59684,Men,,,Casual
59685,Men,,,Casual
59686,Women,,,Casual
59687,Men,,,Sports
59688,Women,,,Casual
59689,Women,,,Casual
59690,Women,,,Casual
59691,Women,,,Casual
59692,Women,,,Casual
59693,Women,,,Casual
59694,Women,,,Casual
59695,Women,,,Casual
59696,Men,,,Casual
59697,Women,,,Casual
59698,Women,,,Casual
59699,Women,,,Casual
59700,Women,,,Casual
59701,Men,,,Casual
59702,Women,,,Casual
59703,Men,,,Casual
59704,Women,,,Casual
59705,Women,,,Casual
59706,Men,,,Casual
59707,Men,,,Casual
59708,Women,,,Casual
59709,Women,,,Casual
59710,Women,,,Casual
59711,Women,,,Casual
59712,Women,,,Casual
59713,Women,,,Casual
59714,Women,,,Casual
59715,Women,,,Casual
59716,Women,,,Casual
59717,Women,,,Casual
59718,Women,,,Casual
59719,Women,,,Casual
59720,Women,,,Casual
59721,Women,,,Casual
59722,Men,,,Casual
59723,Women,,,Casual
59724,Men,,,Casual
59725,Men,,,Casual
59726,Men,,,Casual
59727,Women,,,Casual
59728,Women,,,Casual
59729,Women,,,Casual
59730,Men,,,Casual
59731,Women,,,Casual
59732,Men,,,Casual
59733,Women,,,Casual
59734,Men,,,Casual
59735,Women,,,Casual
59736,Men,,,Casual
59739,Women,,,Casual
59740,Women,,,Casual
59741,Women,,,Casual
59742,Women,,,Casual
59743,Women,,,Casual
59744,Women,,,Casual
59745,Women,,,Casual
59746,Women,,,Casual
59747,Women,,,Casual
59748,Women,,,Casual
59749,Women,,,Casual
59750,Men,,,Casual
59751,Men,,,Casual
59752,Women,,,Casual
59753,Women,,,Casual
59754,Women,,,Casual
59755,Women,,,Casual
59756,Women,,,Casual
59757,Women,,,Casual
59758,Women,,,Casual
59759,Women,,,Casual
59760,Women,,,Casual
59761,Women,,,Casual
59762,Women,,,Casual
59763,Women,,,Casual
59764,Women,,,Casual
59765,Women,,,Casual
59766,Women,,,Casual
59767,Women,,,Casual
59768,Men,,,Casual
59769,Women,,,Casual
59770,Women,,,Casual
59771,Women,,,Casual
59772,Women,,,Casual
59773,Women,,,Casual
59774,Women,,,Casual
59775,Women,,,Casual
59776,Women,,,Casual
59777,Women,,,Casual
59778,Women,,,Casual
59779,Women,,,Casual
59780,Women,,,Casual
59781,Women,,,Casual
59782,Women,,,Casual
59783,Women,,,Casual
59784,Women,,,Casual
59794,Women,,,Casual
59795,Women,,,Casual
59796,Women,,,Casual
59797,Men,,,Casual
59810,Men,,,Casual
59811,Women,,,Ethnic
59813,Women,,,Casual
59814,Women,,,Casual
59819,Men,,,Casual
59824,Men,,,Casual
59826,Men,,,Casual
59827,Men,,,Casual
59832,Men,,,Casual
59833,Men,,,Casual
59834,Men,,,Casual
59838,Men,,,Casual
59839,Women,,,Casual
59851,Women,,,Casual
59853,Men,,,Casual
59856,Girls,,,Casual
59858,Women,,,Casual
59859,Women,,,Casual
59860,Women,,,Casual
59862,Girls,,,Casual
59863,Women,,,Casual
59866,Women,,,Casual
59872,Women,,,Casual
59873,Women,,,Casual
59874,Women,,,Casual
59875,Women,,,Casual
59876,Women,,,Casual
59877,Women,,,Casual
59878,Women,,,Casual
59879,Women,,,Casual
59880,Women,,,Casual
59881,Men,,,Casual
59882,Women,,,Casual
59883,Women,,,Casual
59884,Women,,,Casual
59885,Women,,,Casual
59886,Women,,,Casual
59887,Women,,,Casual
59888,Women,,,Casual
59889,Women,,,Casual
59890,Women,,,Casual
59891,Women,,,Casual
59892,Women,,,Casual
59893,Women,,,Casual
59894,Women,,,Casual
59895,Women,,,Casual
59896,Women,,,Casual
59897,Women,,,Ethnic
59898,Women,,,Casual
59900,Men,,,Casual
59901,Women,,,Casual
59902,Women,,,Casual
59903,Women,,,Casual
59904,Women,,,Casual
59905,Women,,,Casual
59906,Women,,,Casual
59907,Women,,,Casual
59908,Women,,,Casual
59909,Women,,,Casual
59910,Women,,,Casual
59911,Women,,,Casual
59912,Women,,,Casual
59914,Women,,,Ethnic
59915,Men,,,Ethnic
59916,Women,,,Ethnic
59917,Women,,,Casual
59918,Women,,,Ethnic
59919,Women,,,Ethnic
59920,Women,,,Ethnic
59921,Women,,,Casual
59922,Women,,,Ethnic
59923,Women,,,Casual
59924,Women,,,Casual
59925,Women,,,Ethnic
59926,Women,,,Casual
59927,Women,,,Casual
59928,Women,,,Casual
59929,Women,,,Casual
59930,Women,,,Casual
59931,Women,,,Casual
59932,Men,,,Casual
59933,Men,,,Casual
59934,Women,,,Casual
59935,Men,,,Casual
59936,Men,,,Casual
59937,Men,,,Casual
59938,Men,,,Casual
59939,Men,,,Casual
59940,Men,,,Casual
59941,Men,,,Casual
59942,Men,,,Casual
59943,Men,,,Casual
59944,Men,,,Casual
59945,Men,,,Casual
59946,Women,,,Casual
59947,Women,,,Casual
59948,Men,,,Casual
59949,Women,,,Casual
59950,Women,,,Casual
59951,Women,,,Casual
59961,Men,,,Casual
59962,Men,,,Casual
59963,Women,,,Casual
59964,Women,,,Casual
59965,Women,,,Casual
59966,Women,,,Ethnic
59967,Women,,,Casual
59968,Women,,,Casual
59969,Women,,,Ethnic
59970,Men,,,Casual
59971,Women,,,Ethnic
59972,Women,,,Ethnic
59973,Women,,,Casual
59974,Women,,,Ethnic
59975,Women,,,Casual
59976,Women,,,Casual
59977,Women,,,Ethnic
59978,Women,,,Ethnic
59979,Women,,,Ethnic
59980,Women,,,Casual
59981,Women,,,Ethnic
59982,Women,,,Casual
59983,Women,,,Ethnic
59984,Women,,,Ethnic
59985,Women,,,Casual
59986,Women,,,Casual
59987,Women,,,Casual
59988,Women,,,Ethnic
59989,Women,,,Casual
59990,Women,,,Ethnic
59991,Women,,,Ethnic
59992,Women,,,Ethnic
59993,Women,,,Casual
59994,Women,,,Casual
59995,Women,,,Casual
59996,Women,,,Ethnic
59998,Women,,,Casual
59999,Women,,,Casual
60000,Women,,,Casual
