id,gender,articleType,season,usage
52003,Women,Tshirts,Summer,Casual
52007,Women,Dresses,Summer,Casual
52017,Women,Tshirts,Summer,Casual
52021,Women,Bra,Summer,Casual
52023,Men,Tshirts,Summer,Casual
52026,Men,Backpacks,Fall,Casual
52027,Men,Shirts,Summer,Casual
52028,Men,Rucksacks,Summer,Casual
52029,Men,Sweatshirts,Summer,Casual
52030,Men,Sweatshirts,Summer,Casual
52031,Men,Jackets,Summer,Casual
52032,Men,Sweatshirts,Summer,Casual
52034,Men,Jackets,Summer,Casual
52042,Men,Jackets,Summer,Casual
52043,Men,Jackets,Summer,Casual
52044,Men,Shirts,Summer,Casual
52045,Men,Shirts,Summer,Casual
52049,Men,Tshirts,Summer,Casual
52050,Men,Tshirts,Summer,Casual
52051,Women,Tshirts,Summer,Casual
52052,Men,Tshirts,Summer,Casual
52053,Men,Tshirts,Summer,Casual
52054,Men,Tshirts,Summer,Casual
52055,Men,Tshirts,Summer,Casual
52056,Men,Tshirts,Summer,Casual
52057,Men,Tshirts,Summer,Casual
52058,Men,Tshirts,Summer,Casual
52059,Men,Tshirts,Summer,Casual
52060,Men,Tshirts,Summer,Casual
52061,Men,Tshirts,Summer,Casual
52062,Men,Tshirts,Summer,Casual
52063,Men,Tshirts,Summer,Casual
52064,Men,Tshirts,Summer,Casual
52065,Men,Tshirts,Summer,Casual
52066,Men,Tshirts,Summer,Casual
52067,Men,Tshirts,Summer,Casual
52068,Men,Tshirts,Summer,Casual
52069,Men,Tshirts,Summer,Casual
52070,Men,Tshirts,Summer,Casual
52071,Men,Tshirts,Summer,Casual
52072,Men,Tshirts,Summer,Casual
52073,Men,Tshirts,Summer,Casual
52074,Men,Tshirts,Summer,Casual
52075,Men,Tshirts,Summer,Casual
52076,Men,Tshirts,Summer,Casual
52077,Men,Tshirts,Summer,Casual
52078,Men,Tshirts,Summer,Casual
52079,Men,Tshirts,Summer,Casual
52080,Men,Tshirts,Summer,Casual
52081,Men,Tshirts,Fall,Casual
52082,Men,Tshirts,Summer,Casual
52083,Women,Tshirts,Summer,Casual
52084,Women,Tops,Summer,Ethnic
52085,Women,Tops,Summer,Casual
52086,Women,Tshirts,Summer,Casual
52087,Women,Tops,Summer,Casual
52088,Women,Tops,Summer,Ethnic
52089,Women,Tshirts,Summer,Casual
52090,Women,Tshirts,Summer,Casual
52091,Women,Tops,Summer,Casual
52092,Women,Tshirts,Summer,Casual
52093,Women,Tops,Summer,Casual
52094,Women,Tops,Summer,Casual
52095,Women,Tops,Summer,Casual
52096,Women,Tops,Summer,Casual
52097,Women,Tops,Summer,Casual
52098,Women,Tops,Summer,Casual
52099,Women,Shirts,Summer,Casual
52100,Women,Kurtas,Summer,Ethnic
52101,Women,Kurtas,Summer,Casual
52102,Women,Kurtas,Summer,Casual
52103,Women,Tops,Summer,Casual
52104,Women,Kurtas,Summer,Ethnic
52105,Women,Kurtas,Summer,Casual
52106,Women,Dresses,Summer,Ethnic
52107,Women,Kurtas,Summer,Ethnic
52108,Women,Kurtas,Summer,Ethnic
52109,Women,Kurtas,Summer,Ethnic
52110,Women,Kurtas,Fall,Casual
52111,Women,Dresses,Summer,Ethnic
52112,Women,Dresses,Summer,Casual
52113,Women,Kurtas,Summer,Ethnic
52114,Women,Dresses,Summer,Casual
52115,Women,Tshirts,Summer,Casual
52116,Women,Dresses,Summer,Casual
52117,Women,Dresses,Summer,Casual
52118,Women,Dresses,Summer,Casual
52119,Women,Dresses,Summer,Casual
52120,Boys,Tshirts,Summer,Casual
52121,Boys,Tshirts,Summer,Casual
52122,Men,Tshirts,Summer,Casual
52123,Women,Tshirts,Summer,Casual
52124,Women,Tshirts,Summer,Casual
52125,Women,Dresses,Summer,Casual
52126,Girls,Tshirts,Summer,Casual
52127,Boys,Tshirts,Summer,Casual
52128,Men,Nail Polish,Summer,Casual
52129,Girls,Tops,Summer,Casual
52130,Women,Backpacks,Summer,Casual
52131,Women,Backpacks,Summer,Casual
52132,Women,Tshirts,Summer,Casual
52133,Women,Jeans,Summer,Casual
52134,Women,Stockings,Summer,Casual
52135,Women,Tops,Summer,Casual
52136,Women,Tshirts,Summer,Casual
52137,Women,Tshirts,Summer,Casual
52138,Men,Tshirts,Summer,Casual
52139,Women,Tshirts,Summer,Casual
52140,Women,Tshirts,Summer,Casual
52141,Women,Tshirts,Summer,Casual
52142,Women,Tshirts,Summer,Casual
52143,Women,Tshirts,Summer,Casual
52144,Women,Tshirts,Summer,Casual
52145,Women,Tshirts,Summer,Casual
52146,Women,Tshirts,Summer,Casual
52147,Men,Tshirts,Summer,Casual
52148,Men,Tshirts,Summer,Casual
52149,Women,Tshirts,Summer,Casual
52150,Men,Tshirts,Summer,Casual
52151,Men,Tshirts,Summer,Casual
52153,Men,Shirts,Summer,Casual
52154,Women,Tops,Summer,Casual
52155,Women,Tshirts,Summer,Casual
52156,Women,Dresses,Summer,Casual
52157,Women,Dresses,Summer,Casual
52158,Women,Shirts,Summer,Casual
52159,Women,Tops,Summer,Casual
52160,Women,Dresses,Summer,Casual
52161,Women,Tops,Summer,Ethnic
52162,Women,Tshirts,Summer,Casual
52163,Women,Tshirts,Summer,Casual
52164,Women,Innerwear Vests,Summer,Casual
52165,Women,Shirts,Summer,Casual
52166,Women,Sports Shoes,Summer,Casual
52168,Men,Perfume and Body Mist,Summer,Casual
52169,Women,Necklace and Chains,Summer,Casual
52172,Men,Sports Shoes,Summer,Casual
52173,Women,Sports Shoes,Summer,Casual
52176,Men,Necklace and Chains,Summer,Casual
52177,Women,Sports Shoes,Winter,Casual
52178,Women,Casual Shoes,Summer,Casual
52179,Women,Necklace and Chains,Summer,Casual
52180,Women,Ring,Summer,Casual
52181,Women,Earrings,Summer,Casual
52182,Women,Necklace and Chains,Summer,Casual
52183,Women,Earrings,Summer,Casual
52185,Women,Necklace and Chains,Summer,Sports
52186,Women,Necklace and Chains,Summer,Casual
52187,Women,Perfume and Body Mist,Summer,Casual
52190,Women,Sports Shoes,Summer,Casual
52191,Men,Sports Shoes,Summer,Casual
52193,Women,Shirts,Summer,Casual
52195,Women,Handbags,Summer,Casual
52198,Women,Ring,Winter,Casual
52200,Women,Shirts,Summer,Casual
52202,Women,Necklace and Chains,Summer,Casual
52204,Women,Necklace and Chains,Summer,Casual
52205,Women,Shirts,Summer,Casual
52209,Women,Necklace and Chains,Summer,Casual
52210,Women,Necklace and Chains,Fall,Casual
52211,Women,Necklace and Chains,Summer,Casual
52214,Women,Necklace and Chains,Summer,Casual
52220,Women,Necklace and Chains,Fall,Casual
52221,Women,Shirts,Summer,Casual
52222,Men,Gloves,Summer,Casual
52223,Women,Watches,Winter,Casual
52224,Men,Shirts,Summer,Casual
52225,Men,Watches,Winter,Casual
52228,Men,Sports Shoes,Summer,Casual
52230,Men,Watches,Fall,Casual
52235,Women,Lounge Pants,Summer,Casual
52254,Men,Briefs,Summer,Casual
52255,Men,Briefs,Summer,Casual
52256,Men,Boxers,Summer,Casual
52257,Men,Briefs,Summer,Casual
52299,Men,Shorts,Summer,Casual
52303,Women,Pendant,Summer,Casual
52304,Women,Bra,Summer,Casual
52305,Women,Necklace and Chains,Summer,Casual
52306,Women,Necklace and Chains,Summer,Casual
52307,Women,Kajal and Eyeliner,Summer,Casual
52308,Women,Necklace and Chains,Summer,Casual
52309,Women,Necklace and Chains,Summer,Casual
52310,Women,Kajal and Eyeliner,Summer,Casual
52311,Women,Necklace and Chains,Summer,Casual
52312,Women,Necklace and Chains,Winter,Casual
52313,Men,Belts,Winter,Casual
52314,Women,Flip Flops,Summer,Casual
52315,Men,Belts,Summer,Casual
52316,Men,Basketballs,Summer,Casual
52317,Men,Wallets,Summer,Casual
52318,Men,Belts,Winter,Casual
52320,Men,Belts,Summer,Casual
52322,Women,Belts,Winter,Casual
52323,Women,Wallets,Summer,Casual
52324,Men,Accessory Gift Set,Summer,Casual
52325,Women,Wallets,Summer,Casual
52326,Women,Wallets,Summer,Casual
52327,Men,Wallets,Summer,Casual
52328,Men,Flip Flops,Summer,Casual
52329,Women,Tshirts,Summer,Casual
52330,Women,Wallets,Summer,Casual
52331,Women,Wallets,Summer,Casual
52332,Women,Wallets,Summer,Casual
52333,Women,Clutches,Summer,Casual
52334,Women,Shoe Accessories,Winter,Casual
52335,Women,Wallets,Summer,Casual
52336,Women,Clutches,Summer,Casual
52337,Women,Clutches,Summer,Casual
52338,Women,Clutches,Winter,Casual
52339,Women,Wallets,Summer,Casual
52340,Women,Tshirts,Fall,Casual
52341,Women,Dresses,Summer,Ethnic
52342,Women,Dresses,Summer,Ethnic
52343,Women,Dresses,Summer,Ethnic
52344,Women,Tops,Summer,Casual
52345,Women,Dresses,Summer,Casual
52346,Women,Tops,Summer,Ethnic
52347,Women,Tops,Summer,Casual
52348,Women,Tops,Summer,Casual
52349,Women,Dresses,Summer,Casual
52350,Women,Dresses,Summer,Casual
52351,Women,Tops,Summer,Casual
52352,Women,Dresses,Summer,Casual
52353,Women,Dresses,Summer,Casual
52354,Women,Kurta Sets,Summer,Ethnic
52355,Women,Dresses,Summer,Casual
52356,Women,Dresses,Summer,Casual
52357,Women,Tshirts,Summer,Ethnic
52358,Women,Dresses,Summer,Casual
52359,Women,Tshirts,Summer,Casual
52360,Women,Dresses,Summer,Casual
52361,Women,Dresses,Summer,Ethnic
52362,Women,Dresses,Summer,Casual
52363,Women,Tops,Summer,Casual
52364,Women,Kurtas,Summer,Casual
52366,Women,Dresses,Summer,Casual
52367,Women,Dresses,Summer,Ethnic
52368,Women,Dresses,Summer,Ethnic
52369,Women,Dresses,Summer,Casual
52370,Women,Tops,Summer,Casual
52371,Women,Dresses,Summer,Casual
52372,Women,Tops,Summer,Ethnic
52373,Women,Dresses,Summer,Ethnic
52374,Women,Tops,Summer,Ethnic
52375,Women,Tops,Summer,Casual
52376,Women,Tops,Summer,Casual
52377,Women,Dresses,Summer,Casual
52378,Women,Dresses,Summer,Casual
52379,Women,Dresses,Summer,Casual
52380,Women,Dresses,Summer,Casual
52381,Women,Kurta Sets,Summer,Casual
52382,Women,Kurta Sets,Summer,Ethnic
52383,Women,Dresses,Summer,Casual
52384,Women,Kurta Sets,Summer,Casual
52385,Women,Dresses,Summer,Casual
52386,Women,Tops,Summer,Casual
52387,Women,Dresses,Summer,Casual
52390,Women,Dresses,Summer,Casual
52391,Women,Dresses,Summer,Ethnic
52392,Women,Dresses,Summer,Casual
52393,Women,Dresses,Summer,Casual
52394,Women,Dresses,Summer,Casual
52395,Women,Dresses,Summer,Ethnic
52396,Women,Dresses,Summer,Ethnic
52397,Women,Dresses,Summer,Ethnic
52398,Women,Dresses,Summer,Casual
52399,Women,Tops,Summer,Casual
52400,Women,Tops,Summer,Casual
52401,Women,Tops,Summer,Casual
52402,Women,Dresses,Summer,Casual
52403,Women,Dresses,Summer,Casual
52404,Women,Dresses,Summer,Casual
52405,Women,Dresses,Summer,Casual
52406,Women,Dresses,Summer,Ethnic
52407,Women,Dresses,Summer,Casual
52408,Women,Dresses,Summer,Casual
52409,Women,Dresses,Summer,Ethnic
52410,Women,Dresses,Summer,Ethnic
52411,Women,Dresses,Summer,Casual
52412,Women,Dresses,Summer,Casual
52413,Women,Dresses,Summer,Casual
52414,Women,Dresses,Summer,Casual
52415,Women,Dresses,Summer,Ethnic
52416,Women,Dresses,Summer,Casual
52417,Women,Tops,Summer,Casual
52418,Women,Dresses,Summer,Casual
52419,Women,Dresses,Summer,Casual
52420,Women,Dresses,Summer,Casual
52421,Men,Dresses,Summer,Casual
52422,Women,Dresses,Summer,Casual
52423,Women,Dresses,Summer,Casual
52424,Women,Dresses,Summer,Casual
52425,Women,Dresses,Summer,Casual
52426,Women,Dresses,Summer,Casual
52427,Women,Dresses,Summer,Casual
52428,Women,Dresses,Summer,Ethnic
52429,Women,Dresses,Summer,Casual
52430,Women,Dresses,Summer,Ethnic
52431,Women,Dresses,Summer,Casual
52432,Women,Dresses,Summer,Casual
52434,Women,Dresses,Summer,Ethnic
52435,Women,Dresses,Summer,Ethnic
52436,Women,Dresses,Summer,Ethnic
52437,Women,Tops,Summer,Ethnic
52438,Women,Dresses,Summer,Ethnic
52439,Women,Tops,Summer,Casual
52440,Women,Dresses,Summer,Casual
52441,Women,Tops,Summer,Casual
52442,Women,Dresses,Summer,Casual
52443,Women,Dresses,Summer,Casual
52444,Women,Dresses,Summer,Casual
52445,Women,Dresses,Summer,Casual
52446,Women,Tops,Summer,Casual
52447,Women,Nightdress,Summer,Casual
52448,Women,Dupatta,Summer,Ethnic
52449,Women,Dresses,Summer,Casual
52450,Women,Tops,Summer,Ethnic
52451,Women,Dresses,Summer,Casual
52452,Women,Dresses,Summer,Ethnic
52453,Women,Dresses,Summer,Ethnic
52454,Women,Dresses,Summer,Ethnic
52455,Women,Dresses,Summer,Casual
52456,Women,Dresses,Summer,Casual
52457,Women,Tops,Summer,Casual
52458,Women,Dresses,Summer,Casual
52459,Women,Dresses,Summer,Casual
52460,Women,Dresses,Summer,Ethnic
52461,Women,Dresses,Summer,Casual
52462,Women,Dresses,Summer,Casual
52463,Women,Kurta Sets,Summer,Ethnic
52464,Women,Dresses,Summer,Ethnic
52465,Women,Bra,Summer,Casual
52466,Women,Bra,Summer,Casual
52467,Men,Tshirts,Summer,Casual
52468,Women,Tshirts,Summer,Formal
52469,Women,Tshirts,Summer,Formal
52470,Women,Tshirts,Summer,Casual
52472,Women,Dresses,Summer,Casual
52473,Women,Dresses,Summer,Ethnic
52474,Women,Shirts,Summer,Casual
52475,Women,Dresses,Summer,Casual
52476,Women,Shirts,Summer,Casual
52477,Women,Tshirts,Summer,Ethnic
52478,Women,Dresses,Summer,Casual
52479,Women,Dresses,Summer,Casual
52480,Women,Tops,Summer,Ethnic
52481,Women,Dresses,Summer,Casual
52482,Women,Tops,Summer,Ethnic
52483,Women,Bra,Summer,Casual
52484,Women,Bra,Summer,Casual
52485,Women,Bra,Summer,Casual
52486,Women,Bra,Summer,Casual
52487,Women,Bra,Summer,Casual
52488,Women,Bra,Summer,Casual
52489,Women,Bra,Summer,Casual
52490,Women,Bra,Summer,Casual
52491,Men,Tshirts,Summer,Casual
52492,Women,Innerwear Vests,Summer,Formal
52493,Men,Tshirts,Summer,Casual
52494,Women,Shirts,Summer,Casual
52495,Women,Dresses,Summer,Casual
52496,Women,Tops,Summer,Ethnic
52497,Women,Tshirts,Summer,Casual
52498,Women,Nightdress,Summer,Casual
52499,Women,Night suits,Summer,Casual
52500,Women,Dresses,Summer,Casual
52501,Women,Dresses,Summer,Ethnic
52502,Women,Dresses,Summer,Ethnic
52503,Women,Dresses,Summer,Casual
52504,Women,Kurtas,Summer,Ethnic
52505,Women,Dresses,Summer,Casual
52506,Women,Dresses,Summer,Casual
52507,Women,Dresses,Fall,Casual
52508,Women,Night suits,Summer,Casual
52509,Women,Tops,Summer,Casual
52510,Women,Tops,Summer,Ethnic
52511,Women,Dresses,Summer,Casual
52512,Women,Kurtas,Summer,Casual
52513,Women,Nightdress,Summer,Casual
52514,Women,Bra,Summer,Casual
52515,Women,Bra,Summer,Casual
52516,Women,Bra,Summer,Casual
52517,Women,Tops,Summer,Ethnic
52518,Women,Night suits,Summer,Casual
52519,Women,Dresses,Summer,Casual
52520,Women,Shorts,Summer,Casual
52522,Women,Jeans,Summer,Casual
52523,Women,Jeans,Summer,Casual
52524,Men,Leggings,Summer,Casual
52525,Women,Jeggings,Summer,Casual
52528,Women,Lounge Shorts,Summer,Casual
52529,Men,Lounge Pants,Summer,Casual
52536,Women,Jeans,Summer,Casual
52539,Women,Jeans,Summer,Casual
52547,Women,Jeans,Summer,Casual
52548,Men,Jeans,Summer,Casual
52553,Women,Leggings,Summer,Casual
52554,Women,Jeans,Summer,Casual
52555,Women,Jeans,Summer,Casual
52556,Women,Jeans,Summer,Casual
52557,Women,Jeans,Summer,Casual
52558,Women,Wallets,Summer,Casual
52559,Women,Wallets,Winter,Casual
52560,Women,Wallets,Summer,Casual
52561,Women,Wallets,Winter,Casual
52563,Women,Wallets,Winter,Casual
52564,Women,Handbags,Summer,Casual
52565,Women,Handbags,Summer,Casual
52568,Women,Handbags,Summer,Casual
52569,Women,Handbags,Winter,Casual
52570,Women,Clutches,Summer,Casual
52574,Women,Clutches,Summer,Casual
52575,Women,Clutches,Summer,Casual
52576,Women,Sports Shoes,Winter,Casual
52577,Women,Duffel Bag,Winter,Casual
52579,Women,Handbags,Summer,Casual
52581,Women,Heels,Spring,Casual
52582,Women,Handbags,Winter,Casual
52585,Women,Wallets,Winter,Casual
52586,Women,Duffel Bag,Summer,Casual
52588,Women,Messenger Bag,Summer,Casual
52589,Women,Handbags,Summer,Casual
52593,Women,Bangle,Summer,Casual
52594,Women,Handbags,Summer,Casual
52599,Women,Wallets,Summer,Casual
52602,Women,Messenger Bag,Summer,Casual
52603,Women,Duffel Bag,Summer,Casual
52604,Women,Messenger Bag,Winter,Casual
52609,Women,Handbags,Winter,Casual
52616,Women,Handbags,Winter,Casual
52618,Women,Handbags,Winter,Casual
52622,Women,Handbags,Winter,Casual
52623,Women,Handbags,Winter,Casual
52626,Women,Handbags,Winter,Casual
52632,Women,Handbags,Winter,Casual
52633,Women,Handbags,Winter,Casual
52634,Women,Handbags,Winter,Casual
52635,Women,Handbags,Summer,Casual
52636,Women,Duffel Bag,Winter,Casual
52637,Women,Handbags,Winter,Casual
52638,Women,Handbags,Winter,Casual
52639,Women,Handbags,Winter,Casual
52641,Women,Handbags,Summer,Casual
52642,Women,Handbags,Winter,Casual
52643,Women,Handbags,Winter,Casual
52647,Women,Handbags,Winter,Casual
52648,Women,Duffel Bag,Winter,Casual
52649,Women,Handbags,Winter,Casual
52650,Women,Handbags,Winter,Casual
52651,Women,Handbags,Winter,Casual
52652,Women,Handbags,Winter,Casual
52653,Women,Handbags,Summer,Casual
52654,Women,Handbags,Winter,Casual
52655,Women,Handbags,Winter,Casual
52656,Women,Handbags,Summer,Casual
52657,Women,Sports Shoes,Summer,Casual
52658,Women,Handbags,Winter,Casual
52659,Women,Sports Shoes,Summer,Casual
52660,Women,Handbags,Summer,Casual
52661,Women,Handbags,Winter,Casual
52665,Men,Watches,Winter,Casual
52670,Women,Watches,Winter,Casual
52671,Men,Watches,Winter,Casual
52673,Women,Watches,Winter,Casual
52675,Men,Watches,Winter,Casual
52676,Women,Watches,Winter,Casual
52677,Women,Watches,Winter,Casual
52678,Men,Backpacks,Winter,Casual
52679,Women,Tshirts,Winter,Casual
52680,Women,Watches,Winter,Casual
52681,Women,Watches,Winter,Casual
52682,Women,Watches,Winter,Casual
52683,Women,Watches,Winter,Casual
52684,Women,Watches,Winter,Casual
52686,Men,Watches,Winter,Casual
52687,Women,Watches,Winter,Casual
52688,Women,Watches,Winter,Casual
52690,Women,Watches,Winter,Casual
52691,Women,Socks,Summer,Casual
52692,Women,Watches,Winter,Casual
52693,Women,Watches,Winter,Casual
52694,Women,Socks,Winter,Casual
52695,Men,Tshirts,Winter,Casual
52749,Women,Deodorant,Spring,Casual
52751,Women,Deodorant,Spring,Casual
52754,Women,Handbags,Winter,Casual
52756,Women,Handbags,Winter,Casual
52758,Women,Duffel Bag,Winter,Casual
52759,Men,Handbags,Winter,Casual
52766,Women,Handbags,Summer,Casual
52767,Women,Handbags,Summer,Casual
52768,Women,Handbags,Summer,Casual
52772,Women,Wallets,Summer,Casual
52773,Women,Wallets,Summer,Casual
52774,Women,Wallets,Summer,Casual
52775,Women,Wallets,Summer,Casual
52776,Women,Wallets,Summer,Casual
52777,Women,Wallets,Summer,Casual
52778,Women,Wallets,Summer,Casual
52779,Women,Tshirts,Summer,Casual
52780,Men,Wallets,Summer,Casual
52781,Men,Wallets,Summer,Casual
52782,Women,Wallets,Summer,Casual
52784,Women,Wallets,Summer,Casual
52785,Men,Wallets,Summer,Casual
52786,Women,Wallets,Summer,Casual
52789,Women,Wallets,Summer,Casual
52791,Women,Wallets,Summer,Casual
52792,Women,Wallets,Summer,Casual
52793,Men,Wallets,Summer,Casual
52794,Men,Wallets,Summer,Casual
52795,Men,Wallets,Summer,Casual
52796,Men,Wallets,Summer,Casual
52797,Men,Wallets,Summer,Casual
52798,Men,Wallets,Summer,Casual
52799,Men,Wallets,Summer,Casual
52800,Men,Wallets,Summer,Casual
52801,Men,Wallets,Summer,Casual
52802,Men,Wallets,Winter,Casual
52803,Unisex,Wallets,Summer,Casual
52804,Women,Wallets,Summer,Casual
52805,Men,Wallets,Summer,Casual
52806,Men,Wallets,Summer,Casual
52807,Men,Wallets,Summer,Casual
52808,Men,Wallets,Summer,Casual
52809,Men,Wallets,Summer,Casual
52810,Men,Wallets,Summer,Casual
52811,Men,Wallets,Summer,Casual
52812,Men,Wallets,Summer,Casual
52813,Men,Wallets,Summer,Casual
52814,Men,Wallets,Summer,Casual
52816,Men,Watches,Winter,Casual
52817,Women,Earrings,Summer,Casual
52818,Women,Earrings,Summer,Casual
52819,Women,Earrings,Summer,Casual
52820,Women,Bangle,Summer,Casual
52822,Women,Necklace and Chains,Summer,Casual
52823,Women,Earrings,Winter,Casual
52825,Women,Earrings,Summer,Casual
52827,Women,Tshirts,Summer,Casual
52828,Women,Earrings,Summer,Casual
52831,Women,Earrings,Winter,Casual
52834,Women,Earrings,Winter,Casual
52835,Women,Earrings,Summer,Casual
52836,Women,Necklace and Chains,Summer,Casual
52837,Women,Earrings,Summer,Casual
52839,Women,Earrings,Summer,Casual
52840,Women,Earrings,Summer,Casual
52841,Women,Earrings,Summer,Casual
52842,Women,Earrings,Summer,Casual
52846,Women,Earrings,Summer,Casual
52847,Women,Handbags,Summer,Casual
52848,Women,Bracelet,Winter,Casual
52850,Women,Earrings,Summer,Casual
52851,Women,Earrings,Summer,Casual
52852,Women,Earrings,Summer,Casual
52854,Women,Handbags,Summer,Casual
52855,Women,Handbags,Summer,Casual
52859,Women,Earrings,Winter,Casual
52860,Women,Bangle,Winter,Casual
52862,Women,Earrings,Winter,Casual
52863,Women,Earrings,Summer,Casual
52864,Women,Earrings,Winter,Casual
52868,Women,Earrings,Summer,Casual
52869,Women,Handbags,Summer,Casual
52871,Women,Fragrance Gift Set,Summer,Casual
52874,Women,Kurta Sets,Summer,Ethnic
52875,Women,Sarees,Summer,Casual
52876,Women,Kurta Sets,Summer,Casual
52877,Women,Sarees,Summer,Casual
52878,Women,Sarees,Summer,Ethnic
52879,Women,Sarees,Summer,Ethnic
52880,Men,Sarees,Summer,Casual
52881,Women,Sarees,Summer,Casual
52882,Women,Dresses,Summer,Casual
52883,Women,Kurtas,Summer,Casual
52884,Women,Sarees,Summer,Casual
52885,Women,Sarees,Summer,Casual
52886,Women,Sarees,Summer,Casual
52887,Women,Sarees,Summer,Ethnic
52888,Women,Sarees,Summer,Ethnic
52889,Women,Sarees,Summer,Casual
52890,Women,Sarees,Summer,Ethnic
52891,Women,Sarees,Summer,Casual
52892,Women,Sarees,Summer,Casual
52893,Women,Sarees,Summer,Ethnic
52894,Women,Sarees,Summer,Ethnic
52895,Women,Sarees,Summer,Ethnic
52896,Women,Dresses,Summer,Casual
52897,Women,Dresses,Summer,Casual
52898,Women,Dresses,Summer,Casual
52899,Women,Sarees,Summer,Casual
52901,Women,Sarees,Summer,Casual
52902,Women,Sarees,Summer,Ethnic
52903,Women,Sarees,Summer,Casual
52904,Women,Sarees,Summer,Ethnic
52905,Women,Sarees,Summer,Ethnic
52906,Women,Sarees,Summer,Casual
52907,Women,Sarees,Summer,Ethnic
52908,Women,Sarees,Summer,Casual
52909,Women,Sarees,Summer,Ethnic
52910,Women,Dresses,Summer,Casual
52911,Women,Sarees,Summer,Ethnic
52912,Women,Sarees,Summer,Casual
52913,Women,Sarees,Summer,Casual
52914,Women,Sarees,Summer,Casual
52915,Women,Dresses,Summer,Casual
52916,Women,Sarees,Summer,Ethnic
52917,Women,Sarees,Fall,Casual
52918,Women,Sarees,Summer,Ethnic
52919,Women,Sarees,Summer,Casual
52920,Women,Sarees,Summer,Ethnic
52921,Women,Sarees,Summer,Casual
52922,Women,Sarees,Summer,Casual
52923,Women,Dresses,Summer,Casual
52924,Women,Dresses,Summer,Casual
52925,Women,Dresses,Summer,Casual
52926,Women,Kurtas,Summer,Casual
52927,Women,Dresses,Summer,Casual
52928,Women,Dresses,Summer,Casual
52929,Women,Sarees,Summer,Casual
52930,Women,Dresses,Summer,Casual
52931,Women,Sarees,Summer,Casual
52934,Women,Nightdress,Summer,Casual
52935,Women,Dresses,Summer,Casual
52936,Women,Sarees,Summer,Ethnic
52937,Women,Dresses,Summer,Casual
52938,Women,Night suits,Summer,Casual
52940,Women,Watches,Summer,Casual
52941,Women,Backpacks,Summer,Casual
52942,Women,Sarees,Summer,Casual
52943,Women,Sarees,Summer,Casual
52944,Women,Sarees,Summer,Casual
52945,Women,Sarees,Summer,Casual
52946,Women,Sarees,Summer,Casual
52947,Women,Kurta Sets,Summer,Ethnic
52948,Women,Kurta Sets,Summer,Ethnic
52949,Women,Dresses,Summer,Casual
52950,Women,Sarees,Summer,Ethnic
52951,Women,Sarees,Summer,Casual
52952,Women,Kurta Sets,Summer,Ethnic
52953,Women,Kurta Sets,Summer,Ethnic
52954,Women,Sarees,Summer,Ethnic
52955,Women,Kurta Sets,Summer,Ethnic
52956,Women,Kurta Sets,Summer,Ethnic
52957,Women,Backpacks,Summer,Ethnic
52958,Women,Dresses,Summer,Ethnic
52959,Women,Sarees,Summer,Ethnic
52960,Women,Sarees,Summer,Casual
52961,Women,Sarees,Summer,Ethnic
52962,Women,Sarees,Summer,Ethnic
52963,Women,Sarees,Summer,Casual
52964,Women,Sarees,Summer,Casual
52965,Women,Sarees,Summer,Ethnic
52966,Women,Kurta Sets,Summer,Ethnic
52967,Women,Kurta Sets,Summer,Ethnic
52968,Women,Kurta Sets,Summer,Ethnic
52969,Women,Sarees,Summer,Casual
52970,Women,Kurta Sets,Summer,Ethnic
52971,Women,Sarees,Summer,Ethnic
52972,Women,Kurta Sets,Summer,Ethnic
52973,Women,Sarees,Summer,Casual
52975,Women,Sarees,Summer,Ethnic
52976,Women,Sarees,Summer,Casual
52978,Women,Sarees,Summer,Ethnic
52979,Women,Sarees,Summer,Ethnic
52980,Women,Kurta Sets,Summer,Ethnic
52981,Women,Sarees,Summer,Ethnic
52982,Women,Sarees,Summer,Ethnic
52983,Women,Sarees,Summer,Ethnic
52986,Women,Kurta Sets,Summer,Casual
52987,Women,Kurta Sets,Summer,Ethnic
52988,Women,Kurta Sets,Summer,Ethnic
52989,Women,Sarees,Summer,Casual
52990,Women,Sarees,Summer,Ethnic
52991,Women,Sarees,Summer,Casual
52992,Women,Kurta Sets,Summer,Ethnic
52993,Women,Sarees,Summer,Ethnic
52996,Women,Kurta Sets,Summer,Ethnic
52998,Women,Sarees,Summer,Casual
52999,Women,Sarees,Summer,Ethnic
53000,Women,Dresses,Summer,Casual
53001,Women,Dresses,Summer,Casual
53002,Women,Sarees,Summer,Casual
53003,Women,Sarees,Summer,Casual
53004,Women,Rucksacks,Summer,Casual
53006,Women,Rucksacks,Summer,Casual
53007,Women,Backpacks,Summer,Casual
53008,Women,Sarees,Summer,Ethnic
53009,Women,Kurta Sets,Summer,Ethnic
53010,Women,Rucksacks,Summer,Casual
53011,Women,Kurta Sets,Summer,Ethnic
53013,Women,Kurta Sets,Summer,Casual
53014,Women,Sarees,Summer,Casual
53015,Women,Sarees,Summer,Ethnic
53016,Women,Kurta Sets,Summer,Ethnic
53017,Women,Sarees,Summer,Ethnic
53019,Women,Sarees,Summer,Casual
53020,Women,Sarees,Summer,Ethnic
53021,Women,Sarees,Summer,Casual
53023,Women,Sarees,Summer,Casual
53024,Women,Kurta Sets,Summer,Ethnic
53025,Women,Sarees,Summer,Ethnic
53026,Women,Sarees,Summer,Ethnic
53027,Women,Sarees,Summer,Ethnic
53029,Women,Sarees,Summer,Ethnic
53030,Women,Dresses,Summer,Ethnic
53031,Women,Sarees,Summer,Ethnic
53032,Women,Kurta Sets,Summer,Ethnic
53033,Women,Kurta Sets,Summer,Ethnic
53034,Women,Sarees,Summer,Casual
53035,Women,Kurta Sets,Summer,Casual
53036,Women,Sarees,Summer,Casual
53037,Women,Sarees,Summer,Ethnic
53038,Women,Sarees,Summer,Ethnic
53039,Women,Dresses,Summer,Ethnic
53040,Women,Sarees,Summer,Ethnic
53041,Women,Sarees,Summer,Ethnic
53042,Women,Sarees,Summer,Ethnic
53043,Women,Sarees,Summer,Ethnic
53044,Women,Sarees,Summer,Ethnic
53045,Women,Sarees,Summer,Ethnic
53046,Women,Sarees,Summer,Ethnic
53047,Women,Sarees,Summer,Ethnic
53048,Women,Kurta Sets,Summer,Ethnic
53049,Women,Sarees,Summer,Ethnic
53050,Women,Kurta Sets,Summer,Ethnic
53051,Women,Sarees,Summer,Ethnic
53052,Women,Sarees,Summer,Casual
53053,Women,Sarees,Summer,Ethnic
53054,Women,Sarees,Summer,Ethnic
53055,Women,Sarees,Summer,Ethnic
53056,Women,Sarees,Summer,Ethnic
53057,Women,Kurta Sets,Summer,Ethnic
53058,Women,Handbags,Winter,Casual
53059,Women,Handbags,Winter,Casual
53060,Women,Handbags,Winter,Casual
53061,Women,Handbags,Winter,Casual
53062,Women,Handbags,Winter,Casual
53063,Women,Handbags,Winter,Casual
53064,Women,Handbags,Winter,Casual
53065,Women,Handbags,Winter,Casual
53066,Women,Handbags,Winter,Casual
53067,Women,Handbags,Winter,Casual
53068,Women,Handbags,Winter,Casual
53069,Women,Handbags,Winter,Casual
53070,Women,Handbags,Winter,Casual
53071,Women,Clutches,Summer,Casual
53072,Women,Clutches,Winter,Casual
53073,Women,Clutches,Summer,Casual
53075,Women,Handbags,Summer,Casual
53076,Women,Handbags,Winter,Casual
53077,Women,Duffel Bag,Summer,Casual
53078,Women,Sports Shoes,Summer,Casual
53079,Women,Sports Shoes,Winter,Casual
53080,Women,Wallets,Summer,Casual
53081,Women,Handbags,Summer,Casual
53082,Women,Bra,Summer,Casual
53083,Women,Handbags,Summer,Casual
53084,Women,Mobile Pouch,Spring,Casual
53085,Women,Handbags,Summer,Casual
53086,Women,Handbags,Summer,Casual
53087,Women,Handbags,Summer,Casual
53088,Women,Earrings,Summer,Casual
53089,Women,Ring,Summer,Casual
53090,Women,Perfume and Body Mist,Winter,Casual
53091,Women,Necklace and Chains,Summer,Casual
53092,Women,Earrings,Summer,Casual
53093,Women,Necklace and Chains,Summer,Casual
53094,Women,Earrings,Summer,Casual
53095,Women,Earrings,Summer,Casual
53096,Women,Earrings,Summer,Casual
53097,Women,Earrings,Summer,Casual
53098,Women,Earrings,Summer,Casual
53099,Women,Earrings,Winter,Casual
53100,Women,Earrings,Summer,Casual
53101,Women,Necklace and Chains,Summer,Casual
53102,Women,Ring,Summer,Casual
53103,Women,Ring,Summer,Casual
53104,Women,Earrings,Winter,Casual
53105,Women,Ring,Winter,Casual
53106,Women,Ring,Summer,Casual
53107,Women,Earrings,Summer,Casual
53108,Women,Earrings,Summer,Casual
53109,Women,Earrings,Summer,Casual
53110,Women,Ring,Summer,Casual
53111,Men,Tshirts,Summer,Casual
53112,Men,Tshirts,Summer,Casual
53113,Men,Tshirts,Summer,Casual
53114,Men,Tshirts,Summer,Casual
53115,Men,Tshirts,Summer,Casual
53116,Men,Tshirts,Summer,Casual
53117,Women,Tshirts,Summer,Casual
53118,Women,Tops,Summer,Casual
53119,Women,Tops,Summer,Casual
53120,Women,Tshirts,Summer,Casual
53121,Women,Tops,Summer,Casual
53122,Women,Tshirts,Summer,Casual
53123,Women,Tops,Summer,Casual
53124,Women,Tops,Summer,Casual
53125,Women,Tops,Summer,Casual
53126,Women,Tops,Summer,Casual
53127,Women,Sports Shoes,Winter,Casual
53128,Women,Heels,Winter,Casual
53129,Women,Heels,Winter,Casual
53130,Women,Flip Flops,Winter,Casual
53131,Women,Flip Flops,Winter,Casual
53132,Women,Flip Flops,Winter,Casual
53133,Women,Heels,Winter,Casual
53134,Women,Flip Flops,Winter,Casual
53135,Women,Bangle,Winter,Casual
53136,Women,Heels,Winter,Casual
53137,Women,Flip Flops,Winter,Casual
53138,Women,Flip Flops,Winter,Casual
53139,Women,Heels,Winter,Casual
53140,Women,Heels,Winter,Casual
53141,Women,Flip Flops,Winter,Casual
53142,Women,Heels,Winter,Casual
53143,Women,Heels,Winter,Casual
53144,Women,Flip Flops,Winter,Casual
53145,Women,Flip Flops,Winter,Casual
53146,Women,Heels,Winter,Casual
53147,Women,Heels,Winter,Casual
53148,Women,Heels,Winter,Casual
53149,Women,Heels,Winter,Casual
53150,Women,Heels,Winter,Casual
53152,Men,Shirts,Summer,Casual
53159,Men,Shirts,Summer,Formal
53211,Men,Shirts,Summer,Formal
53215,Men,Shirts,Summer,Formal
53226,Men,Shirts,Summer,Formal
53228,Men,Trousers,Summer,Casual
53248,Men,Trousers,Summer,Casual
53252,Men,Jeans,Summer,Casual
53264,Men,Tshirts,Summer,Casual
53269,Men,Tshirts,Summer,Casual
53278,Men,Tshirts,Summer,Casual
53282,Men,Tshirts,Summer,Casual
53286,Men,Jeans,Summer,Casual
53287,Women,Jeans,Summer,Casual
53296,Men,Jeans,Summer,Casual
53303,Men,Tshirts,Summer,Casual
53307,Women,Tshirts,Summer,Casual
53312,Men,Tshirts,Summer,Casual
53313,Men,Tshirts,Summer,Casual
53314,Men,Tshirts,Summer,Casual
53318,Men,Tshirts,Summer,Casual
53319,Men,Tshirts,Summer,Casual
53328,Men,Boxers,Summer,Casual
53329,Men,Boxers,Summer,Casual
53332,Men,Boxers,Summer,Casual
53338,Men,Boxers,Summer,Casual
53345,Men,Boxers,Summer,Casual
53348,Men,Boxers,Summer,Casual
53357,Girls,Tshirts,Summer,Casual
53358,Men,Belts,Summer,Casual
53360,Women,Wallets,Summer,Casual
53361,Women,Backpacks,Summer,Casual
53362,Unisex,Backpacks,Summer,Casual
53363,Women,Duffel Bag,Winter,Casual
53364,Women,Backpacks,Summer,Casual
53365,Unisex,Backpacks,Summer,Casual
53366,Unisex,Backpacks,Winter,Casual
53367,Women,Backpacks,Summer,Casual
53368,Unisex,Backpacks,Summer,Casual
53369,Women,Handbags,Winter,Casual
53370,Women,Handbags,Winter,Casual
53371,Unisex,Backpacks,Summer,Casual
53372,Unisex,Backpacks,Winter,Casual
53373,Unisex,Backpacks,Summer,Casual
53374,Women,Wallets,Summer,Casual
53376,Women,Sports Shoes,Summer,Casual
53377,Women,Handbags,Summer,Casual
53378,Women,Flip Flops,Winter,Casual
53379,Men,Sports Sandals,Fall,Sports
53380,Men,Sandals,Summer,Casual
53381,Men,Sports Sandals,Fall,Casual
53382,Women,Sports Sandals,Summer,Casual
53383,Women,Sports Sandals,Winter,Casual
53384,Men,Casual Shoes,Summer,Casual
53386,Men,Casual Shoes,Summer,Casual
53387,Women,Casual Shoes,Summer,Casual
53388,Women,Dresses,Summer,Ethnic
53389,Women,Kurtas,Summer,Ethnic
53390,Women,Kurtas,Summer,Ethnic
53391,Women,Dresses,Summer,Ethnic
53392,Women,Tops,Summer,Casual
53393,Women,Kurtas,Summer,Ethnic
53394,Women,Kurtas,Summer,Ethnic
53395,Women,Shirts,Summer,Ethnic
53396,Women,Kurtas,Summer,Ethnic
53397,Women,Kurtas,Summer,Ethnic
53398,Women,Kurtas,Summer,Ethnic
53399,Women,Kurtas,Summer,Ethnic
53401,Women,Kurtas,Summer,Ethnic
53402,Women,Tshirts,Summer,Ethnic
53403,Women,Kurtas,Summer,Ethnic
53404,Women,Kurtas,Summer,Ethnic
53405,Women,Kurtas,Summer,Ethnic
53406,Women,Kurtas,Summer,Ethnic
53408,Women,Kurtas,Summer,Ethnic
53409,Women,Kurtas,Summer,Ethnic
53410,Women,Kurtas,Summer,Ethnic
53411,Women,Dupatta,Summer,Ethnic
53412,Women,Tshirts,Summer,Ethnic
53413,Women,Dupatta,Summer,Ethnic
53414,Women,Dupatta,Summer,Ethnic
53415,Women,Kurtas,Summer,Ethnic
53416,Women,Kurtas,Summer,Ethnic
53417,Women,Kurtas,Summer,Ethnic
53418,Women,Kurtas,Summer,Ethnic
53419,Women,Tshirts,Summer,Ethnic
53420,Women,Kurtas,Summer,Ethnic
53421,Women,Kurtas,Summer,Ethnic
53422,Women,Kurtas,Summer,Ethnic
53423,Women,Kurtas,Summer,Ethnic
53424,Women,Kurtas,Summer,Ethnic
53425,Women,Kurtas,Summer,Ethnic
53426,Women,Kurtas,Summer,Ethnic
53427,Women,Kurtas,Summer,Ethnic
53428,Women,Kurtas,Summer,Ethnic
53429,Women,Kurtas,Summer,Ethnic
53430,Women,Kurtas,Summer,Ethnic
53431,Women,Kurtas,Summer,Ethnic
53432,Men,Tshirts,Summer,Casual
53433,Men,Tshirts,Summer,Casual
53434,Men,Tshirts,Summer,Casual
53435,Men,Sweaters,Summer,Casual
53436,Men,Sports Shoes,Summer,Sports
53437,Men,Sports Shoes,Summer,Sports
53438,Men,Sports Shoes,Summer,Casual
53439,Women,Flip Flops,Winter,Casual
53440,Men,Sports Shoes,Summer,Casual
53441,Men,Sports Shoes,Summer,Sports
53442,Women,Flip Flops,Winter,Casual
53444,Men,Flip Flops,Summer,Casual
53445,Women,Flip Flops,Winter,Casual
53446,Men,Flip Flops,Summer,Casual
53447,Women,Flip Flops,Winter,Casual
53448,Women,Flip Flops,Winter,Casual
53449,Women,Flip Flops,Winter,Casual
53450,Women,Flip Flops,Winter,Casual
53452,Women,Heels,Winter,Casual
53453,Women,Heels,Winter,Casual
53454,Women,Heels,Winter,Casual
53455,Women,Flip Flops,Winter,Casual
53456,Women,Sports Sandals,Winter,Casual
53457,Women,Heels,Winter,Casual
53458,Women,Heels,Winter,Casual
53459,Women,Heels,Winter,Casual
53460,Women,Heels,Winter,Casual
53461,Women,Bra,Summer,Casual
53462,Women,Bra,Summer,Casual
53463,Women,Bra,Summer,Casual
53464,Women,Bra,Summer,Casual
53465,Women,Bra,Summer,Casual
53466,Women,Bra,Summer,Casual
53467,Women,Bra,Summer,Casual
53468,Women,Bra,Summer,Casual
53469,Men,Briefs,Summer,Casual
53470,Women,Bra,Summer,Casual
53473,Women,Bra,Summer,Casual
53474,Men,Bra,Summer,Casual
53475,Women,Bra,Summer,Casual
53476,Women,Bra,Summer,Casual
53477,Women,Bra,Summer,Casual
53478,Women,Bra,Summer,Casual
53479,Women,Bra,Summer,Casual
53480,Women,Bra,Winter,Casual
53484,Women,Tshirts,Summer,Casual
53485,Men,Tshirts,Summer,Casual
53486,Women,Tshirts,Summer,Casual
53487,Women,Bra,Summer,Casual
53488,Men,Tshirts,Summer,Casual
53489,Women,Tshirts,Summer,Casual
53490,Women,Bra,Summer,Casual
53491,Women,Bra,Summer,Casual
53492,Women,Bra,Summer,Casual
53493,Women,Bra,Summer,Casual
53498,Women,Bra,Summer,Casual
53506,Women,Bra,Summer,Casual
53507,Women,Bra,Summer,Casual
53508,Women,Bra,Summer,Casual
53520,Men,Bra,Summer,Casual
53525,Women,Bra,Summer,Casual
53526,Women,Briefs,Summer,Casual
53527,Women,Briefs,Summer,Casual
53528,Men,Briefs,Summer,Casual
53529,Men,Briefs,Summer,Casual
53530,Men,Briefs,Summer,Casual
53531,Women,Briefs,Summer,Casual
53532,Women,Briefs,Summer,Casual
53533,Men,Briefs,Summer,Sports
53534,Women,Briefs,Summer,Casual
53535,Men,Briefs,Summer,Casual
53536,Women,Boxers,Summer,Casual
53537,Men,Briefs,Summer,Casual
53538,Women,Briefs,Summer,Casual
53539,Women,Briefs,Summer,Casual
53540,Men,Briefs,Summer,Casual
53541,Women,Shoe Accessories,Summer,Casual
53542,Women,Briefs,Summer,Casual
53543,Women,Briefs,Summer,Casual
53545,Men,Briefs,Summer,Casual
53546,Women,Briefs,Summer,Casual
53547,Men,Briefs,Summer,Casual
53548,Men,Briefs,Summer,Casual
53554,Men,Boxers,Summer,Casual
53555,Men,Boxers,Summer,Casual
53556,Men,Boxers,Summer,Casual
53557,Men,Boxers,Summer,Casual
53558,Men,Boxers,Summer,Casual
53559,Men,Boxers,Summer,Casual
53560,Men,Watches,Winter,Casual
53561,Women,Tshirts,Winter,Casual
53562,Men,Watches,Winter,Casual
53563,Women,Tshirts,Winter,Casual
53564,Women,Watches,Winter,Casual
53565,Men,Watches,Winter,Casual
53566,Men,Deodorant,Winter,Casual
53567,Men,Deodorant,Winter,Casual
53568,Women,Perfume and Body Mist,Winter,Casual
53569,Women,Socks,Winter,Casual
53570,Women,Watches,Winter,Casual
53571,Women,Perfume and Body Mist,Winter,Casual
53572,Men,Perfume and Body Mist,Winter,Casual
53573,Women,Socks,Winter,Casual
53574,Men,Deodorant,Winter,Casual
53575,Women,Deodorant,Winter,Casual
53576,Women,Perfume and Body Mist,Winter,Casual
53577,Women,Perfume and Body Mist,Winter,Casual
53578,Women,Perfume and Body Mist,Winter,Casual
53579,Men,Socks,Winter,Casual
53580,Men,Socks,Winter,Casual
53581,Men,Socks,Winter,Casual
53582,Women,Perfume and Body Mist,Winter,Casual
53583,Men,Watches,Winter,Casual
53584,Women,Watches,Winter,Casual
53585,Men,Watches,Winter,Casual
53586,Women,Watches,Winter,Casual
53587,Women,Watches,Winter,Casual
53588,Men,Watches,Winter,Casual
53589,Men,Watches,Winter,Casual
53590,Women,Watches,Winter,Casual
53591,Women,Watches,Winter,Casual
53592,Women,Watches,Winter,Casual
53593,Men,Watches,Winter,Casual
53594,Men,Watches,Winter,Casual
53595,Men,Watches,Winter,Casual
53596,Men,Watches,Winter,Casual
53597,Men,Watches,Winter,Casual
53598,Men,Watches,Winter,Casual
53599,Men,Watches,Winter,Casual
53600,Men,Watches,Winter,Casual
53601,Men,Watches,Winter,Casual
53602,Men,Watches,Winter,Casual
53603,Men,Watches,Winter,Casual
53604,Men,Watches,Winter,Casual
53605,Men,Watches,Winter,Casual
53606,Men,Watches,Winter,Casual
53608,Women,Watches,Winter,Casual
53609,Men,Watches,Winter,Casual
53611,Men,Watches,Winter,Casual
53612,Men,Watches,Winter,Casual
53613,Men,Watches,Winter,Casual
53614,Men,Watches,Winter,Casual
53615,Men,Watches,Winter,Casual
53616,Men,Watches,Winter,Casual
53617,Women,Socks,Winter,Casual
53618,Men,Socks,Winter,Casual
53619,Women,Watches,Winter,Casual
53620,Women,Watches,Winter,Casual
53621,Men,Socks,Winter,Casual
53622,Men,Watches,Winter,Casual
53623,Men,Watches,Winter,Casual
53624,Women,Watches,Winter,Casual
53625,Men,Shirts,Winter,Casual
53626,Men,Socks,Winter,Casual
53627,Women,Watches,Winter,Casual
53628,Men,Watches,Winter,Casual
53629,Men,Watches,Winter,Casual
53630,Women,Tshirts,Summer,Casual
53631,Women,Bra,Summer,Casual
53632,Men,Sandals,Summer,Casual
53633,Men,Casual Shoes,Summer,Casual
53634,Men,Casual Shoes,Summer,Casual
53635,Men,Sports Shoes,Summer,Casual
53636,Men,Sports Shoes,Summer,Casual
53637,Men,Sports Shoes,Winter,Casual
53638,Men,Sports Shoes,Summer,Casual
53639,Men,Sports Shoes,Summer,Casual
53640,Men,Casual Shoes,Summer,Casual
53648,Women,Handbags,Winter,Casual
53649,Women,Handbags,Summer,Casual
53651,Women,Handbags,Winter,Casual
53652,Women,Handbags,Winter,Casual
53653,Women,Handbags,Summer,Casual
53654,Women,Handbags,Summer,Casual
53655,Women,Handbags,Winter,Casual
53656,Women,Handbags,Summer,Casual
53657,Women,Handbags,Summer,Casual
53659,Women,Handbags,Summer,Casual
53660,Women,Handbags,Winter,Casual
53661,Women,Handbags,Winter,Casual
53663,Women,Handbags,Summer,Casual
53665,Women,Handbags,Winter,Casual
53666,Women,Handbags,Winter,Casual
53667,Women,Handbags,Winter,Casual
53668,Women,Handbags,Winter,Casual
53669,Women,Handbags,Winter,Casual
53670,Women,Handbags,Winter,Casual
53671,Women,Handbags,Winter,Casual
53672,Women,Handbags,Winter,Casual
53673,Women,Handbags,Winter,Casual
53674,Women,Handbags,Winter,Casual
53675,Women,Handbags,Winter,Casual
53676,Women,Duffel Bag,Winter,Casual
53677,Women,Handbags,Summer,Casual
53678,Women,Handbags,Summer,Casual
53679,Women,Handbags,Winter,Casual
53680,Women,Handbags,Winter,Casual
53681,Women,Duffel Bag,Winter,Casual
53682,Women,Handbags,Summer,Casual
53683,Women,Handbags,Winter,Casual
53684,Women,Duffel Bag,Winter,Casual
53685,Women,Handbags,Winter,Casual
53686,Women,Handbags,Summer,Casual
53687,Women,Handbags,Winter,Casual
53688,Women,Handbags,Summer,Casual
53689,Women,Duffel Bag,Summer,Casual
53692,Women,Handbags,Summer,Casual
53695,Women,Bra,Summer,Casual
53696,Women,Handbags,Winter,Casual
53698,Women,Handbags,Summer,Casual
53702,Women,Handbags,Winter,Casual
53706,Women,Handbags,Winter,Casual
53708,Women,Handbags,Summer,Casual
53710,Women,Handbags,Summer,Casual
53715,Women,Handbags,Winter,Casual
53719,Women,Handbags,Summer,Casual
53720,Women,Handbags,Summer,Casual
53723,Women,Flip Flops,Winter,Casual
53724,Women,Flip Flops,Winter,Casual
53725,Women,Flip Flops,Winter,Casual
53726,Women,Flip Flops,Winter,Casual
53727,Women,Flip Flops,Winter,Casual
53729,Women,Sports Sandals,Winter,Casual
53731,Men,Sports Sandals,Summer,Casual
53732,Men,Sports Shoes,Summer,Casual
53734,Men,Sports Shoes,Fall,Casual
53735,Men,Casual Shoes,Summer,Casual
53737,Men,Lounge Shorts,Summer,Casual
53738,Men,Capris,Summer,Casual
53740,Men,Jeans,Summer,Casual
53741,Women,Lounge Pants,Summer,Casual
53742,Men,Lounge Pants,Summer,Casual
53743,Men,Track Pants,Fall,Casual
53744,Men,Lounge Shorts,Summer,Casual
53745,Men,Lounge Pants,Summer,Casual
53747,Women,Lounge Pants,Summer,Casual
53748,Women,Jeans,Summer,Casual
53749,Men,Lounge Pants,Summer,Casual
53750,Men,Track Pants,Summer,Casual
53751,Women,Lounge Pants,Summer,Casual
53752,Women,Shorts,Summer,Casual
53753,Women,Shorts,Summer,Casual
53754,Men,Blazers,Summer,Casual
53755,Men,Shorts,Summer,Casual
53756,Unisex,Backpacks,Summer,Casual
53757,Women,Sports Shoes,Summer,Casual
53759,Men,Shirts,Summer,Casual
53760,Men,Tshirts,Summer,Casual
53761,Men,Tshirts,Summer,Casual
53762,Men,Tshirts,Summer,Casual
53763,Men,Tshirts,Summer,Casual
53764,Men,Tshirts,Summer,Casual
53765,Men,Tshirts,Summer,Casual
53766,Men,Tshirts,Summer,Casual
53767,Men,Tshirts,Summer,Casual
53768,Men,Tshirts,Summer,Casual
53770,Women,Tshirts,Summer,Casual
53771,Men,Tshirts,Summer,Casual
53772,Men,Tshirts,Summer,Casual
53773,Men,Tshirts,Summer,Casual
53774,Men,Tshirts,Summer,Casual
53775,Men,Tshirts,Summer,Casual
53776,Men,Lounge Shorts,Summer,Casual
53777,Men,Sports Shoes,Fall,Sports
53778,Women,Tshirts,Summer,Casual
53779,Women,Tops,Summer,Casual
53780,Men,Innerwear Vests,Summer,Casual
53781,Men,Tshirts,Summer,Casual
53782,Men,Tshirts,Summer,Casual
53783,Men,Shirts,Summer,Casual
53784,Men,Shirts,Summer,Casual
53785,Men,Shirts,Summer,Casual
53786,Men,Tshirts,Summer,Casual
53787,Men,Tshirts,Summer,Casual
53788,Men,Tshirts,Summer,Casual
53791,Men,Tshirts,Summer,Casual
53793,Men,Tshirts,Summer,Casual
53794,Men,Tshirts,Summer,Casual
53795,Men,Tshirts,Summer,Casual
53796,Men,Tshirts,Summer,Casual
53797,Men,Tshirts,Summer,Casual
53798,Men,Blazers,Summer,Casual
53799,Men,Tshirts,Summer,Casual
53800,Men,Tshirts,Summer,Casual
53801,Men,Tshirts,Summer,Casual
53802,Men,Tshirts,Summer,Casual
53803,Men,Tshirts,Summer,Casual
53804,Men,Tshirts,Summer,Casual
53805,Women,Socks,Summer,Casual
53806,Women,Socks,Summer,Casual
53807,Women,Shorts,Summer,Casual
53808,Women,Kurtas,Summer,Casual
53809,Women,Dresses,Summer,Casual
53810,Women,Kurtas,Summer,Ethnic
53811,Women,Kurtas,Summer,Casual
53812,Women,Dupatta,Summer,Casual
53813,Women,Tops,Summer,Ethnic
53814,Women,Kurta Sets,Summer,Casual
53815,Women,Kurtas,Summer,Ethnic
53816,Women,Shirts,Summer,Ethnic
53817,Women,Kurta Sets,Summer,Casual
53818,Women,Kurtas,Summer,Casual
53819,Men,Shirts,Fall,Casual
53820,Men,Shirts,Summer,Casual
53822,Men,Sweaters,Summer,Casual
53823,Women,Kurtas,Summer,Ethnic
53824,Women,Tops,Summer,Ethnic
53825,Women,Kurta Sets,Summer,Casual
53826,Women,Kurtas,Fall,Ethnic
53829,Women,Kurtas,Summer,Casual
53830,Women,Kurtas,Summer,Ethnic
53832,Women,Tops,Summer,Ethnic
53833,Women,Kurtas,Summer,Ethnic
53834,Women,Kurtas,Summer,Ethnic
53835,Women,Tops,Summer,Ethnic
53836,Women,Kurtas,Summer,Ethnic
53837,Women,Dresses,Summer,Ethnic
53838,Women,Kurtas,Summer,Ethnic
53839,Women,Kurtas,Summer,Ethnic
53840,Women,Kurtas,Summer,Ethnic
53841,Women,Kurtas,Summer,Ethnic
53842,Women,Dresses,Summer,Ethnic
53843,Women,Dresses,Summer,Ethnic
53849,Women,Kurtas,Summer,Ethnic
53850,Women,Kurtas,Summer,Ethnic
53851,Women,Kurtas,Summer,Ethnic
53852,Women,Dresses,Summer,Casual
53856,Women,Kurtas,Summer,Ethnic
53857,Women,Dresses,Summer,Casual
53859,Women,Dresses,Summer,Casual
53861,Women,Kurtas,Summer,Ethnic
53863,Women,Kurtas,Summer,Ethnic
53864,Women,Kurtas,Summer,Casual
53866,Women,Kurtas,Summer,Casual
53867,Women,Heels,Winter,Casual
53868,Women,Heels,Winter,Casual
53869,Women,Flip Flops,Winter,Casual
53870,Women,Heels,Winter,Casual
53871,Men,Watches,Winter,Casual
53872,Women,Sports Shoes,Summer,Sports
53873,Men,Sports Shoes,Fall,Sports
53874,Men,Sports Shoes,Fall,Sports
53875,Men,Flip Flops,Winter,Casual
53876,Men,Flip Flops,Winter,Casual
53877,Men,Flip Flops,Winter,Casual
53878,Men,Flip Flops,Summer,Casual
53879,Men,Flip Flops,Summer,Casual
53880,Men,Flip Flops,Summer,Casual
53881,Men,Flip Flops,Winter,Casual
53882,Women,Flip Flops,Winter,Casual
53883,Men,Flip Flops,Summer,Casual
53884,Women,Handbags,Winter,Casual
53886,Women,Handbags,Winter,Casual
53887,Women,Handbags,Summer,Casual
53888,Women,Handbags,Summer,Casual
53889,Women,Handbags,Summer,Casual
53890,Women,Handbags,Winter,Casual
53891,Women,Handbags,Summer,Casual
53892,Women,Wallets,Summer,Casual
53893,Women,Handbags,Summer,Casual
53894,Women,Handbags,Summer,Casual
53895,Women,Handbags,Summer,Casual
53896,Women,Handbags,Summer,Casual
53897,Women,Handbags,Summer,Casual
53900,Women,Handbags,Winter,Casual
53902,Women,Handbags,Winter,Casual
53905,Women,Handbags,Summer,Casual
53907,Women,Handbags,Winter,Casual
53911,Women,Handbags,Winter,Casual
53914,Women,Sports Shoes,Winter,Casual
53918,Women,Handbags,Winter,Casual
53921,Women,Handbags,Winter,Casual
53927,Women,Handbags,Winter,Casual
53928,Women,Handbags,Summer,Casual
53930,Women,Handbags,Winter,Casual
53931,Women,Handbags,Winter,Casual
53934,Women,Handbags,Winter,Casual
53935,Women,Handbags,Winter,Casual
53941,Women,Duffel Bag,Winter,Casual
53942,Women,Handbags,Winter,Casual
53943,Women,Handbags,Winter,Casual
53944,Women,Handbags,Winter,Casual
53946,Women,Handbags,Winter,Casual
53961,Women,Handbags,Winter,Casual
53963,Women,Handbags,Winter,Casual
53964,Women,Handbags,Winter,Casual
53979,Women,Handbags,Winter,Casual
53981,Women,Handbags,Winter,Casual
53985,Women,Handbags,Winter,Casual
53990,Women,Handbags,Winter,Casual
53991,Women,Handbags,Winter,Casual
53994,Women,Handbags,Summer,Casual
53997,Women,Handbags,Winter,Casual
53999,Women,Handbags,Winter,Casual
54000,Women,Handbags,Summer,Casual
54002,Women,Handbags,Winter,Casual
54003,Women,Handbags,Winter,Casual
54007,Women,Handbags,Winter,Casual
54008,Women,Handbags,Winter,Casual
54009,Women,Handbags,Summer,Casual
54014,Women,Handbags,Summer,Casual
54016,Women,Handbags,Summer,Casual
54017,Women,Messenger Bag,Summer,Casual
54018,Women,Handbags,Summer,Casual
54019,Men,Handbags,Summer,Casual
54020,Women,Messenger Bag,Summer,Casual
54031,Women,Wallets,Winter,Casual
54032,Women,Mobile Pouch,Winter,Casual
54033,Women,Handbags,Summer,Casual
54035,Women,Handbags,Summer,Casual
54036,Women,Handbags,Summer,Casual
54040,Women,Backpacks,Winter,Casual
54041,Women,Handbags,Winter,Casual
54049,Women,Jeans,Summer,Casual
54050,Women,Jeans,Summer,Casual
54051,Women,Lounge Pants,Summer,Casual
54052,Women,Patiala,Summer,Casual
54053,Women,Leggings,Summer,Casual
54054,Women,Leggings,Summer,Casual
54055,Women,Leggings,Summer,Casual
54056,Women,Leggings,Summer,Casual
54057,Women,Patiala,Summer,Casual
54058,Women,Lounge Pants,Summer,Casual
54059,Men,Leggings,Summer,Casual
54060,Men,Lounge Pants,Summer,Casual
54061,Women,Deodorant,Spring,Casual
54062,Women,Deodorant,Spring,Casual
54063,Women,Deodorant,Spring,Casual
54064,Women,Deodorant,Spring,Casual
54065,Men,Casual Shoes,Summer,Sports
54066,Men,Casual Shoes,Fall,Casual
54068,Men,Sports Shoes,Summer,Sports
54069,Men,Flip Flops,Winter,Casual
54070,Men,Sports Shoes,Summer,Sports
54071,Men,Sports Shoes,Fall,Sports
54072,Men,Sports Shoes,Fall,Sports
54073,Men,Sports Shoes,Fall,Casual
54076,Men,Casual Shoes,Summer,Casual
54077,Women,Flip Flops,Winter,Casual
54078,Men,Sports Shoes,Winter,Casual
54079,Women,Shirts,Summer,Casual
54080,Women,Kurtis,Summer,Casual
54081,Women,Kurtas,Summer,Casual
54082,Men,Shirts,Summer,Casual
54083,Men,Kurtis,Summer,Casual
54084,Women,Tshirts,Summer,Casual
54086,Women,Tshirts,Summer,Ethnic
54087,Women,Tops,Summer,Ethnic
54088,Women,Tops,Summer,Casual
54089,Men,Tshirts,Summer,Casual
54090,Women,Shirts,Summer,Casual
54095,Women,Caps,Summer,Casual
54103,Women,Bangle,Winter,Casual
54104,Women,Heels,Winter,Casual
54105,Women,Bracelet,Winter,Casual
54106,Women,Flip Flops,Winter,Casual
54107,Women,Heels,Winter,Casual
54108,Women,Heels,Winter,Casual
54109,Women,Bracelet,Winter,Casual
54110,Women,Flip Flops,Winter,Casual
54111,Women,Heels,Winter,Casual
54112,Women,Heels,Winter,Casual
54113,Women,Heels,Winter,Casual
54114,Women,Flip Flops,Winter,Casual
54115,Women,Heels,Winter,Casual
54116,Women,Flip Flops,Winter,Casual
54117,Women,Flip Flops,Winter,Casual
54118,Women,Flip Flops,Winter,Casual
54119,Women,Heels,Winter,Casual
54120,Women,Flip Flops,Winter,Casual
54121,Women,Flip Flops,Winter,Casual
54122,Women,Flip Flops,Winter,Casual
54123,Women,Heels,Winter,Casual
54124,Women,Flip Flops,Winter,Casual
54125,Women,Heels,Winter,Casual
54126,Women,Heels,Winter,Casual
54127,Women,Heels,Winter,Casual
54128,Women,Heels,Winter,Casual
54129,Women,Flip Flops,Winter,Casual
54130,Women,Heels,Winter,Casual
54131,Women,Heels,Winter,Casual
54132,Women,Flip Flops,Winter,Casual
54133,Women,Heels,Winter,Casual
54134,Women,Heels,Winter,Casual
54135,Women,Flip Flops,Winter,Casual
54136,Women,Flip Flops,Winter,Casual
54137,Women,Heels,Winter,Casual
54138,Women,Heels,Winter,Casual
54139,Women,Heels,Winter,Casual
54140,Women,Heels,Winter,Casual
54141,Women,Heels,Winter,Casual
54142,Women,Heels,Winter,Casual
54143,Women,Heels,Winter,Casual
54144,Women,Heels,Winter,Casual
54145,Women,Sandals,Winter,Casual
54146,Women,Dresses,Summer,Casual
54147,Men,Necklace and Chains,Winter,Casual
54148,Women,Handbags,Winter,Casual
54149,Women,Necklace and Chains,Summer,Casual
54150,Women,Necklace and Chains,Summer,Casual
54151,Women,Necklace and Chains,Summer,Casual
54152,Women,Jewellery Set,Winter,Casual
54153,Women,Necklace and Chains,Winter,Casual
54154,Women,Necklace and Chains,Summer,Casual
54155,Women,Necklace and Chains,Summer,Casual
54156,Women,Jewellery Set,Summer,Casual
54157,Women,Necklace and Chains,Summer,Casual
54158,Women,Necklace and Chains,Winter,Casual
54159,Women,Necklace and Chains,Winter,Casual
54160,Women,Necklace and Chains,Summer,Casual
54161,Women,Perfume and Body Mist,Summer,Casual
54162,Women,Necklace and Chains,Winter,Casual
54163,Women,Necklace and Chains,Summer,Casual
54164,Women,Necklace and Chains,Summer,Casual
54165,Women,Necklace and Chains,Winter,Casual
54166,Women,Necklace and Chains,Winter,Casual
54167,Women,Necklace and Chains,Summer,Casual
54168,Men,Necklace and Chains,Summer,Casual
54169,Women,Necklace and Chains,Summer,Casual
54170,Women,Necklace and Chains,Summer,Casual
54171,Women,Pendant,Summer,Casual
54172,Women,Necklace and Chains,Winter,Casual
54173,Women,Necklace and Chains,Summer,Casual
54174,Women,Necklace and Chains,Winter,Casual
54175,Men,Necklace and Chains,Summer,Casual
54176,Women,Necklace and Chains,Summer,Casual
54177,Women,Tshirts,Winter,Casual
54178,Women,Handbags,Winter,Casual
54182,Women,Handbags,Winter,Casual
54183,Women,Handbags,Summer,Casual
54185,Men,Backpacks,Winter,Casual
54186,Men,Briefs,Summer,Casual
54187,Men,Briefs,Summer,Casual
54188,Men,Briefs,Summer,Casual
54189,Men,Briefs,Summer,Casual
54192,Women,Trousers,Summer,Casual
54194,Women,Lounge Pants,Summer,Casual
54200,Men,Shorts,Summer,Casual
54202,Men,Shirts,Summer,Casual
54225,Women,Trousers,Summer,Casual
54226,Women,Lounge Pants,Summer,Casual
54228,Women,Flip Flops,Winter,Casual
54229,Women,Handbags,Summer,Casual
54252,Men,Shirts,Summer,Formal
54280,Men,Shirts,Summer,Formal
54302,Men,Bra,Summer,Casual
54303,Men,Briefs,Summer,Casual
54304,Men,Briefs,Summer,Casual
54305,Men,Bra,Summer,Casual
54306,Men,Briefs,Summer,Casual
54307,Men,Briefs,Summer,Casual
54311,Men,Briefs,Summer,Casual
54318,Women,Bra,Summer,Casual
54319,Men,Briefs,Summer,Casual
54320,Men,Briefs,Summer,Casual
54325,Women,Bra,Summer,Casual
54326,Men,Briefs,Summer,Casual
54327,Men,Bra,Summer,Casual
54328,Men,Briefs,Summer,Casual
54329,Men,Briefs,Summer,Casual
54330,Men,Briefs,Summer,Casual
54332,Men,Briefs,Summer,Casual
54334,Women,Jeans,Summer,Casual
54338,Women,Tops,Summer,Casual
54339,Men,Socks,Summer,Casual
54340,Men,Socks,Summer,Casual
54341,Men,Socks,Summer,Casual
54342,Women,Leggings,Summer,Casual
54343,Women,Formal Shoes,Summer,Casual
54344,Women,Socks,Summer,Casual
54345,Women,Socks,Summer,Casual
54346,Men,Socks,Summer,Casual
54375,Women,Earrings,Summer,Casual
54380,Women,Handbags,Summer,Casual
54381,Women,Wallets,Summer,Casual
54382,Women,Handbags,Winter,Casual
54383,Women,Wallets,Summer,Casual
54384,Women,Handbags,Winter,Casual
54385,Women,Duffel Bag,Summer,Casual
54386,Women,Duffel Bag,Winter,Casual
54387,Women,Handbags,Winter,Casual
54388,Women,Handbags,Winter,Casual
54389,Women,Wallets,Summer,Casual
54390,Women,Wallets,Summer,Casual
54391,Women,Handbags,Winter,Casual
54392,Women,Handbags,Winter,Casual
54393,Women,Handbags,Summer,Casual
54394,Women,Handbags,Summer,Casual
54395,Women,Wallets,Summer,Casual
54396,Women,Wallets,Winter,Casual
54397,Women,Handbags,Summer,Casual
54398,Women,Handbags,Winter,Casual
54399,Women,Wallets,Summer,Casual
54400,Women,Wallets,Summer,Casual
54401,Women,Wallets,Summer,Casual
54402,Women,Wallets,Winter,Casual
54403,Women,Wallets,Summer,Casual
54404,Women,Wallets,Summer,Casual
54405,Women,Wallets,Summer,Casual
54406,Women,Handbags,Winter,Casual
54407,Women,Handbags,Summer,Casual
54408,Women,Tshirts,Winter,Casual
54409,Men,Caps,Winter,Casual
54410,Women,Wallets,Winter,Casual
54411,Women,Wallets,Summer,Casual
54412,Women,Wallets,Summer,Casual
54475,Women,Handbags,Winter,Casual
54476,Women,Handbags,Winter,Casual
54477,Men,Briefs,Summer,Casual
54478,Men,Briefs,Summer,Casual
54479,Men,Briefs,Summer,Casual
54480,Men,Briefs,Summer,Casual
54481,Men,Briefs,Summer,Casual
54482,Men,Briefs,Summer,Casual
54483,Men,Briefs,Summer,Casual
54484,Men,Briefs,Summer,Casual
54485,Men,Briefs,Summer,Casual
54486,Men,Briefs,Summer,Casual
54487,Women,Handbags,Summer,Casual
54488,Women,Duffel Bag,Summer,Casual
54489,Women,Duffel Bag,Summer,Casual
54490,Women,Messenger Bag,Summer,Casual
54491,Women,Handbags,Winter,Casual
54492,Women,Handbags,Winter,Casual
54493,Women,Handbags,Summer,Casual
54494,Women,Handbags,Summer,Casual
54495,Women,Handbags,Winter,Casual
54496,Women,Handbags,Winter,Casual
54497,Women,Duffel Bag,Winter,Casual
54498,Women,Handbags,Winter,Casual
54499,Women,Handbags,Winter,Casual
54500,Women,Messenger Bag,Winter,Casual
54501,Women,Handbags,Summer,Casual
54502,Women,Handbags,Winter,Casual
54503,Unisex,Backpacks,Winter,Casual
54504,Women,Handbags,Summer,Casual
54505,Women,Handbags,Winter,Casual
54506,Women,Handbags,Summer,Casual
54507,Women,Handbags,Winter,Casual
54508,Women,Handbags,Summer,Casual
54509,Women,Handbags,Winter,Casual
54510,Women,Handbags,Winter,Casual
54511,Women,Messenger Bag,Summer,Casual
54512,Women,Handbags,Winter,Casual
54513,Men,Sports Shoes,Fall,Casual
54514,Men,Sports Shoes,Summer,Casual
54515,Men,Sports Shoes,Fall,Sports
54516,Men,Sports Shoes,Fall,Sports
54517,Men,Travel Accessory,Summer,Sports
54518,Men,Sports Shoes,Fall,Sports
54519,Men,Casual Shoes,Summer,Casual
54520,Men,Casual Shoes,Summer,Casual
54521,Men,Sports Shoes,Fall,Sports
54522,Men,Sports Shoes,Summer,Sports
54523,Men,Sports Shoes,Summer,Sports
54524,Men,Sports Shoes,Fall,Sports
54525,Men,Sports Shoes,Fall,Casual
54526,Men,Sports Shoes,Fall,Sports
54527,Men,Sports Shoes,Summer,Casual
54528,Men,Casual Shoes,Summer,Sports
54529,Men,Sports Shoes,Fall,Sports
54530,Men,Sports Shoes,Fall,Sports
54533,Men,Sports Shoes,Fall,Sports
54534,Men,Sports Shoes,Summer,Sports
54535,Men,Sports Shoes,Summer,Sports
54536,Men,Sports Shoes,Fall,Casual
54537,Men,Sports Shoes,Summer,Sports
54538,Men,Sports Shoes,Fall,Sports
54539,Men,Sports Shoes,Fall,Casual
54540,Men,Sports Shoes,Fall,Sports
54541,Men,Sports Shoes,Summer,Casual
54542,Men,Sports Shoes,Summer,Casual
54543,Men,Sports Shoes,Summer,Sports
54544,Men,Sports Shoes,Fall,Casual
54545,Women,Handbags,Summer,Casual
54546,Men,Backpacks,Summer,Casual
54547,Women,Dresses,Summer,Ethnic
54548,Women,Kurtas,Summer,Ethnic
54549,Women,Dresses,Summer,Ethnic
54550,Women,Kurtas,Summer,Ethnic
54551,Women,Kurtis,Summer,Casual
54553,Women,Kurtas,Summer,Ethnic
54554,Women,Dresses,Summer,Ethnic
54555,Women,Dupatta,Summer,Ethnic
54556,Women,Kurtas,Summer,Ethnic
54557,Women,Dresses,Summer,Ethnic
54558,Women,Kurtas,Summer,Ethnic
54559,Women,Kurtas,Summer,Ethnic
54561,Women,Kurtas,Summer,Ethnic
54562,Women,Kurtas,Summer,Ethnic
54563,Women,Kurtas,Summer,Ethnic
54564,Women,Kurtas,Summer,Ethnic
54565,Women,Kurtas,Summer,Casual
54566,Women,Kurtas,Summer,Casual
54567,Women,Kurtas,Summer,Ethnic
54568,Women,Kurtas,Summer,Ethnic
54569,Women,Kurtas,Summer,Casual
54570,Women,Kurtas,Summer,Ethnic
54571,Women,Kurtas,Summer,Ethnic
54572,Women,Kurtas,Summer,Ethnic
54573,Women,Tops,Summer,Ethnic
54574,Women,Tops,Summer,Ethnic
54575,Women,Tops,Summer,Ethnic
54576,Women,Kurtas,Summer,Ethnic
54577,Women,Kurtas,Summer,Ethnic
54578,Women,Kurtas,Summer,Ethnic
54579,Women,Kurtas,Summer,Ethnic
54580,Women,Tunics,Summer,Ethnic
54581,Women,Kurtas,Summer,Casual
54582,Men,Kurtas,Summer,Casual
54584,Women,Kurtas,Summer,Ethnic
54585,Women,Kurtas,Summer,Ethnic
54586,Men,Kurtas,Fall,Casual
54587,Women,Kurtas,Summer,Casual
54588,Women,Dupatta,Summer,Ethnic
54589,Women,Kurtis,Summer,Ethnic
54590,Women,Kurtis,Summer,Ethnic
54595,Women,Kurtas,Summer,Ethnic
54596,Women,Kurtas,Summer,Ethnic
54597,Women,Kurtas,Summer,Ethnic
54598,Women,Kurtas,Summer,Casual
54599,Women,Kurtas,Summer,Ethnic
54600,Men,Briefs,Summer,Casual
54601,Men,Briefs,Summer,Casual
54602,Men,Briefs,Summer,Casual
54603,Men,Briefs,Summer,Casual
54604,Men,Briefs,Summer,Casual
54605,Women,Briefs,Summer,Casual
54606,Men,Briefs,Summer,Casual
54607,Men,Briefs,Summer,Casual
54608,Men,Briefs,Summer,Casual
54609,Men,Briefs,Summer,Casual
54610,Men,Briefs,Summer,Casual
54611,Men,Briefs,Summer,Casual
54612,Women,Wallets,Summer,Casual
54613,Men,Briefs,Summer,Casual
54614,Women,Briefs,Summer,Casual
54615,Men,Briefs,Summer,Casual
54616,Men,Briefs,Summer,Casual
54617,Men,Briefs,Summer,Casual
54618,Men,Briefs,Summer,Casual
54619,Men,Watches,Winter,Casual
54620,Men,Watches,Winter,Casual
54621,Men,Watches,Winter,Casual
54622,Men,Watches,Winter,Casual
54623,Men,Watches,Winter,Casual
54625,Men,Watches,Winter,Casual
54626,Men,Watches,Winter,Casual
54627,Men,Watches,Winter,Casual
54628,Men,Watches,Winter,Casual
54629,Men,Watches,Winter,Casual
54630,Men,Watches,Winter,Casual
54631,Women,Watches,Winter,Casual
54632,Men,Watches,Winter,Casual
54633,Men,Watches,Winter,Casual
54634,Men,Watches,Winter,Casual
54635,Men,Watches,Winter,Casual
54636,Men,Watches,Winter,Casual
54637,Men,Watches,Winter,Casual
54638,Men,Watches,Winter,Casual
54639,Men,Watches,Winter,Casual
54640,Men,Watches,Winter,Casual
54641,Women,Free Gifts,Winter,Casual
54642,Men,Watches,Winter,Casual
54643,Men,Watches,Winter,Casual
54644,Men,Watches,Winter,Casual
54645,Men,Watches,Winter,Casual
54646,Women,Watches,Winter,Casual
54647,Women,Watches,Winter,Casual
54648,Men,Watches,Winter,Casual
54649,Women,Watches,Winter,Casual
54650,Women,Socks,Winter,Casual
54651,Women,Watches,Summer,Casual
54652,Women,Socks,Winter,Casual
54653,Women,Watches,Winter,Casual
54654,Women,Watches,Winter,Casual
54655,Men,Watches,Winter,Casual
54656,Women,Socks,Winter,Casual
54657,Men,Socks,Winter,Casual
54658,Women,Watches,Winter,Casual
54659,Men,Socks,Winter,Casual
54660,Women,Watches,Winter,Casual
54661,Women,Watches,Winter,Casual
54662,Men,Watches,Winter,Casual
54663,Women,Watches,Winter,Casual
54664,Men,Watches,Winter,Casual
54665,Men,Watches,Winter,Casual
54666,Men,Watches,Winter,Casual
54667,Men,Watches,Winter,Casual
54668,Women,Watches,Winter,Casual
54669,Women,Watches,Winter,Casual
54670,Men,Tshirts,Winter,Casual
54671,Men,Watches,Winter,Casual
54672,Men,Watches,Winter,Casual
54674,Women,Watches,Winter,Casual
54675,Men,Watches,Winter,Casual
54676,Men,Watches,Winter,Casual
54677,Men,Watches,Winter,Casual
54678,Women,Watches,Winter,Casual
54679,Women,Tshirts,Winter,Casual
54680,Women,Stoles,Summer,Casual
54681,Women,Kurtas,Summer,Ethnic
54682,Women,Kurtas,Summer,Casual
54683,Women,Dresses,Summer,Casual
54684,Men,Kurtas,Summer,Casual
54685,Men,Kurtas,Summer,Casual
54686,Women,Kurta Sets,Summer,Casual
54687,Men,Kurtas,Summer,Casual
54688,Women,Kurta Sets,Summer,Casual
54689,Women,Kurta Sets,Summer,Casual
54690,Men,Kurtas,Summer,Casual
54691,Women,Dupatta,Summer,Ethnic
54692,Men,Kurtas,Summer,Casual
54693,Men,Kurtas,Summer,Casual
54694,Men,Kurtas,Summer,Casual
54695,Women,Kurtas,Summer,Casual
54696,Men,Tops,Summer,Ethnic
54697,Women,Kurtas,Summer,Ethnic
54698,Women,Dresses,Summer,Casual
54699,Women,Tunics,Summer,Casual
54700,Women,Kurtas,Summer,Casual
54702,Women,Kurtis,Summer,Casual
54703,Women,Night suits,Summer,Casual
54704,Women,Kurta Sets,Summer,Casual
54705,Women,Kurta Sets,Summer,Ethnic
54706,Men,Kurtas,Summer,Ethnic
54708,Men,Kurtas,Summer,Ethnic
54710,Women,Kurtas,Summer,Casual
54711,Women,Kurtas,Summer,Casual
54712,Women,Dupatta,Summer,Casual
54713,Women,Kurta Sets,Summer,Casual
54714,Women,Deodorant,Summer,Casual
54715,Women,Kurta Sets,Summer,Ethnic
54716,Men,Kurtas,Summer,Casual
54717,Women,Dresses,Summer,Casual
54718,Women,Dresses,Summer,Casual
54719,Men,Kurtas,Summer,Casual
54720,Men,Dupatta,Summer,Casual
54721,Women,Kurta Sets,Summer,Casual
54722,Women,Kurta Sets,Summer,Casual
54723,Women,Kurta Sets,Summer,Casual
54724,Women,Kurta Sets,Summer,Casual
54725,Women,Kurtas,Summer,Ethnic
54726,Women,Kurtas,Summer,Casual
54727,Women,Tunics,Summer,Casual
54728,Men,Casual Shoes,Summer,Casual
54729,Men,Sports Shoes,Summer,Casual
54730,Men,Casual Shoes,Summer,Formal
54731,Men,Casual Shoes,Summer,Casual
54732,Men,Casual Shoes,Summer,Casual
54733,Men,Casual Shoes,Summer,Casual
54734,Men,Casual Shoes,Summer,Casual
54735,Men,Casual Shoes,Summer,Casual
54736,Men,Casual Shoes,Summer,Casual
54737,Men,Casual Shoes,Summer,Casual
54738,Men,Formal Shoes,Winter,Casual
54739,Men,Casual Shoes,Summer,Sports
54740,Men,Heels,Summer,Casual
54741,Men,Casual Shoes,Summer,Casual
54742,Men,Casual Shoes,Summer,Casual
54744,Women,Kurtas,Summer,Ethnic
54767,Women,Kurtas,Summer,Ethnic
54792,Men,Jeans,Summer,Casual
54794,Women,Lounge Pants,Summer,Casual
54796,Women,Jeans,Summer,Casual
54800,Men,Jeans,Summer,Casual
54804,Women,Handbags,Summer,Casual
54805,Women,Handbags,Summer,Casual
54807,Women,Handbags,Summer,Casual
54808,Women,Sports Shoes,Winter,Casual
54812,Women,Handbags,Summer,Casual
54813,Unisex,Backpacks,Summer,Casual
54819,Women,Handbags,Winter,Casual
54823,Women,Handbags,Summer,Casual
54827,Women,Messenger Bag,Winter,Casual
54828,Men,Mobile Pouch,Summer,Casual
54829,Men,Messenger Bag,Winter,Casual
54831,Women,Duffel Bag,Summer,Casual
54834,Women,Handbags,Summer,Casual
54836,Women,Duffel Bag,Summer,Casual
54838,Women,Messenger Bag,Summer,Casual
54842,Men,Sports Shoes,Winter,Casual
54849,Men,Jewellery Set,Summer,Casual
54850,Women,Jewellery Set,Winter,Casual
54851,Women,Jewellery Set,Summer,Casual
54852,Women,Necklace and Chains,Summer,Casual
54853,Women,Necklace and Chains,Winter,Casual
54854,Men,Jewellery Set,Summer,Casual
54856,Men,Necklace and Chains,Summer,Casual
54857,Women,Necklace and Chains,Summer,Casual
54858,Women,Necklace and Chains,Winter,Casual
54859,Women,Handbags,Summer,Casual
54860,Women,Night suits,Summer,Casual
54861,Women,Jewellery Set,Winter,Casual
54862,Women,Jewellery Set,Winter,Casual
54863,Women,Necklace and Chains,Summer,Casual
54864,Women,Necklace and Chains,Summer,Casual
54865,Women,Necklace and Chains,Summer,Casual
54866,Women,Necklace and Chains,Winter,Casual
54867,Women,Necklace and Chains,Summer,Casual
54868,Women,Necklace and Chains,Summer,Casual
54869,Women,Necklace and Chains,Summer,Casual
54870,Women,Necklace and Chains,Summer,Casual
54871,Women,Necklace and Chains,Summer,Casual
54872,Women,Necklace and Chains,Winter,Casual
54873,Men,Necklace and Chains,Winter,Casual
54874,Men,Necklace and Chains,Winter,Casual
54875,Women,Jewellery Set,Summer,Casual
54876,Women,Necklace and Chains,Summer,Casual
54877,Women,Jewellery Set,Winter,Casual
54878,Women,Necklace and Chains,Winter,Casual
54879,Women,Necklace and Chains,Winter,Casual
54880,Men,Jewellery Set,Summer,Casual
54881,Women,Necklace and Chains,Winter,Casual
54882,Women,Necklace and Chains,Summer,Casual
54883,Women,Necklace and Chains,Summer,Casual
54884,Women,Jewellery Set,Winter,Casual
54885,Women,Necklace and Chains,Winter,Casual
54886,Women,Necklace and Chains,Summer,Casual
54888,Women,Necklace and Chains,Winter,Casual
54889,Men,Sweatshirts,Summer,Casual
54890,Men,Tops,Summer,Casual
54891,Men,Tshirts,Summer,Casual
54894,Men,Lounge Pants,Summer,Casual
54896,Men,Track Pants,Summer,Sports
54897,Men,Tops,Summer,Casual
54899,Women,Tops,Summer,Casual
54900,Men,Tshirts,Summer,Casual
54901,Men,Shirts,Summer,Casual
54902,Men,Tshirts,Summer,Casual
54903,Men,Tshirts,Summer,Casual
54904,Men,Tshirts,Summer,Casual
54905,Men,Tshirts,Summer,Casual
54906,Men,Tshirts,Summer,Casual
54907,Boys,Tshirts,Summer,Casual
54908,Men,Tshirts,Summer,Casual
54909,Women,Tshirts,Summer,Casual
54911,Men,Tshirts,Summer,Casual
54913,Men,Shirts,Summer,Casual
54914,Women,Tops,Summer,Casual
54915,Men,Tshirts,Summer,Casual
54918,Women,Lounge Shorts,Summer,Casual
54919,Men,Lounge Pants,Summer,Casual
54921,Women,Lounge Shorts,Summer,Casual
54923,Girls,Capris,Summer,Casual
54924,Men,Boxers,Summer,Casual
54925,Men,Boxers,Summer,Casual
54926,Men,Tshirts,Summer,Casual
54927,Men,Tshirts,Summer,Casual
54928,Men,Tshirts,Summer,Casual
54929,Men,Tshirts,Summer,Casual
54930,Men,Tshirts,Summer,Casual
54931,Men,Tshirts,Summer,Casual
54932,Women,Tops,Summer,Casual
54933,Women,Rompers,Summer,Casual
54934,Women,Tops,Summer,Casual
54935,Men,Tops,Summer,Casual
54936,Men,Tshirts,Summer,Casual
54937,Men,Tops,Summer,Casual
54938,Women,Stoles,Summer,Casual
54939,Women,Tops,Summer,Casual
54940,Women,Tshirts,Summer,Casual
54941,Women,Tops,Summer,Casual
54942,Men,Tshirts,Summer,Casual
54943,Men,Tshirts,Summer,Casual
54944,Men,Tshirts,Summer,Casual
54945,Men,Tshirts,Summer,Casual
54946,Men,Tshirts,Summer,Casual
54947,Men,Tshirts,Summer,Casual
54948,Men,Shirts,Summer,Casual
54949,Men,Shirts,Summer,Casual
54950,Men,Tshirts,Summer,Casual
54951,Men,Tshirts,Summer,Casual
54953,Men,Shirts,Summer,Casual
54954,Men,Tshirts,Summer,Casual
54955,Men,Tshirts,Summer,Casual
54957,Girls,Tshirts,Summer,Casual
54958,Men,Tshirts,Summer,Casual
54959,Women,Tshirts,Summer,Casual
54960,Men,Tshirts,Summer,Casual
54961,Men,Tshirts,Summer,Casual
54964,Women,Tops,Summer,Casual
54965,Men,Tshirts,Summer,Casual
54966,Men,Casual Shoes,Summer,Casual
54967,Men,Tops,Spring,Casual
54968,Men,Deodorant,Spring,Casual
54969,Men,Deodorant,Spring,Casual
54970,Women,Perfume and Body Mist,Spring,Casual
54971,Women,Dresses,Summer,Ethnic
54972,Women,Innerwear Vests,Summer,Ethnic
54973,Women,Dresses,Summer,Casual
54974,Women,Dresses,Summer,Casual
54975,Men,Tshirts,Summer,Casual
54976,Women,Dresses,Summer,Casual
54977,Women,Jeans,Summer,Casual
54978,Women,Night suits,Summer,Casual
54979,Men,Shirts,Summer,Casual
54980,Women,Kurta Sets,Summer,Casual
54981,Women,Tops,Summer,Casual
54982,Women,Jeans,Summer,Casual
54983,Women,Night suits,Summer,Casual
54984,Women,Jeans,Summer,Casual
54985,Women,Jeans,Summer,Casual
54986,Men,Tops,Summer,Casual
54987,Women,Tops,Summer,Ethnic
54988,Women,Kurtis,Summer,Casual
54989,Women,Tunics,Summer,Casual
54990,Women,Kurta Sets,Winter,Casual
54991,Women,Kurtas,Summer,Ethnic
54992,Women,Dresses,Summer,Casual
54993,Men,Shirts,Fall,Casual
54995,Women,Lip Liner,Spring,Casual
54997,Women,Lip Liner,Spring,Casual
55000,Women,Lip Liner,Spring,Casual
55001,Women,Lip Liner,Spring,Casual
55002,Women,Lip Liner,Spring,Casual
55003,Women,Lip Liner,Spring,Casual
55004,Men,Briefs,Winter,Casual
55005,Women,Earrings,Spring,Casual
55006,Women,Lipstick,Spring,Casual
55007,Women,Lipstick,Spring,Casual
55008,Women,Lipstick,Spring,Casual
55009,Women,Lip Gloss,Spring,Casual
55010,Women,Lip Gloss,Spring,Casual
55012,Women,Kajal and Eyeliner,Spring,Casual
55013,Men,Kajal and Eyeliner,Spring,Formal
55015,Women,Kajal and Eyeliner,Spring,Casual
55016,Men,Kajal and Eyeliner,Spring,Formal
55018,Women,Kajal and Eyeliner,Spring,Casual
55020,Women,Kajal and Eyeliner,Spring,Casual
55021,Women,Lipstick,Spring,Casual
55022,Women,Lipstick,Spring,Casual
55023,Women,Lipstick,Spring,Casual
55024,Women,Lipstick,Spring,Casual
55025,Women,Lipstick,Spring,Casual
55026,Women,Lipstick,Spring,Casual
55027,Women,Lipstick,Spring,Casual
55028,Women,Lipstick,Spring,Casual
55029,Women,Lipstick,Spring,Casual
55030,Women,Lipstick,Spring,Casual
55031,Women,Lipstick,Spring,Casual
55032,Women,Lipstick,Spring,Casual
55033,Women,Lipstick,Spring,Casual
55034,Women,Lipstick,Spring,Casual
55035,Women,Lipstick,Spring,Casual
55036,Women,Lipstick,Spring,Casual
55037,Women,Lipstick,Spring,Casual
55038,Women,Lipstick,Spring,Casual
55039,Women,Lipstick,Spring,Casual
55040,Women,Lipstick,Summer,Casual
55041,Men,Lip Liner,Spring,Casual
55042,Women,Lipstick,Spring,Casual
55043,Women,Lipstick,Spring,Casual
55044,Women,Lipstick,Spring,Casual
55045,Men,Wallets,Spring,Casual
55046,Men,Wallets,Spring,Casual
55047,Women,Wallets,Summer,Casual
55048,Men,Wallets,Spring,Casual
55049,Men,Wallets,Spring,Casual
55050,Men,Wallets,Spring,Casual
55051,Men,Wallets,Spring,Casual
55052,Men,Wallets,Spring,Casual
55053,Men,Wallets,Spring,Casual
55054,Men,Wallets,Spring,Casual
55055,Men,Wallets,Spring,Casual
55056,Men,Wallets,Spring,Casual
55057,Men,Lipstick,Summer,Casual
55058,Men,Wallets,Spring,Casual
55059,Men,Wallets,Spring,Casual
55060,Men,Wallets,Spring,Casual
55061,Men,Wallets,Spring,Casual
55062,Men,Wallets,Spring,Casual
55063,Men,Wallets,Spring,Casual
55064,Men,Wallets,Spring,Casual
55065,Men,Wallets,Spring,Casual
55066,Men,Wallets,Spring,Casual
55067,Men,Wallets,Spring,Casual
55068,Men,Lip Gloss,Summer,Casual
55069,Women,Perfume and Body Mist,Spring,Casual
55070,Men,Kajal and Eyeliner,Spring,Casual
55071,Men,Lipstick,Spring,Casual
55072,Men,Lipstick,Spring,Casual
55073,Men,Kajal and Eyeliner,Spring,Casual
55074,Men,Kajal and Eyeliner,Spring,Casual
55075,Men,Kajal and Eyeliner,Spring,Casual
55078,Men,Duffel Bag,Summer,Casual
55079,Men,Duffel Bag,Summer,Casual
55080,Men,Tshirts,Summer,Casual
55081,Women,Perfume and Body Mist,Winter,Casual
55083,Men,Sports Shoes,Winter,Casual
55086,Women,Perfume and Body Mist,Spring,Casual
55087,Women,Perfume and Body Mist,Spring,Casual
55089,Men,Tshirts,Winter,Casual
55090,Men,Tshirts,Winter,Casual
55093,Men,Sports Shoes,Winter,Casual
55094,Women,Lipstick,Spring,Casual
55095,Women,Lipstick,Spring,Casual
55097,Women,Perfume and Body Mist,Spring,Casual
55098,Women,Shoe Accessories,Winter,Casual
55099,Women,Lipstick,Spring,Casual
55100,Women,Flip Flops,Winter,Casual
55101,Men,Backpacks,Summer,Casual
55107,Men,Sports Shoes,Winter,Casual
55108,Men,Sports Shoes,Winter,Casual
55109,Women,Wallets,Summer,Casual
55110,Women,Casual Shoes,Summer,Casual
55111,Women,Casual Shoes,Summer,Casual
55112,Women,Casual Shoes,Summer,Casual
55113,Men,Highlighter and Blush,Summer,Sports
55114,Men,Highlighter and Blush,Summer,Sports
55115,Men,Highlighter and Blush,Summer,Sports
55116,Men,Accessory Gift Set,Summer,Casual
55117,Men,Accessory Gift Set,Summer,Casual
55118,Men,Accessory Gift Set,Summer,Casual
55119,Women,Wallets,Winter,Casual
55120,Women,Heels,Spring,Casual
55121,Women,Perfume and Body Mist,Spring,Casual
55122,Women,Lipstick,Spring,Casual
55123,Men,Heels,Spring,Casual
55124,Women,Heels,Spring,Casual
55125,Women,Heels,Spring,Casual
55126,Women,Lipstick,Spring,Casual
55127,Women,Nail Polish,Spring,Casual
55128,Women,Lipstick,Spring,Casual
55129,Women,Lipstick,Spring,Casual
55130,Men,Nail Polish,Spring,Casual
55131,Women,Perfume and Body Mist,Spring,Casual
55132,Men,Kajal and Eyeliner,Spring,Casual
55133,Women,Heels,Spring,Casual
55134,Men,Lipstick,Spring,Casual
55135,Women,Perfume and Body Mist,Spring,Casual
55136,Women,Perfume and Body Mist,Spring,Casual
55137,Men,Lipstick,Spring,Casual
55138,Women,Perfume and Body Mist,Spring,Casual
55139,Women,Lipstick,Spring,Casual
55140,Girls,Bra,Summer,Casual
55141,Women,Lipstick,Spring,Casual
55142,Girls,Sports Shoes,Summer,Casual
55143,Women,Lipstick,Spring,Casual
55144,Men,Sports Shoes,Summer,Casual
55145,Women,Lipstick,Spring,Casual
55146,Women,Lipstick,Spring,Casual
55147,Women,Lipstick,Spring,Casual
55148,Women,Lipstick,Spring,Casual
55149,Women,Lipstick,Spring,Casual
55150,Women,Lipstick,Spring,Casual
55151,Women,Lipstick,Spring,Casual
55152,Women,Lipstick,Spring,Casual
55153,Women,Deodorant,Spring,Casual
55154,Women,Lipstick,Spring,Casual
55155,Women,Deodorant,Spring,Casual
55156,Women,Deodorant,Spring,Casual
55157,Women,Lipstick,Spring,Casual
55158,Women,Lipstick,Spring,Casual
55159,Women,Lipstick,Spring,Casual
55160,Women,Lipstick,Spring,Casual
55161,Women,Lipstick,Spring,Casual
55162,Women,Lipstick,Spring,Casual
55163,Women,Lipstick,Spring,Casual
55164,Men,Wallets,Spring,Casual
55165,Women,Perfume and Body Mist,Spring,Casual
55166,Women,Lipstick,Spring,Casual
55168,Women,Skirts,Spring,Casual
55170,Girls,Wallets,Spring,Casual
55172,Women,Perfume and Body Mist,Spring,Casual
55173,Girls,Perfume and Body Mist,Spring,Casual
55175,Women,Rompers,Spring,Casual
55177,Girls,Perfume and Body Mist,Spring,Casual
55179,Women,Perfume and Body Mist,Spring,Casual
55180,Women,Tops,Spring,Casual
55181,Girls,Perfume and Body Mist,Spring,Casual
55184,Women,Nail Polish,Spring,Casual
55185,Girls,Perfume and Body Mist,Spring,Casual
55186,Women,Perfume and Body Mist,Spring,Casual
55187,Girls,Perfume and Body Mist,Spring,Casual
55190,Men,Tops,Spring,Casual
55191,Women,Perfume and Body Mist,Spring,Casual
55192,Girls,Perfume and Body Mist,Spring,Casual
55194,Girls,Perfume and Body Mist,Summer,Casual
55195,Women,Heels,Spring,Casual
55196,Girls,Perfume and Body Mist,Spring,Casual
55197,Women,Perfume and Body Mist,Spring,Casual
55198,Men,Perfume and Body Mist,Spring,Casual
55200,Women,Wallets,Winter,Casual
55201,Women,Wallets,Winter,Casual
55202,Women,Caps,Winter,Casual
55203,Women,Cufflinks,Summer,Casual
55205,Women,Lipstick,Spring,Casual
55206,Women,Lipstick,Summer,Casual
55208,Women,Lipstick,Summer,Casual
55209,Women,Lipstick,Spring,Casual
55210,Women,Lipstick,Spring,Casual
55211,Women,Lipstick,Spring,Casual
55212,Women,Lipstick,Summer,Casual
55213,Women,Lipstick,Spring,Casual
55214,Women,Lipstick,Spring,Casual
55215,Men,Lipstick,Spring,Casual
55216,Women,Lipstick,Spring,Casual
55217,Women,Lipstick,Spring,Casual
55218,Women,Kajal and Eyeliner,Spring,Casual
55219,Men,Kajal and Eyeliner,Spring,Casual
55220,Men,Kajal and Eyeliner,Spring,Casual
55221,Men,Kajal and Eyeliner,Spring,Casual
55222,Men,Kajal and Eyeliner,Spring,Casual
55223,Men,Lip Liner,Spring,Casual
55224,Men,Lip Liner,Spring,Casual
55225,Men,Kajal and Eyeliner,Spring,Casual
55226,Men,Kajal and Eyeliner,Spring,Casual
55227,Men,Lipstick,Spring,Casual
55228,Women,Shorts,Spring,Casual
55229,Men,Lipstick,Spring,Casual
55230,Girls,Tshirts,Summer,Casual
55231,Girls,Tshirts,Summer,Casual
55232,Girls,Tshirts,Summer,Casual
55233,Girls,Briefs,Spring,Casual
55234,Women,Perfume and Body Mist,Spring,Casual
55235,Women,Perfume and Body Mist,Spring,Casual
55236,Girls,Perfume and Body Mist,Spring,Casual
55237,Girls,Wallets,Spring,Casual
55238,Girls,Wallets,Spring,Casual
55239,Girls,Perfume and Body Mist,Spring,Casual
55240,Men,Perfume and Body Mist,Spring,Casual
55241,Men,Perfume and Body Mist,Spring,Casual
55242,Men,Perfume and Body Mist,Spring,Casual
55243,Men,Perfume and Body Mist,Spring,Casual
55244,Women,Shoe Accessories,Summer,Casual
55245,Women,Shoe Accessories,Summer,Casual
55246,Women,Shoe Accessories,Spring,Casual
55247,Women,Heels,Winter,Casual
55248,Women,Wallets,Winter,Casual
55249,Women,Wallets,Winter,Casual
55250,Women,Flip Flops,Summer,Casual
55251,Women,Tshirts,Summer,Casual
55252,Women,Kajal and Eyeliner,Spring,Casual
55253,Men,Lip Liner,Spring,Casual
55254,Men,Lip Liner,Spring,Casual
55255,Men,Lip Liner,Spring,Casual
55256,Men,Kajal and Eyeliner,Spring,Casual
55257,Men,Kajal and Eyeliner,Spring,Casual
55258,Men,Kajal and Eyeliner,Spring,Casual
55259,Women,Kajal and Eyeliner,Spring,Casual
55260,Men,Kajal and Eyeliner,Spring,Casual
55261,Men,Kajal and Eyeliner,Spring,Casual
55262,Men,Kajal and Eyeliner,Spring,Casual
55263,Men,Lip Liner,Spring,Casual
55264,Men,Lip Liner,Spring,Casual
55265,Men,Lip Liner,Spring,Casual
55266,Men,Lipstick,Spring,Casual
55267,Men,Lipstick,Spring,Casual
55268,Men,Wallets,Spring,Casual
55269,Men,Kajal and Eyeliner,Spring,Casual
55270,Men,Wallets,Spring,Casual
55271,Men,Lip Liner,Spring,Casual
55272,Men,Kajal and Eyeliner,Spring,Casual
55273,Men,Lip Liner,Spring,Casual
55274,Men,Lip Liner,Spring,Casual
55275,Men,Casual Shoes,Summer,Casual
55276,Men,Casual Shoes,Summer,Casual
55277,Women,Wallets,Summer,Casual
55278,Women,Wallets,Summer,Casual
55280,Women,Wallets,Summer,Casual
55281,Women,Sports Shoes,Summer,Casual
55282,Women,Flip Flops,Summer,Casual
55283,Women,Flip Flops,Summer,Casual
55284,Women,Flip Flops,Summer,Casual
55285,Women,Backpacks,Winter,Casual
55286,Women,Belts,Winter,Casual
55287,Women,Wallets,Winter,Casual
55288,Women,Wallets,Winter,Casual
55289,Women,Wallets,Winter,Casual
55290,Women,Lipstick,Summer,Casual
55291,Women,Lipstick,Summer,Casual
55292,Women,Lipstick,Spring,Casual
55293,Women,Lip Liner,Summer,Casual
55294,Women,Kajal and Eyeliner,Spring,Casual
55295,Women,Lipstick,Spring,Casual
55296,Men,Caps,Summer,Casual
55297,Men,Caps,Summer,Casual
55298,Men,Caps,Summer,Casual
55299,Men,Caps,Summer,Casual
55300,Men,Earrings,Spring,Casual
55301,Men,Lip Liner,Spring,Casual
55306,Men,Flip Flops,Summer,Sports
55307,Women,Tshirts,Summer,Casual
55314,Men,Socks,Summer,Casual
55315,Women,Socks,Summer,Casual
55316,Men,Watches,Summer,Casual
55317,Women,Tops,Summer,Casual
55318,Women,Tops,Summer,Casual
55319,Women,Tshirts,Summer,Casual
55320,Women,Tops,Summer,Casual
55321,Women,Shoe Accessories,Spring,Casual
55322,Women,Tshirts,Summer,Casual
55323,Men,Tops,Summer,Casual
55324,Men,Tops,Spring,Casual
55325,Unisex,Tshirts,Summer,Casual
55326,Men,Tops,Spring,Casual
55328,Men,Tops,Spring,Casual
55329,Men,Tshirts,Summer,Casual
55330,Unisex,Tshirts,Summer,Casual
55331,Unisex,Tshirts,Summer,Casual
55332,Men,Tshirts,Summer,Casual
55333,Men,Tshirts,Summer,Casual
55334,Men,Sports Shoes,Summer,Casual
55335,Men,Sports Shoes,Summer,Casual
55336,Unisex,Tshirts,Summer,Casual
55337,Men,Perfume and Body Mist,Spring,Casual
55338,Women,Perfume and Body Mist,Spring,Casual
55339,Women,Perfume and Body Mist,Spring,Casual
55344,Women,Perfume and Body Mist,Spring,Casual
55347,Men,Perfume and Body Mist,Spring,Casual
55349,Men,Tshirts,Summer,Casual
55350,Women,Wallets,Winter,Casual
55351,Women,Perfume and Body Mist,Spring,Casual
55352,Women,Perfume and Body Mist,Spring,Casual
55354,Men,Deodorant,Spring,Casual
55357,Men,Lipstick,Winter,Casual
55358,Men,Lipstick,Winter,Casual
55359,Men,Heels,Spring,Casual
55361,Men,Lipstick,Winter,Casual
55362,Men,Deodorant,Spring,Casual
55363,Men,Lipstick,Winter,Casual
55364,Men,Deodorant,Winter,Casual
55365,Men,Lipstick,Winter,Casual
55366,Men,Shoe Accessories,Spring,Casual
55368,Men,Lipstick,Winter,Casual
55369,Men,Deodorant,Winter,Casual
55370,Men,Lipstick,Winter,Casual
55373,Men,Lipstick,Spring,Casual
55375,Men,Lipstick,Winter,Casual
55376,Men,Perfume and Body Mist,Spring,Sports
55377,Men,Lipstick,Winter,Casual
55378,Men,Lipstick,Winter,Casual
55379,Men,Lipstick,Winter,Casual
55380,Men,Deodorant,Spring,Casual
55381,Men,Lipstick,Winter,Casual
55382,Men,Deodorant,Winter,Sports
55383,Men,Lipstick,Winter,Casual
55384,Men,Lipstick,Winter,Casual
55385,Girls,Lipstick,Summer,Casual
55387,Men,Lipstick,Winter,Casual
55388,Men,Lipstick,Winter,Casual
55389,Men,Deodorant,Spring,Casual
55390,Men,Lipstick,Winter,Casual
55391,Men,Lipstick,Spring,Sports
55392,Men,Perfume and Body Mist,Spring,Sports
55394,Women,Perfume and Body Mist,Spring,Casual
55395,Women,Lipstick,Spring,Casual
55396,Women,Kajal and Eyeliner,Spring,Casual
55397,Women,Lipstick,Summer,Casual
55398,Girls,Bangle,Summer,Casual
55399,Men,Kajal and Eyeliner,Spring,Casual
55400,Men,Kajal and Eyeliner,Spring,Casual
55402,Men,Lip Liner,Spring,Casual
55407,Men,Kajal and Eyeliner,Spring,Casual
55408,Men,Kajal and Eyeliner,Spring,Casual
55409,Men,Lip Liner,Spring,Casual
55410,Men,Kajal and Eyeliner,Spring,Casual
55418,Women,Perfume and Body Mist,Spring,Casual
55419,Women,Lipstick,Spring,Casual
55420,Women,Lipstick,Spring,Casual
55421,Women,Perfume and Body Mist,Spring,Casual
55423,Women,Lipstick,Spring,Casual
55424,Women,Perfume and Body Mist,Spring,Casual
55425,Women,Perfume and Body Mist,Spring,Casual
55426,Women,Lipstick,Spring,Casual
55427,Women,Perfume and Body Mist,Spring,Casual
55428,Women,Lipstick,Spring,Casual
55429,Women,Lipstick,Spring,Casual
55430,Boys,Lipstick,Summer,Casual
55431,Boys,Lipstick,Summer,Casual
55432,Boys,Lipstick,Summer,Casual
55433,Boys,Lipstick,Summer,Casual
55434,Boys,Lipstick,Summer,Casual
55436,Boys,Lipstick,Summer,Casual
55437,Boys,Lipstick,Summer,Casual
55438,Boys,Lipstick,Summer,Casual
55439,Boys,Lipstick,Summer,Casual
55440,Boys,Lipstick,Summer,Casual
55441,Boys,Lipstick,Summer,Casual
55442,Boys,Lipstick,Summer,Casual
55443,Men,Lipstick,Spring,Casual
55444,Men,Lipstick,Spring,Casual
55445,Men,Lipstick,Spring,Casual
55446,Men,Lipstick,Spring,Casual
55447,Men,Lipstick,Spring,Casual
55448,Men,Lipstick,Spring,Casual
55449,Men,Lipstick,Spring,Casual
55450,Women,Deodorant,Spring,Casual
55451,Men,Lipstick,Spring,Casual
55454,Women,Lipstick,Spring,Casual
55455,Men,Lipstick,Spring,Casual
55456,Men,Lipstick,Summer,Casual
55457,Men,Lip Liner,Spring,Casual
55458,Men,Lip Liner,Spring,Casual
55459,Men,Lipstick,Summer,Casual
55460,Women,Lipstick,Summer,Casual
55461,Men,Lip Liner,Summer,Casual
55462,Men,Lipstick,Spring,Casual
55463,Men,Lipstick,Spring,Casual
55464,Men,Lipstick,Spring,Casual
55465,Men,Lipstick,Spring,Casual
55466,Men,Lipstick,Summer,Casual
55467,Men,Lipstick,Summer,Casual
55468,Men,Lipstick,Spring,Casual
55469,Men,Lipstick,Spring,Casual
55470,Men,Lipstick,Spring,Casual
55471,Men,Lipstick,Summer,Casual
55472,Men,Lipstick,Summer,Casual
55473,Men,Lip Liner,Spring,Casual
55474,Men,Lipstick,Spring,Casual
55475,Men,Lipstick,Spring,Casual
55476,Men,Lipstick,Spring,Casual
55477,Men,Lipstick,Spring,Casual
55478,Men,Kajal and Eyeliner,Spring,Casual
55479,Men,Lipstick,Spring,Casual
55480,Men,Lipstick,Spring,Casual
55482,Men,Lip Liner,Spring,Casual
55485,Men,Kajal and Eyeliner,Spring,Casual
55486,Men,Lip Liner,Spring,Casual
55487,Men,Lipstick,Spring,Casual
55488,Men,Lipstick,Spring,Casual
55489,Men,Lipstick,Spring,Casual
55490,Men,Lipstick,Spring,Casual
55491,Men,Lipstick,Spring,Casual
55492,Men,Lipstick,Spring,Casual
55493,Men,Lipstick,Spring,Casual
55494,Men,Lipstick,Spring,Casual
55495,Men,Lipstick,Spring,Casual
55496,Men,Lipstick,Spring,Casual
55497,Men,Lipstick,Spring,Casual
55498,Men,Lipstick,Spring,Casual
55499,Men,Lipstick,Spring,Casual
55500,Men,Lipstick,Spring,Casual
55501,Men,Lipstick,Spring,Casual
55502,Men,Lipstick,Spring,Casual
55503,Men,Deodorant,Spring,Casual
55504,Men,Wallets,Spring,Casual
55505,Men,Deodorant,Spring,Casual
55506,Men,Lipstick,Spring,Casual
55507,Men,Lipstick,Spring,Casual
55508,Men,Wallets,Spring,Casual
55509,Men,Lipstick,Spring,Casual
55510,Men,Lipstick,Spring,Casual
55511,Men,Lipstick,Spring,Casual
55512,Men,Lipstick,Spring,Casual
55513,Unisex,Tshirts,Summer,Casual
55514,Unisex,Tshirts,Summer,Casual
55516,Men,Tshirts,Summer,Casual
55517,Women,Sports Shoes,Summer,Casual
55518,Men,Tshirts,Summer,Casual
55519,Men,Sports Shoes,Summer,Casual
55520,Men,Lipstick,Spring,Casual
55521,Men,Mobile Pouch,Spring,Casual
55522,Men,Shoe Accessories,Spring,Casual
55523,Men,Lipstick,Spring,Casual
55524,Women,Wallets,Summer,Casual
55525,Women,Wallets,Summer,Casual
55526,Women,Wallets,Summer,Casual
55527,Women,Lip Gloss,Spring,Casual
55528,Women,Lip Gloss,Spring,Casual
55529,Men,Perfume and Body Mist,Spring,Casual
55530,Men,Perfume and Body Mist,Spring,Casual
55531,Men,Perfume and Body Mist,Spring,Casual
55532,Men,Perfume and Body Mist,Spring,Casual
55533,Women,Tops,Spring,Casual
55534,Women,Earrings,Spring,Casual
55535,Women,Tops,Spring,Casual
55536,Women,Tops,Spring,Casual
55537,Women,Tops,Spring,Casual
55538,Women,Tops,Summer,Casual
55539,Women,Tops,Summer,Casual
55540,Women,Belts,Summer,Casual
55541,Men,Kajal and Eyeliner,Spring,Casual
55542,Men,Kajal and Eyeliner,Spring,Casual
55543,Men,Kajal and Eyeliner,Spring,Casual
55544,Men,Kajal and Eyeliner,Spring,Casual
55545,Men,Kajal and Eyeliner,Spring,Casual
55546,Men,Kajal and Eyeliner,Spring,Casual
55547,Men,Kajal and Eyeliner,Spring,Casual
55548,Men,Kajal and Eyeliner,Spring,Casual
55549,Men,Kajal and Eyeliner,Spring,Casual
55550,Men,Kajal and Eyeliner,Spring,Casual
55551,Men,Kajal and Eyeliner,Spring,Casual
55553,Men,Lip Liner,Spring,Casual
55556,Men,Kajal and Eyeliner,Spring,Casual
55557,Men,Kajal and Eyeliner,Spring,Casual
55558,Men,Kajal and Eyeliner,Spring,Casual
55559,Women,Lipstick,Spring,Casual
55560,Men,Cufflinks,Spring,Casual
55561,Women,Tshirts,Summer,Casual
55564,Women,Deodorant,Summer,Casual
55565,Women,Deodorant,Spring,Casual
55568,Women,Deodorant,Spring,Casual
55569,Women,Capris,Summer,Casual
55570,Women,Deodorant,Spring,Casual
55571,Women,Deodorant,Spring,Casual
55572,Men,Lipstick,Summer,Casual
55573,Men,Lipstick,Summer,Casual
55574,Boys,Tshirts,Summer,Casual
55575,Unisex,Tshirts,Summer,Casual
55576,Boys,Tops,Summer,Casual
55577,Women,Tshirts,Summer,Sports
55578,Women,Belts,Winter,Casual
55579,Women,Belts,Winter,Casual
55580,Women,Tshirts,Summer,Casual
55581,Women,Shoe Accessories,Summer,Casual
55582,Women,Shoe Accessories,Spring,Casual
55583,Women,Shoe Accessories,Spring,Casual
55584,Men,Tshirts,Summer,Casual
55585,Men,Tshirts,Summer,Casual
55586,Men,Tshirts,Summer,Casual
55587,Men,Kajal and Eyeliner,Spring,Casual
55590,Men,Shirts,Summer,Formal
55591,Men,Sweatshirts,Summer,Casual
55595,Men,Shirts,Summer,Casual
55597,Men,Sweatshirts,Summer,Casual
55599,Men,Shirts,Summer,Casual
55608,Men,Shirts,Summer,Casual
55612,Men,Formal Shoes,Summer,Formal
55613,Men,Formal Shoes,Summer,Formal
55614,Men,Sports Shoes,Summer,Formal
55615,Men,Formal Shoes,Summer,Casual
55616,Men,Sports Sandals,Winter,Formal
55617,Men,Formal Shoes,Winter,Formal
55618,Men,Formal Shoes,Winter,Formal
55619,Men,Formal Shoes,Winter,Formal
55620,Men,Formal Shoes,Winter,Formal
55621,Men,Formal Shoes,Winter,Formal
55622,Men,Formal Shoes,Winter,Formal
55623,Men,Formal Shoes,Winter,Formal
55624,Men,Sports Shoes,Summer,Formal
55625,Men,Sports Shoes,Summer,Casual
55626,Men,Formal Shoes,Fall,Formal
55627,Men,Formal Shoes,Summer,Formal
55628,Men,Formal Shoes,Winter,Formal
55629,Men,Formal Shoes,Winter,Formal
55630,Women,Heels,Winter,Casual
55631,Women,Heels,Winter,Casual
55632,Women,Heels,Winter,Casual
55633,Women,Heels,Winter,Casual
55634,Women,Heels,Winter,Casual
55635,Women,Heels,Winter,Casual
55636,Women,Flip Flops,Winter,Casual
55637,Women,Flip Flops,Winter,Casual
55638,Women,Heels,Winter,Casual
55639,Women,Sports Sandals,Winter,Casual
55640,Women,Heels,Winter,Casual
55641,Women,Tshirts,Winter,Casual
55642,Women,Handbags,Winter,Casual
55643,Women,Heels,Winter,Casual
55644,Women,Heels,Winter,Casual
55645,Women,Sports Shoes,Winter,Casual
55646,Women,Heels,Winter,Casual
55647,Women,Flip Flops,Winter,Casual
55648,Women,Flip Flops,Winter,Casual
55649,Women,Heels,Winter,Casual
55650,Women,Heels,Winter,Casual
55651,Women,Flip Flops,Winter,Casual
55652,Women,Heels,Winter,Casual
55653,Women,Flip Flops,Winter,Casual
55654,Women,Heels,Winter,Casual
55655,Women,Heels,Winter,Casual
55656,Women,Heels,Winter,Casual
55657,Women,Flip Flops,Winter,Casual
55783,Men,Casual Shoes,Summer,Casual
55784,Men,Sports Shoes,Summer,Casual
55785,Men,Sports Shoes,Summer,Sports
55786,Women,Shirts,Summer,Casual
55787,Women,Dresses,Summer,Casual
55788,Women,Scarves,Summer,Casual
55789,Women,Sarees,Summer,Ethnic
55790,Women,Kurta Sets,Summer,Casual
55791,Women,Dupatta,Summer,Casual
55794,Women,Night suits,Summer,Casual
55795,Women,Night suits,Summer,Casual
55796,Women,Kurta Sets,Summer,Casual
55797,Women,Dresses,Summer,Casual
55798,Women,Dresses,Summer,Casual
55799,Women,Dresses,Summer,Casual
55800,Women,Tops,Summer,Casual
55801,Women,Dresses,Summer,Casual
55802,Women,Night suits,Summer,Casual
55803,Women,Night suits,Summer,Casual
55804,Women,Dupatta,Summer,Casual
55805,Women,Night suits,Summer,Casual
55806,Women,Kurta Sets,Summer,Casual
55807,Women,Kurta Sets,Summer,Ethnic
55809,Women,Night suits,Summer,Casual
55810,Women,Kurta Sets,Summer,Casual
55811,Women,Kurta Sets,Summer,Casual
55812,Women,Kurta Sets,Summer,Casual
55813,Women,Kurta Sets,Summer,Casual
55814,Women,Night suits,Summer,Casual
55817,Women,Night suits,Summer,Casual
55818,Women,Night suits,Summer,Casual
55819,Women,Kurta Sets,Summer,Casual
55821,Women,Night suits,Summer,Casual
55822,Women,Kurta Sets,Summer,Ethnic
55823,Women,Night suits,Summer,Casual
55824,Women,Night suits,Summer,Ethnic
55825,Women,Kurta Sets,Summer,Casual
55826,Women,Night suits,Summer,Casual
55827,Women,Night suits,Summer,Casual
55828,Women,Night suits,Summer,Casual
55829,Women,Kurta Sets,Summer,Casual
55830,Women,Night suits,Summer,Casual
55831,Women,Night suits,Summer,Casual
55832,Women,Night suits,Summer,Casual
55833,Men,Kajal and Eyeliner,Spring,Casual
55834,Women,Casual Shoes,Summer,Casual
55835,Men,Wallets,Spring,Casual
55836,Men,Perfume and Body Mist,Spring,Casual
55837,Men,Deodorant,Spring,Casual
55838,Men,Deodorant,Spring,Casual
55839,Men,Deodorant,Spring,Casual
55840,Men,Deodorant,Spring,Casual
55841,Men,Lipstick,Spring,Casual
55842,Men,Deodorant,Spring,Casual
55843,Men,Deodorant,Spring,Casual
55844,Men,Deodorant,Spring,Casual
55845,Men,Deodorant,Spring,Casual
55846,Men,Deodorant,Spring,Casual
55847,Men,Deodorant,Spring,Casual
55848,Girls,Fragrance Gift Set,Summer,Casual
55849,Men,Deodorant,Spring,Casual
55850,Men,Deodorant,Spring,Casual
55851,Men,Deodorant,Spring,Casual
55852,Men,Deodorant,Spring,Casual
55853,Men,Deodorant,Spring,Casual
55854,Men,Deodorant,Spring,Casual
55855,Men,Deodorant,Spring,Casual
55856,Men,Deodorant,Spring,Casual
55857,Men,Deodorant,Spring,Casual
55858,Men,Deodorant,Spring,Casual
55859,Men,Deodorant,Spring,Casual
55860,Men,Deodorant,Spring,Casual
55861,Women,Lipstick,Spring,Casual
55862,Women,Lipstick,Spring,Casual
55863,Men,Lipstick,Spring,Casual
55864,Men,Lipstick,Spring,Casual
55865,Women,Wallets,Spring,Casual
55866,Men,Lipstick,Spring,Casual
55867,Girls,Handbags,Summer,Casual
55868,Women,Wallets,Spring,Casual
55869,Girls,Handbags,Summer,Casual
55870,Women,Lipstick,Spring,Casual
55871,Women,Lipstick,Spring,Casual
55872,Women,Wallets,Spring,Casual
55873,Women,Lipstick,Spring,Casual
55874,Women,Lipstick,Spring,Casual
55875,Men,Deodorant,Spring,Casual
55876,Men,Lipstick,Spring,Casual
55877,Women,Lipstick,Spring,Casual
55878,Women,Lipstick,Spring,Casual
55879,Women,Lipstick,Spring,Casual
55880,Women,Lipstick,Spring,Casual
55881,Women,Wallets,Spring,Casual
55882,Women,Wallets,Spring,Casual
55883,Girls,Lipstick,Summer,Casual
55884,Women,Perfume and Body Mist,Spring,Casual
55885,Women,Lipstick,Spring,Casual
55886,Women,Wallets,Spring,Casual
55887,Women,Lipstick,Spring,Casual
55888,Men,Wallets,Spring,Casual
55889,Men,Lipstick,Spring,Casual
55890,Women,Wallets,Spring,Casual
55891,Men,Lipstick,Spring,Casual
55892,Women,Wallets,Spring,Casual
55893,Men,Wallets,Spring,Casual
55894,Men,Wallets,Spring,Casual
55895,Women,Lipstick,Spring,Casual
55896,Women,Wallets,Spring,Casual
55897,Women,Wallets,Spring,Casual
55898,Girls,Duffel Bag,Summer,Casual
55899,Men,Lipstick,Spring,Casual
55900,Women,Wallets,Spring,Casual
55901,Girls,Duffel Bag,Summer,Casual
55902,Women,Wallets,Spring,Casual
55903,Women,Perfume and Body Mist,Spring,Casual
55904,Women,Lipstick,Spring,Casual
55905,Girls,Lipstick,Summer,Casual
55906,Women,Lipstick,Spring,Casual
55907,Women,Lipstick,Spring,Casual
55909,Men,Deodorant,Spring,Casual
55910,Men,Deodorant,Spring,Casual
55911,Men,Deodorant,Spring,Casual
55912,Men,Deodorant,Spring,Casual
55913,Men,Perfume and Body Mist,Spring,Sports
55914,Men,Deodorant,Spring,Casual
55915,Men,Perfume and Body Mist,Spring,Casual
55916,Men,Deodorant,Spring,Casual
55917,Men,Deodorant,Spring,Casual
55918,Men,Deodorant,Spring,Casual
55919,Women,Lipstick,Spring,Casual
55920,Men,Perfume and Body Mist,Spring,Casual
55921,Men,Deodorant,Spring,Casual
55922,Men,Deodorant,Spring,Casual
55923,Men,Deodorant,Spring,Casual
55924,Men,Deodorant,Spring,Casual
55925,Men,Deodorant,Spring,Casual
55926,Men,Deodorant,Spring,Casual
55927,Men,Deodorant,Spring,Casual
55928,Men,Perfume and Body Mist,Spring,Casual
55929,Men,Deodorant,Spring,Casual
55930,Men,Deodorant,Spring,Casual
55931,Men,Perfume and Body Mist,Spring,Casual
55932,Men,Deodorant,Spring,Casual
55933,Men,Deodorant,Spring,Casual
55935,Men,Deodorant,Spring,Casual
55936,Men,Perfume and Body Mist,Spring,Casual
55937,Men,Deodorant,Spring,Casual
55938,Men,Deodorant,Spring,Casual
55939,Men,Deodorant,Spring,Casual
55940,Men,Perfume and Body Mist,Spring,Casual
55941,Men,Perfume and Body Mist,Spring,Casual
55942,Men,Deodorant,Spring,Casual
55943,Men,Deodorant,Spring,Casual
55944,Men,Deodorant,Spring,Casual
55945,Men,Deodorant,Spring,Casual
55946,Men,Deodorant,Spring,Casual
55947,Men,Deodorant,Spring,Casual
55948,Men,Deodorant,Spring,Casual
55949,Men,Deodorant,Spring,Casual
55950,Men,Deodorant,Spring,Casual
55951,Men,Deodorant,Spring,Casual
55952,Men,Deodorant,Spring,Casual
55953,Men,Deodorant,Spring,Casual
55954,Women,Lipstick,Spring,Casual
55955,Men,Deodorant,Spring,Casual
55956,Women,Kajal and Eyeliner,Spring,Casual
55957,Women,Lipstick,Summer,Casual
55958,Men,Kajal and Eyeliner,Spring,Casual
55959,Women,Lipstick,Summer,Casual
55960,Women,Lipstick,Summer,Casual
55961,Women,Lipstick,Summer,Casual
55962,Women,Lipstick,Summer,Casual
55963,Men,Wallets,Spring,Casual
55964,Women,Lipstick,Summer,Casual
55965,Men,Lipstick,Spring,Casual
55966,Women,Lipstick,Spring,Casual
55967,Men,Lipstick,Spring,Casual
55968,Women,Lipstick,Spring,Casual
55969,Men,Lipstick,Spring,Casual
55970,Men,Lipstick,Spring,Casual
55971,Men,Lipstick,Spring,Casual
55972,Men,Lipstick,Summer,Casual
55973,Women,Lipstick,Spring,Casual
55974,Men,Lipstick,Spring,Casual
55975,Men,Lipstick,Spring,Casual
55976,Men,Lipstick,Spring,Casual
55977,Women,Tops,Summer,Casual
55978,Women,Lip Liner,Spring,Casual
55979,Men,Lip Liner,Spring,Casual
55980,Women,Handbags,Spring,Casual
55981,Girls,Lipstick,Spring,Casual
55982,Women,Lip Liner,Spring,Casual
55983,Men,Lipstick,Spring,Casual
55984,Men,Lipstick,Spring,Casual
55985,Men,Lipstick,Spring,Casual
55986,Men,Lipstick,Spring,Casual
55987,Girls,Bra,Spring,Casual
55988,Girls,Handbags,Summer,Casual
55989,Women,Lipstick,Summer,Casual
55990,Girls,Lipstick,Spring,Casual
55991,Women,Lipstick,Spring,Casual
55992,Women,Lipstick,Spring,Casual
55993,Women,Lipstick,Spring,Casual
55994,Men,Lipstick,Spring,Casual
55995,Girls,Lipstick,Spring,Casual
55996,Women,Bra,Spring,Casual
55997,Women,Lipstick,Spring,Casual
55998,Men,Lipstick,Spring,Casual
55999,Men,Lipstick,Spring,Casual
56000,Men,Lipstick,Spring,Casual
56001,Men,Lipstick,Spring,Casual
56002,Men,Lipstick,Spring,Casual
56003,Men,Lipstick,Spring,Casual
56004,Women,Handbags,Spring,Casual
56005,Girls,Lipstick,Spring,Casual
56006,Girls,Bra,Spring,Casual
56007,Men,Lipstick,Spring,Casual
56008,Men,Lipstick,Summer,Casual
56009,Women,Lip Liner,Spring,Casual
56010,Men,Lipstick,Spring,Casual
56011,Men,Lipstick,Spring,Casual
56012,Men,Lipstick,Spring,Casual
56013,Men,Lipstick,Spring,Casual
56014,Men,Lipstick,Spring,Casual
56015,Men,Lipstick,Spring,Casual
56016,Women,Lipstick,Summer,Casual
56017,Women,Lipstick,Spring,Casual
56018,Men,Lipstick,Spring,Casual
56019,Men,Lipstick,Summer,Casual
56020,Men,Handbags,Summer,Casual
56021,Men,Lipstick,Spring,Casual
56022,Men,Lipstick,Spring,Casual
56023,Men,Lipstick,Summer,Casual
56024,Girls,Lipstick,Spring,Casual
56025,Men,Lipstick,Spring,Casual
56026,Men,Lipstick,Spring,Casual
56027,Men,Lipstick,Summer,Casual
56028,Men,Lipstick,Spring,Casual
56029,Men,Lipstick,Spring,Casual
56030,Men,Lipstick,Spring,Casual
56031,Men,Lipstick,Spring,Casual
56032,Men,Lipstick,Spring,Casual
56033,Men,Lipstick,Spring,Casual
56034,Men,Lipstick,Spring,Casual
56035,Men,Lipstick,Spring,Casual
56036,Men,Lipstick,Spring,Casual
56037,Men,Lipstick,Spring,Casual
56038,Men,Lipstick,Spring,Casual
56039,Women,Lipstick,Spring,Casual
56040,Men,Kajal and Eyeliner,Spring,Casual
56041,Men,Kajal and Eyeliner,Spring,Formal
56042,Men,Kajal and Eyeliner,Spring,Casual
56043,Men,Kajal and Eyeliner,Spring,Casual
56044,Men,Kajal and Eyeliner,Spring,Casual
56045,Men,Kajal and Eyeliner,Spring,Casual
56046,Men,Kajal and Eyeliner,Spring,Casual
56047,Men,Kajal and Eyeliner,Spring,Casual
56048,Men,Kajal and Eyeliner,Spring,Casual
56049,Men,Kajal and Eyeliner,Spring,Formal
56050,Men,Kajal and Eyeliner,Spring,Casual
56051,Men,Kajal and Eyeliner,Spring,Casual
56052,Women,Kajal and Eyeliner,Summer,Casual
56053,Women,Kajal and Eyeliner,Spring,Casual
56054,Women,Kajal and Eyeliner,Spring,Casual
56055,Women,Kajal and Eyeliner,Summer,Casual
56056,Women,Wallets,Spring,Casual
56057,Women,Kajal and Eyeliner,Spring,Casual
56058,Women,Kajal and Eyeliner,Spring,Casual
56059,Women,Kajal and Eyeliner,Summer,Casual
56060,Women,Kajal and Eyeliner,Spring,Casual
56061,Women,Kajal and Eyeliner,Spring,Casual
56062,Women,Lip Liner,Spring,Casual
56063,Women,Kajal and Eyeliner,Summer,Casual
56064,Women,Wallets,Spring,Casual
56065,Women,Kajal and Eyeliner,Spring,Casual
56066,Women,Lipstick,Summer,Casual
56067,Women,Lipstick,Summer,Casual
56068,Women,Lipstick,Summer,Casual
56069,Men,Kajal and Eyeliner,Spring,Casual
56070,Women,Kajal and Eyeliner,Spring,Casual
56071,Women,Kajal and Eyeliner,Spring,Casual
56072,Women,Kajal and Eyeliner,Spring,Casual
56073,Women,Kajal and Eyeliner,Summer,Casual
56074,Men,Lip Liner,Spring,Formal
56075,Men,Kajal and Eyeliner,Spring,Casual
56076,Men,Kajal and Eyeliner,Spring,Casual
56077,Women,Kajal and Eyeliner,Summer,Casual
56078,Women,Lipstick,Spring,Casual
56079,Women,Lipstick,Spring,Casual
56080,Men,Lipstick,Spring,Casual
56081,Women,Mobile Pouch,Spring,Casual
56082,Women,Lipstick,Summer,Casual
56083,Men,Lipstick,Summer,Casual
56084,Men,Lipstick,Spring,Casual
56085,Women,Earrings,Spring,Casual
56086,Women,Lipstick,Spring,Casual
56087,Women,Lipstick,Spring,Casual
56088,Men,Lipstick,Spring,Casual
56089,Women,Lipstick,Spring,Casual
56090,Women,Lipstick,Summer,Casual
56091,Women,Lipstick,Spring,Casual
56092,Men,Lipstick,Summer,Casual
56093,Women,Lipstick,Summer,Casual
56094,Men,Wallets,Spring,Casual
56095,Women,Wallets,Spring,Casual
56096,Men,Lipstick,Spring,Casual
56097,Men,Lipstick,Spring,Casual
56098,Women,Lipstick,Summer,Casual
56099,Men,Lipstick,Spring,Casual
56100,Women,Earrings,Spring,Casual
56101,Men,Lipstick,Spring,Casual
56102,Men,Lipstick,Summer,Casual
56103,Women,Earrings,Spring,Casual
56104,Men,Lipstick,Summer,Casual
56105,Women,Lipstick,Spring,Casual
56106,Men,Lipstick,Spring,Casual
56107,Men,Lipstick,Summer,Casual
56108,Men,Lipstick,Spring,Casual
56109,Women,Wallets,Summer,Casual
56110,Women,Shoe Accessories,Summer,Casual
56111,Women,Shoe Accessories,Summer,Casual
56112,Women,Shoe Accessories,Summer,Casual
56113,Women,Tshirts,Summer,Casual
56114,Women,Tshirts,Summer,Casual
56115,Women,Wallets,Summer,Casual
56116,Women,Wallets,Summer,Casual
56117,Women,Tshirts,Summer,Casual
56118,Women,Wallets,Summer,Casual
56119,Women,Shoe Accessories,Summer,Casual
56120,Women,Heels,Summer,Casual
56121,Men,Kajal and Eyeliner,Spring,Casual
56122,Girls,Perfume and Body Mist,Summer,Casual
56123,Girls,Perfume and Body Mist,Summer,Casual
56124,Girls,Perfume and Body Mist,Summer,Casual
56125,Women,Heels,Winter,Casual
56126,Women,Tshirts,Summer,Casual
56127,Men,Earrings,Spring,Casual
56128,Men,Earrings,Spring,Casual
56129,Women,Earrings,Spring,Casual
56133,Women,Lipstick,Spring,Casual
56134,Women,Perfume and Body Mist,Summer,Casual
56135,Men,Heels,Summer,Casual
56136,Men,Sports Shoes,Summer,Casual
56137,Men,Casual Shoes,Summer,Casual
56138,Women,Sports Shoes,Summer,Casual
56139,Women,Sports Shoes,Summer,Casual
56140,Men,Heels,Summer,Casual
56141,Women,Casual Shoes,Summer,Casual
56142,Women,Sports Shoes,Summer,Casual
56143,Women,Sports Shoes,Summer,Casual
56144,Women,Sports Shoes,Summer,Casual
56145,Women,Sports Shoes,Summer,Casual
56146,Women,Sports Shoes,Summer,Casual
56147,Women,Sports Shoes,Summer,Casual
56148,Women,Sports Shoes,Winter,Casual
56149,Women,Kajal and Eyeliner,Spring,Casual
56150,Women,Kajal and Eyeliner,Spring,Casual
56151,Women,Kajal and Eyeliner,Spring,Casual
56152,Women,Kajal and Eyeliner,Summer,Casual
56153,Men,Kajal and Eyeliner,Spring,Formal
56154,Women,Kajal and Eyeliner,Spring,Casual
56155,Men,Kajal and Eyeliner,Spring,Casual
56156,Men,Kajal and Eyeliner,Summer,Casual
56157,Women,Kajal and Eyeliner,Spring,Casual
56158,Women,Kajal and Eyeliner,Summer,Casual
56159,Women,Kajal and Eyeliner,Summer,Casual
56160,Women,Lip Liner,Summer,Casual
56161,Women,Kajal and Eyeliner,Spring,Casual
56162,Men,Lip Liner,Spring,Formal
56164,Women,Kajal and Eyeliner,Summer,Casual
56165,Women,Kajal and Eyeliner,Spring,Casual
56166,Women,Kajal and Eyeliner,Summer,Casual
56167,Men,Kajal and Eyeliner,Spring,Casual
56168,Women,Mobile Pouch,Spring,Casual
56170,Women,Earrings,Spring,Casual
56171,Men,Earrings,Summer,Casual
56172,Women,Kajal and Eyeliner,Spring,Casual
56173,Men,Wallets,Summer,Casual
56174,Men,Wallets,Summer,Casual
56175,Men,Wallets,Summer,Casual
56176,Men,Wallets,Summer,Casual
56177,Men,Wallets,Summer,Casual
56178,Women,Shoe Accessories,Summer,Casual
56179,Women,Wallets,Summer,Casual
56180,Women,Wallets,Summer,Casual
56181,Girls,Heels,Summer,Casual
56182,Girls,Heels,Summer,Casual
56183,Girls,Heels,Summer,Casual
56184,Girls,Heels,Summer,Casual
56185,Women,Casual Shoes,Summer,Casual
56186,Women,Sports Shoes,Summer,Casual
56187,Women,Sports Shoes,Summer,Casual
56188,Women,Sports Shoes,Summer,Casual
56189,Men,Tshirts,Summer,Casual
56190,Women,Heels,Summer,Casual
56191,Women,Handbags,Summer,Casual
56192,Women,Handbags,Summer,Casual
56193,Women,Sports Shoes,Summer,Casual
56194,Women,Sports Shoes,Summer,Casual
56195,Women,Casual Shoes,Summer,Casual
56196,Women,Sports Shoes,Summer,Casual
56198,Women,Bracelet,Winter,Casual
56199,Women,Earrings,Winter,Casual
56201,Women,Earrings,Summer,Casual
56202,Women,Bangle,Summer,Casual
56203,Women,Ring,Winter,Casual
56205,Women,Ring,Summer,Casual
56206,Women,Ring,Winter,Casual
56207,Women,Bangle,Winter,Casual
56208,Women,Ring,Winter,Casual
56209,Women,Bangle,Winter,Casual
56210,Women,Ring,Winter,Casual
56211,Women,Ring,Winter,Casual
56212,Women,Perfume and Body Mist,Winter,Casual
56213,Women,Earrings,Summer,Casual
56214,Women,Earrings,Winter,Casual
56215,Women,Earrings,Summer,Casual
56216,Women,Earrings,Summer,Casual
56217,Women,Earrings,Summer,Casual
56218,Women,Jewellery Set,Winter,Casual
56219,Women,Jewellery Set,Summer,Casual
56220,Women,Jewellery Set,Winter,Casual
56221,Women,Night suits,Summer,Casual
56222,Women,Stockings,Summer,Casual
56223,Women,Kurta Sets,Summer,Casual
56224,Women,Stockings,Summer,Casual
56225,Women,Night suits,Summer,Ethnic
56226,Women,Jeans,Summer,Casual
56227,Women,Stockings,Summer,Casual
56228,Women,Kurta Sets,Summer,Casual
56229,Women,Tracksuits,Summer,Casual
56230,Women,Stockings,Summer,Casual
56231,Women,Night suits,Summer,Casual
56232,Women,Night suits,Summer,Casual
56233,Women,Tracksuits,Summer,Casual
56234,Women,Night suits,Summer,Casual
56235,Women,Night suits,Summer,Casual
56236,Women,Tracksuits,Summer,Casual
56237,Women,Kurta Sets,Summer,Casual
56238,Women,Tracksuits,Summer,Ethnic
56239,Women,Night suits,Summer,Casual
56240,Women,Night suits,Summer,Casual
56241,Women,Stockings,Summer,Casual
56243,Women,Stockings,Summer,Casual
56244,Women,Kurta Sets,Summer,Casual
56245,Women,Dupatta,Summer,Casual
56247,Women,Kurta Sets,Summer,Casual
56248,Women,Night suits,Summer,Casual
56249,Women,Tracksuits,Summer,Casual
56250,Women,Tracksuits,Summer,Casual
56251,Women,Night suits,Summer,Casual
56252,Women,Kurta Sets,Summer,Casual
56253,Women,Tracksuits,Summer,Casual
56254,Women,Night suits,Summer,Casual
56255,Women,Night suits,Summer,Casual
56256,Women,Night suits,Summer,Casual
56257,Women,Night suits,Summer,Casual
56258,Women,Night suits,Summer,Casual
56260,Women,Night suits,Summer,Casual
56261,Women,Tracksuits,Summer,Ethnic
56262,Women,Kurta Sets,Summer,Casual
56263,Women,Kurta Sets,Summer,Casual
56265,Women,Kurta Sets,Summer,Casual
56266,Women,Night suits,Summer,Casual
56267,Women,Night suits,Summer,Casual
56268,Women,Kurta Sets,Summer,Casual
56269,Women,Night suits,Summer,Casual
56270,Women,Bra,Summer,Casual
56271,Women,Bra,Summer,Casual
56272,Women,Bra,Summer,Casual
56273,Women,Tshirts,Summer,Casual
56274,Women,Bra,Summer,Casual
56275,Women,Bra,Summer,Casual
56276,Women,Bra,Summer,Casual
56277,Women,Bra,Summer,Casual
56278,Women,Bra,Summer,Casual
56279,Women,Bra,Summer,Casual
56280,Women,Bra,Summer,Casual
56281,Women,Bra,Summer,Casual
56282,Women,Bra,Summer,Casual
56283,Women,Bra,Summer,Casual
56284,Women,Bra,Summer,Casual
56285,Women,Bra,Summer,Casual
56286,Women,Bra,Summer,Casual
56287,Women,Bra,Summer,Casual
56288,Women,Bra,Summer,Casual
56289,Women,Bra,Summer,Casual
56290,Men,Briefs,Summer,Casual
56291,Men,Briefs,Summer,Sports
56292,Women,Bra,Summer,Casual
56293,Women,Bra,Summer,Casual
56294,Women,Bra,Summer,Casual
56295,Women,Bra,Summer,Casual
56296,Men,Briefs,Summer,Casual
56297,Men,Briefs,Summer,Sports
56298,Men,Bra,Summer,Casual
56299,Women,Bra,Summer,Casual
56300,Women,Bra,Summer,Casual
56301,Women,Bra,Summer,Casual
56302,Women,Bra,Summer,Casual
56303,Men,Briefs,Summer,Casual
56304,Men,Briefs,Summer,Casual
56305,Men,Briefs,Summer,Casual
56306,Women,Bra,Summer,Casual
56307,Women,Bra,Summer,Casual
56308,Men,Briefs,Summer,Casual
56309,Women,Briefs,Summer,Casual
56310,Women,Bra,Summer,Casual
56311,Women,Bra,Summer,Casual
56312,Women,Clothing Set,Winter,Casual
56313,Men,Watches,Winter,Casual
56314,Men,Socks,Winter,Casual
56315,Women,Socks,Winter,Casual
56316,Women,Socks,Winter,Casual
56317,Women,Deodorant,Winter,Casual
56318,Women,Watches,Winter,Casual
56319,Men,Socks,Winter,Casual
56320,Women,Watches,Winter,Casual
56321,Women,Watches,Winter,Casual
56322,Women,Tops,Winter,Casual
56323,Women,Watches,Winter,Casual
56324,Women,Socks,Winter,Casual
56326,Men,Socks,Winter,Casual
56327,Men,Watches,Winter,Casual
56329,Women,Watches,Winter,Casual
56330,Men,Watches,Winter,Casual
56331,Women,Watches,Winter,Casual
56332,Men,Free Gifts,Winter,Casual
56333,Men,Watches,Winter,Casual
56335,Men,Watches,Winter,Casual
56336,Men,Watches,Winter,Casual
56337,Men,Watches,Winter,Casual
56338,Women,Watches,Winter,Casual
56339,Men,Watches,Winter,Casual
56340,Men,Watches,Winter,Casual
56341,Men,Watches,Winter,Casual
56342,Men,Watches,Winter,Casual
56343,Men,Watches,Winter,Casual
56344,Men,Messenger Bag,Winter,Formal
56346,Women,Watches,Winter,Casual
56348,Men,Shirts,Winter,Casual
56349,Women,Deodorant,Spring,Casual
56351,Women,Deodorant,Spring,Casual
56352,Men,Deodorant,Spring,Casual
56353,Men,Deodorant,Spring,Casual
56354,Women,Deodorant,Spring,Casual
56355,Women,Fragrance Gift Set,Spring,Casual
56356,Women,Gloves,Spring,Casual
56359,Women,Earrings,Spring,Casual
56360,Women,Perfume and Body Mist,Spring,Casual
56361,Women,Perfume and Body Mist,Spring,Casual
56362,Women,Perfume and Body Mist,Spring,Casual
56363,Women,Perfume and Body Mist,Spring,Casual
56364,Women,Perfume and Body Mist,Spring,Casual
56365,Men,Perfume and Body Mist,Spring,Casual
56366,Women,Perfume and Body Mist,Spring,Casual
56367,Women,Perfume and Body Mist,Spring,Casual
56368,Men,Perfume and Body Mist,Spring,Casual
56375,Women,Perfume and Body Mist,Spring,Casual
56376,Girls,Perfume and Body Mist,Spring,Casual
56377,Women,Perfume and Body Mist,Spring,Casual
56378,Women,Perfume and Body Mist,Spring,Casual
56379,Women,Perfume and Body Mist,Spring,Casual
56380,Women,Earrings,Spring,Casual
56381,Women,Ring,Spring,Casual
56385,Women,Deodorant,Spring,Casual
56386,Women,Perfume and Body Mist,Spring,Casual
56388,Women,Perfume and Body Mist,Spring,Casual
56389,Women,Tops,Spring,Casual
56390,Women,Perfume and Body Mist,Spring,Casual
56391,Women,Kajal and Eyeliner,Spring,Casual
56392,Women,Perfume and Body Mist,Spring,Casual
56393,Men,Perfume and Body Mist,Spring,Casual
56394,Women,Perfume and Body Mist,Spring,Casual
56395,Women,Perfume and Body Mist,Spring,Casual
56402,Women,Flip Flops,Winter,Casual
56403,Women,Flip Flops,Winter,Casual
56404,Women,Bracelet,Winter,Casual
56405,Women,Flip Flops,Winter,Casual
56406,Women,Flip Flops,Winter,Casual
56407,Women,Flip Flops,Winter,Casual
56410,Men,Casual Shoes,Winter,Casual
56411,Men,Flip Flops,Winter,Casual
56412,Men,Flip Flops,Winter,Casual
56413,Men,Sandals,Winter,Casual
56414,Men,Sports Sandals,Winter,Casual
56415,Men,Sports Sandals,Winter,Casual
56416,Women,Bra,Summer,Casual
56417,Women,Bra,Fall,Casual
56418,Women,Bra,Summer,Casual
56419,Women,Bra,Summer,Casual
56420,Women,Bra,Summer,Casual
56421,Women,Bra,Summer,Casual
56422,Women,Bra,Summer,Casual
56423,Women,Bra,Summer,Casual
56424,Women,Heels,Summer,Casual
56425,Women,Casual Shoes,Summer,Casual
56427,Women,Casual Shoes,Summer,Casual
56428,Women,Casual Shoes,Winter,Casual
56429,Women,Casual Shoes,Summer,Casual
56432,Women,Tops,Spring,Casual
56436,Women,Nail Polish,Spring,Casual
56440,Women,Nail Polish,Spring,Casual
56443,Women,Perfume and Body Mist,Spring,Casual
56444,Women,Perfume and Body Mist,Spring,Casual
56446,Women,Rompers,Spring,Casual
56447,Women,Perfume and Body Mist,Spring,Casual
56448,Women,Nail Polish,Spring,Casual
56450,Women,Nail Polish,Spring,Casual
56451,Women,Perfume and Body Mist,Spring,Casual
56452,Women,Lipstick,Spring,Casual
56454,Women,Nail Polish,Spring,Casual
56455,Women,Perfume and Body Mist,Spring,Casual
56456,Women,Perfume and Body Mist,Spring,Casual
56458,Women,Lipstick,Spring,Casual
56460,Women,Deodorant,Spring,Casual
56461,Women,Perfume and Body Mist,Spring,Casual
56462,Women,Deodorant,Spring,Casual
56463,Women,Deodorant,Spring,Casual
56464,Women,Deodorant,Spring,Casual
56465,Women,Deodorant,Spring,Casual
56466,Women,Deodorant,Spring,Casual
56467,Women,Deodorant,Spring,Casual
56468,Women,Perfume and Body Mist,Spring,Casual
56469,Women,Deodorant,Spring,Casual
56470,Women,Nail Polish,Spring,Casual
56471,Women,Nail Polish,Spring,Casual
56472,Men,Perfume and Body Mist,Spring,Casual
56473,Women,Nail Polish,Spring,Casual
56474,Women,Deodorant,Spring,Casual
56475,Women,Perfume and Body Mist,Spring,Casual
56476,Women,Perfume and Body Mist,Spring,Casual
56477,Women,Nail Polish,Spring,Casual
56478,Women,Deodorant,Spring,Casual
56479,Women,Nail Polish,Spring,Casual
56480,Women,Deodorant,Spring,Casual
56481,Women,Nail Polish,Spring,Casual
56482,Women,Perfume and Body Mist,Spring,Casual
56483,Women,Deodorant,Spring,Casual
56484,Women,Deodorant,Spring,Casual
56485,Men,Deodorant,Spring,Casual
56486,Women,Deodorant,Spring,Casual
56488,Women,Perfume and Body Mist,Spring,Casual
56489,Women,Deodorant,Spring,Casual
56490,Women,Perfume and Body Mist,Spring,Casual
56491,Women,Perfume and Body Mist,Spring,Casual
56492,Men,Deodorant,Spring,Casual
56493,Women,Deodorant,Spring,Casual
56494,Women,Deodorant,Spring,Casual
56495,Women,Perfume and Body Mist,Spring,Casual
56496,Women,Deodorant,Spring,Casual
56497,Women,Deodorant,Spring,Casual
56498,Women,Deodorant,Spring,Casual
56499,Women,Deodorant,Spring,Casual
56500,Women,Deodorant,Spring,Casual
56501,Women,Deodorant,Spring,Casual
56502,Women,Deodorant,Spring,Casual
56503,Women,Deodorant,Spring,Casual
56504,Women,Nail Polish,Spring,Casual
56505,Women,Deodorant,Spring,Casual
56506,Men,Lipstick,Spring,Casual
56507,Men,Lipstick,Spring,Casual
56508,Women,Lipstick,Spring,Casual
56509,Women,Lipstick,Spring,Casual
56511,Women,Lipstick,Spring,Casual
56512,Women,Lipstick,Spring,Casual
56513,Women,Lipstick,Spring,Casual
56515,Women,Lipstick,Spring,Casual
56516,Women,Lipstick,Spring,Casual
56517,Women,Lipstick,Spring,Casual
56518,Women,Lipstick,Spring,Casual
56519,Women,Lipstick,Spring,Casual
56520,Women,Lipstick,Spring,Casual
56521,Women,Lipstick,Spring,Casual
56522,Women,Lipstick,Spring,Casual
56523,Women,Lipstick,Spring,Casual
56524,Women,Lipstick,Spring,Casual
56525,Women,Lipstick,Spring,Casual
56526,Women,Lipstick,Spring,Casual
56527,Men,Lipstick,Spring,Casual
56528,Women,Lipstick,Spring,Casual
56529,Women,Lipstick,Spring,Casual
56530,Women,Lipstick,Spring,Casual
56531,Women,Lipstick,Spring,Casual
56532,Women,Lipstick,Spring,Casual
56533,Women,Lipstick,Spring,Casual
56534,Women,Lipstick,Spring,Casual
56535,Women,Lipstick,Spring,Casual
56536,Women,Lipstick,Spring,Casual
56537,Women,Lipstick,Spring,Casual
56539,Women,Lipstick,Spring,Casual
56540,Women,Lipstick,Spring,Casual
56541,Women,Lipstick,Spring,Casual
56542,Women,Lipstick,Spring,Casual
56543,Men,Earrings,Spring,Casual
56544,Men,Earrings,Spring,Casual
56545,Men,Kajal and Eyeliner,Spring,Casual
56546,Women,Perfume and Body Mist,Spring,Casual
56547,Men,Kajal and Eyeliner,Spring,Casual
56548,Men,Lip Liner,Spring,Casual
56549,Men,Kajal and Eyeliner,Spring,Casual
56550,Men,Kajal and Eyeliner,Spring,Casual
56551,Women,Lipstick,Spring,Casual
56553,Women,Lipstick,Spring,Casual
56554,Women,Perfume and Body Mist,Spring,Casual
56555,Women,Lipstick,Spring,Casual
56556,Women,Wallets,Spring,Casual
56558,Women,Wallets,Spring,Casual
56559,Women,Lipstick,Spring,Casual
56560,Women,Lipstick,Spring,Casual
56561,Women,Wallets,Spring,Casual
56562,Women,Wallets,Spring,Casual
56563,Women,Lipstick,Spring,Casual
56564,Women,Lipstick,Spring,Casual
56565,Women,Lipstick,Spring,Casual
56566,Men,Lipstick,Spring,Casual
56568,Women,Tops,Spring,Casual
56569,Women,Sports Shoes,Spring,Casual
56570,Women,Sports Shoes,Spring,Casual
56571,Girls,Caps,Summer,Casual
56572,Boys,Heels,Summer,Casual
56573,Girls,Caps,Summer,Casual
56574,Women,Sports Shoes,Summer,Casual
56575,Girls,Lipstick,Spring,Casual
56576,Girls,Lipstick,Spring,Casual
56579,Women,Perfume and Body Mist,Spring,Casual
56580,Women,Heels,Spring,Casual
56581,Men,Flip Flops,Winter,Casual
56582,Women,Heels,Winter,Casual
56583,Women,Deodorant,Spring,Casual
56584,Women,Clothing Set,Summer,Casual
56585,Women,Shoe Accessories,Summer,Casual
56588,Men,Lip Liner,Spring,Casual
56590,Boys,Caps,Summer,Casual
56591,Boys,Tshirts,Summer,Casual
56592,Women,Skirts,Summer,Casual
56593,Men,Caps,Summer,Casual
56594,Men,Wallets,Spring,Casual
56597,Men,Kajal and Eyeliner,Spring,Casual
56598,Men,Kajal and Eyeliner,Spring,Casual
56599,Men,Kajal and Eyeliner,Spring,Casual
56600,Men,Lipstick,Spring,Casual
56601,Women,Kajal and Eyeliner,Spring,Casual
56602,Women,Kajal and Eyeliner,Spring,Casual
56603,Women,Kajal and Eyeliner,Spring,Casual
56604,Men,Earrings,Spring,Casual
56605,Men,Lipstick,Spring,Casual
56606,Women,Casual Shoes,Summer,Casual
56607,Women,Sports Shoes,Summer,Casual
56608,Women,Perfume and Body Mist,Summer,Casual
56609,Girls,Tshirts,Summer,Casual
56610,Girls,Heels,Summer,Casual
56611,Women,Tshirts,Summer,Casual
56612,Women,Wallets,Summer,Casual
56613,Women,Wallets,Summer,Casual
56614,Women,Wallets,Summer,Casual
56615,Women,Casual Shoes,Summer,Casual
56616,Women,Casual Shoes,Summer,Casual
56617,Girls,Casual Shoes,Summer,Casual
56618,Women,Sports Shoes,Summer,Casual
56619,Women,Heels,Summer,Casual
56620,Women,Heels,Summer,Casual
56622,Women,Perfume and Body Mist,Summer,Casual
56624,Women,Perfume and Body Mist,Spring,Casual
56626,Women,Tshirts,Summer,Casual
56627,Men,Perfume and Body Mist,Spring,Casual
56631,Women,Deodorant,Summer,Casual
56632,Women,Tops,Spring,Casual
56634,Women,Perfume and Body Mist,Winter,Casual
56638,Women,Dresses,Summer,Ethnic
56639,Women,Kurtas,Summer,Casual
56640,Women,Kurtas,Summer,Casual
56642,Women,Kurtas,Summer,Casual
56643,Women,Tops,Summer,Casual
56646,Women,Tops,Summer,Casual
56647,Men,Tshirts,Summer,Formal
56649,Women,Tops,Summer,Casual
56650,Women,Tops,Summer,Casual
56651,Women,Tops,Summer,Casual
56652,Men,Formal Shoes,Winter,Formal
56653,Men,Casual Shoes,Summer,Casual
56654,Men,Casual Shoes,Winter,Casual
56655,Men,Sports Shoes,Summer,Casual
56656,Men,Casual Shoes,Summer,Casual
56657,Men,Casual Shoes,Summer,Casual
56658,Men,Casual Shoes,Summer,Casual
56659,Men,Sports Shoes,Winter,Formal
56660,Men,Heels,Winter,Casual
56661,Men,Sandals,Fall,Casual
56662,Women,Handbags,Summer,Casual
56663,Men,Sandals,Winter,Casual
56664,Men,Sandals,Winter,Casual
56665,Men,Formal Shoes,Summer,Casual
56666,Men,Casual Shoes,Summer,Casual
56667,Women,Watches,Winter,Casual
56668,Men,Watches,Winter,Casual
56669,Men,Watches,Winter,Casual
56670,Men,Watches,Winter,Casual
56671,Women,Watches,Winter,Casual
56672,Women,Watches,Winter,Casual
56673,Men,Watches,Winter,Casual
56674,Women,Watches,Winter,Casual
56675,Unisex,Watches,Winter,Casual
56676,Men,Watches,Winter,Casual
56677,Women,Watches,Winter,Casual
56678,Men,Watches,Winter,Casual
56679,Women,Heels,Winter,Casual
56680,Women,Heels,Winter,Casual
56681,Men,Watches,Winter,Casual
56682,Men,Watches,Winter,Casual
56684,Women,Sarees,Summer,Ethnic
56685,Women,Sarees,Summer,Ethnic
56686,Women,Sarees,Summer,Ethnic
56687,Men,Dresses,Summer,Casual
56688,Women,Dresses,Summer,Casual
56689,Men,Dresses,Summer,Casual
56691,Women,Dresses,Summer,Ethnic
56692,Men,Dresses,Summer,Casual
56693,Men,Kurtas,Summer,Casual
56694,Men,Shirts,Summer,Casual
56695,Men,Shirts,Summer,Casual
56696,Men,Tshirts,Summer,Casual
56697,Men,Shirts,Summer,Casual
56698,Men,Shirts,Summer,Casual
56699,Men,Tshirts,Summer,Casual
56700,Men,Shirts,Summer,Casual
56701,Men,Tshirts,Summer,Casual
56702,Men,Shirts,Summer,Casual
56703,Men,Shirts,Summer,Casual
56704,Men,Tshirts,Summer,Casual
56705,Women,Kurtas,Summer,Casual
56709,Women,Kurtas,Summer,Casual
56711,Women,Kurtas,Summer,Ethnic
56713,Women,Kurtas,Summer,Ethnic
56714,Women,Kurtas,Summer,Ethnic
56715,Women,Kurtas,Summer,Ethnic
56718,Women,Kurtas,Summer,Ethnic
56720,Men,Casual Shoes,Summer,Casual
56721,Men,Sports Shoes,Summer,Casual
56722,Men,Sports Shoes,Summer,Casual
56723,Men,Casual Shoes,Fall,Casual
56724,Men,Flip Flops,Winter,Casual
56725,Men,Tshirts,Summer,Casual
56733,Men,Tshirts,Summer,Casual
56734,Women,Tshirts,Summer,Casual
56736,Men,Tshirts,Summer,Casual
56752,Men,Tshirts,Summer,Casual
56753,Men,Tshirts,Summer,Casual
56765,Men,Sweaters,Summer,Casual
56769,Men,Shirts,Summer,Casual
56770,Men,Shirts,Summer,Casual
56771,Men,Shirts,Summer,Casual
56787,Men,Shirts,Summer,Casual
56795,Women,Jeans,Summer,Casual
56798,Men,Jeans,Summer,Casual
56805,Women,Kurta Sets,Summer,Casual
56806,Women,Kurtas,Summer,Ethnic
56807,Women,Tunics,Summer,Ethnic
56808,Women,Shirts,Summer,Casual
56809,Women,Kurtas,Summer,Ethnic
56810,Women,Stoles,Summer,Casual
56811,Women,Kurtas,Summer,Ethnic
56812,Women,Kurtas,Summer,Casual
56813,Women,Kurtas,Summer,Ethnic
56814,Women,Dresses,Summer,Casual
56815,Women,Kurtas,Summer,Casual
56816,Men,Shirts,Summer,Casual
56817,Men,Shirts,Summer,Casual
56818,Women,Shirts,Summer,Casual
56819,Men,Shirts,Summer,Casual
56820,Men,Shirts,Summer,Casual
56821,Women,Shorts,Summer,Casual
56822,Women,Lounge Shorts,Summer,Casual
56825,Men,Tshirts,Summer,Casual
56827,Men,Jeans,Summer,Casual
56828,Women,Jeans,Summer,Casual
56829,Women,Shirts,Summer,Casual
56843,Women,Jeans,Summer,Casual
56844,Women,Jeans,Summer,Casual
56845,Men,Lounge Pants,Summer,Casual
56846,Women,Lounge Pants,Summer,Casual
56847,Women,Jeans,Summer,Casual
56849,Women,Jeans,Summer,Casual
56850,Men,Lounge Pants,Summer,Casual
56852,Women,Jeans,Summer,Casual
56854,Men,Sweaters,Summer,Casual
56855,Men,Tshirts,Summer,Casual
56856,Men,Flip Flops,Summer,Casual
56857,Men,Flip Flops,Winter,Casual
56858,Men,Flip Flops,Fall,Casual
56859,Women,Flip Flops,Winter,Casual
56860,Women,Flip Flops,Winter,Casual
56861,Women,Flip Flops,Winter,Casual
56862,Women,Flip Flops,Winter,Casual
56863,Women,Heels,Winter,Casual
56864,Women,Heels,Winter,Casual
56865,Women,Sports Sandals,Winter,Casual
56866,Women,Heels,Winter,Casual
56867,Women,Flip Flops,Winter,Casual
56868,Women,Flip Flops,Winter,Casual
56869,Women,Sports Sandals,Winter,Casual
56870,Women,Flip Flops,Winter,Casual
56871,Women,Flip Flops,Winter,Casual
56872,Women,Flip Flops,Winter,Casual
56873,Women,Flip Flops,Winter,Casual
56874,Women,Flip Flops,Winter,Casual
56875,Women,Bangle,Winter,Casual
56876,Women,Flip Flops,Winter,Casual
56877,Women,Heels,Winter,Casual
56878,Women,Sports Shoes,Winter,Casual
56879,Women,Heels,Winter,Casual
56880,Women,Duffel Bag,Winter,Casual
56881,Women,Heels,Winter,Casual
56882,Women,Heels,Winter,Casual
56883,Women,Heels,Winter,Casual
56884,Women,Heels,Winter,Casual
56885,Women,Heels,Winter,Casual
56886,Women,Heels,Winter,Casual
56887,Women,Heels,Winter,Casual
56888,Women,Flip Flops,Winter,Casual
56889,Women,Flip Flops,Winter,Casual
56890,Women,Flip Flops,Winter,Casual
56891,Women,Flip Flops,Winter,Casual
56893,Women,Heels,Winter,Casual
56894,Women,Heels,Winter,Casual
56895,Women,Tshirts,Winter,Casual
56896,Women,Bracelet,Winter,Casual
56897,Women,Heels,Winter,Casual
56898,Women,Heels,Winter,Casual
56899,Women,Heels,Winter,Casual
56900,Women,Heels,Winter,Casual
56901,Women,Heels,Winter,Casual
56902,Women,Flip Flops,Winter,Casual
56903,Women,Flip Flops,Winter,Casual
56904,Women,Flip Flops,Winter,Casual
56905,Women,Flip Flops,Winter,Casual
56906,Women,Flip Flops,Winter,Casual
56907,Women,Flip Flops,Winter,Casual
56908,Women,Flip Flops,Winter,Casual
56909,Women,Flip Flops,Winter,Casual
56910,Women,Flip Flops,Winter,Casual
56911,Women,Flip Flops,Winter,Casual
56912,Women,Heels,Winter,Casual
56913,Women,Flip Flops,Winter,Casual
56914,Women,Heels,Winter,Casual
56915,Women,Flip Flops,Winter,Casual
56916,Women,Flip Flops,Winter,Casual
56917,Women,Heels,Winter,Casual
56918,Women,Flip Flops,Winter,Casual
56919,Women,Flip Flops,Winter,Casual
56920,Women,Flip Flops,Winter,Casual
56921,Women,Heels,Winter,Casual
56922,Women,Heels,Winter,Casual
56923,Women,Flip Flops,Winter,Casual
56924,Women,Flip Flops,Winter,Casual
56925,Women,Flip Flops,Winter,Casual
56926,Women,Flip Flops,Winter,Casual
56927,Women,Heels,Winter,Casual
56928,Women,Heels,Winter,Casual
56929,Women,Heels,Winter,Casual
56930,Women,Flip Flops,Winter,Casual
56931,Women,Flip Flops,Winter,Casual
56932,Women,Flip Flops,Winter,Casual
56933,Women,Flip Flops,Winter,Casual
56934,Women,Heels,Winter,Casual
56935,Women,Flip Flops,Winter,Casual
56936,Women,Heels,Winter,Casual
56937,Women,Sports Shoes,Winter,Casual
56938,Women,Sports Shoes,Winter,Casual
56939,Women,Heels,Winter,Casual
56940,Women,Heels,Winter,Casual
56941,Women,Heels,Winter,Casual
56942,Women,Heels,Winter,Casual
56943,Women,Flip Flops,Winter,Casual
56944,Women,Flip Flops,Winter,Casual
56945,Women,Heels,Winter,Casual
56946,Women,Heels,Winter,Casual
56947,Women,Heels,Winter,Casual
56948,Women,Heels,Winter,Casual
56949,Women,Flip Flops,Winter,Casual
56950,Women,Flip Flops,Winter,Casual
56951,Women,Flip Flops,Winter,Casual
56952,Women,Flip Flops,Winter,Casual
56953,Women,Sports Sandals,Winter,Casual
56954,Women,Heels,Winter,Casual
56955,Women,Heels,Winter,Casual
56956,Women,Sports Shoes,Winter,Casual
56957,Men,Heels,Winter,Casual
56958,Men,Flip Flops,Winter,Casual
56959,Women,Flip Flops,Winter,Casual
56960,Women,Heels,Winter,Casual
56961,Women,Flip Flops,Winter,Casual
56962,Women,Flip Flops,Winter,Casual
56963,Women,Heels,Winter,Casual
56964,Women,Flip Flops,Winter,Casual
56965,Women,Flip Flops,Winter,Casual
56966,Women,Flip Flops,Winter,Casual
56967,Women,Flip Flops,Winter,Casual
56968,Women,Flip Flops,Winter,Casual
56969,Women,Flip Flops,Winter,Casual
56970,Women,Flip Flops,Winter,Casual
56971,Women,Flip Flops,Winter,Casual
56972,Women,Flip Flops,Winter,Casual
56973,Women,Flip Flops,Winter,Casual
56974,Women,Flip Flops,Winter,Casual
56975,Women,Flip Flops,Winter,Casual
56976,Women,Heels,Winter,Casual
56977,Women,Heels,Winter,Casual
56978,Women,Flip Flops,Winter,Casual
56979,Women,Flip Flops,Winter,Casual
56980,Women,Flip Flops,Winter,Casual
56981,Women,Heels,Winter,Casual
56982,Women,Flip Flops,Winter,Casual
56983,Women,Flip Flops,Winter,Casual
56984,Women,Flip Flops,Winter,Casual
56985,Women,Heels,Winter,Casual
56986,Women,Flip Flops,Winter,Casual
56987,Women,Heels,Winter,Casual
56988,Women,Flip Flops,Winter,Casual
56989,Women,Heels,Winter,Casual
56990,Women,Heels,Winter,Casual
56991,Women,Heels,Winter,Casual
56992,Women,Heels,Winter,Casual
56993,Women,Heels,Winter,Casual
56994,Women,Duffel Bag,Winter,Casual
56995,Women,Flip Flops,Winter,Casual
56996,Women,Heels,Winter,Casual
56997,Women,Flip Flops,Winter,Casual
56998,Women,Travel Accessory,Winter,Casual
56999,Women,Heels,Winter,Casual
57000,Women,Flats,Winter,Casual
57001,Women,Heels,Winter,Casual
57002,Women,Flip Flops,Winter,Casual
57003,Women,Heels,Winter,Casual
57004,Women,Flats,Winter,Casual
57005,Women,Heels,Winter,Casual
57006,Women,Heels,Winter,Casual
57007,Women,Heels,Winter,Casual
57008,Women,Flip Flops,Winter,Casual
57009,Women,Flip Flops,Winter,Casual
57010,Women,Flip Flops,Winter,Casual
57011,Women,Flip Flops,Winter,Casual
57012,Women,Heels,Winter,Casual
57013,Women,Flip Flops,Winter,Casual
57014,Women,Flip Flops,Winter,Casual
57015,Men,Briefs,Summer,Casual
57016,Men,Briefs,Summer,Casual
57017,Men,Briefs,Summer,Casual
57018,Women,Briefs,Summer,Casual
57019,Women,Briefs,Summer,Casual
57021,Men,Briefs,Summer,Casual
57022,Men,Briefs,Summer,Casual
57023,Men,Briefs,Summer,Casual
57024,Men,Briefs,Summer,Casual
57025,Men,Briefs,Summer,Casual
57026,Men,Briefs,Summer,Casual
57027,Women,Briefs,Summer,Casual
57028,Men,Tshirts,Summer,Casual
57029,Men,Tshirts,Summer,Casual
57030,Women,Scarves,Summer,Ethnic
57031,Women,Kurtas,Summer,Ethnic
57032,Women,Tshirts,Summer,Casual
57033,Men,Tshirts,Summer,Casual
57034,Women,Night suits,Summer,Casual
57035,Women,Dresses,Summer,Ethnic
57036,Women,Kurta Sets,Summer,Casual
57037,Women,Tops,Summer,Casual
57038,Women,Dresses,Summer,Ethnic
57039,Women,Tops,Summer,Ethnic
57040,Women,Dresses,Summer,Ethnic
57041,Women,Tops,Summer,Ethnic
57042,Women,Dresses,Summer,Casual
57043,Women,Dupatta,Summer,Ethnic
57044,Women,Dresses,Summer,Ethnic
57045,Women,Dresses,Summer,Casual
57046,Women,Dresses,Summer,Casual
57047,Women,Dresses,Summer,Ethnic
57048,Women,Dresses,Summer,Ethnic
57049,Women,Dresses,Summer,Ethnic
57050,Women,Dresses,Summer,Ethnic
57051,Women,Dresses,Summer,Casual
57052,Women,Dresses,Summer,Casual
57053,Women,Kurta Sets,Summer,Casual
57054,Women,Tops,Summer,Casual
57055,Women,Dresses,Summer,Casual
57056,Women,Dresses,Summer,Casual
57057,Women,Dresses,Summer,Ethnic
57058,Women,Dresses,Summer,Casual
57059,Women,Tops,Summer,Ethnic
57060,Women,Dresses,Summer,Ethnic
57061,Women,Tops,Summer,Ethnic
57062,Women,Tshirts,Summer,Casual
57063,Women,Tops,Summer,Casual
57064,Women,Tops,Summer,Casual
57065,Women,Tshirts,Summer,Ethnic
57066,Men,Tops,Summer,Casual
57067,Women,Stoles,Summer,Casual
57068,Women,Jackets,Summer,Casual
57069,Women,Tshirts,Summer,Casual
57070,Women,Lounge Pants,Summer,Casual
57071,Women,Jeans,Summer,Casual
57072,Women,Leggings,Summer,Casual
57073,Women,Jeggings,Summer,Casual
57074,Women,Stockings,Summer,Casual
57075,Women,Jeans,Summer,Casual
57076,Women,Jeans,Summer,Casual
57077,Women,Jeans,Summer,Casual
57078,Women,Stockings,Summer,Casual
57079,Women,Dresses,Summer,Ethnic
57080,Women,Tops,Summer,Casual
57081,Men,Tshirts,Summer,Casual
57082,Women,Shorts,Summer,Casual
57083,Women,Lounge Shorts,Summer,Casual
57084,Women,Skirts,Summer,Casual
57085,Men,Dresses,Summer,Casual
57086,Women,Lounge Shorts,Summer,Casual
57087,Women,Dresses,Summer,Casual
57088,Women,Shorts,Summer,Casual
57089,Women,Lounge Shorts,Summer,Casual
57090,Women,Shorts,Summer,Casual
57091,Women,Tshirts,Summer,Casual
57092,Women,Dresses,Summer,Casual
57093,Women,Lounge Shorts,Summer,Casual
57094,Women,Shorts,Summer,Casual
57095,Women,Lounge Shorts,Summer,Casual
57096,Women,Jeans,Summer,Casual
57097,Women,Lounge Shorts,Summer,Casual
57099,Women,Shorts,Summer,Casual
57100,Women,Tops,Summer,Casual
57101,Women,Tops,Summer,Casual
57102,Women,Shirts,Summer,Casual
57103,Women,Tshirts,Summer,Casual
57104,Women,Tops,Summer,Casual
57105,Women,Tops,Summer,Casual
57106,Women,Tops,Summer,Casual
57107,Men,Tshirts,Summer,Casual
57108,Men,Tshirts,Summer,Casual
57109,Women,Tshirts,Summer,Casual
57110,Men,Shirts,Summer,Casual
57111,Men,Tops,Summer,Casual
57112,Women,Tops,Summer,Casual
57114,Women,Tops,Summer,Casual
57115,Women,Dresses,Summer,Ethnic
57116,Women,Dresses,Summer,Casual
57117,Women,Tops,Summer,Formal
57118,Men,Tops,Summer,Casual
57119,Women,Tops,Summer,Ethnic
57120,Women,Tshirts,Summer,Casual
57121,Men,Tshirts,Summer,Casual
57122,Women,Tops,Summer,Casual
57123,Women,Tops,Summer,Casual
57124,Women,Tshirts,Summer,Casual
57125,Men,Tops,Summer,Casual
57126,Women,Tshirts,Summer,Casual
57127,Women,Tshirts,Summer,Formal
57128,Women,Dresses,Summer,Casual
57129,Women,Tops,Summer,Casual
57130,Women,Tshirts,Summer,Casual
57131,Women,Tunics,Summer,Casual
57132,Women,Tshirts,Summer,Casual
57133,Women,Dresses,Summer,Casual
57134,Women,Tops,Summer,Casual
57135,Women,Tshirts,Summer,Ethnic
57136,Women,Stockings,Summer,Casual
57137,Women,Lounge Shorts,Summer,Casual
57138,Men,Leggings,Summer,Casual
57139,Men,Lounge Pants,Summer,Casual
57140,Women,Lounge Shorts,Summer,Casual
57141,Men,Tights,Summer,Casual
57142,Men,Tops,Summer,Casual
57143,Women,Tshirts,Summer,Formal
57144,Women,Tshirts,Summer,Casual
57145,Women,Dresses,Summer,Casual
57146,Women,Tshirts,Summer,Casual
57147,Women,Tshirts,Summer,Casual
57148,Women,Tops,Summer,Casual
57149,Women,Tops,Summer,Ethnic
57150,Women,Tops,Summer,Casual
57151,Women,Tops,Summer,Casual
57152,Women,Tops,Summer,Casual
57153,Women,Tops,Summer,Casual
57154,Women,Tops,Summer,Casual
57155,Women,Tops,Summer,Casual
57156,Women,Tops,Summer,Casual
57157,Women,Tshirts,Summer,Casual
57158,Women,Tops,Summer,Casual
57159,Men,Tshirts,Summer,Casual
57160,Women,Tshirts,Summer,Casual
57161,Women,Tshirts,Summer,Casual
57162,Women,Tshirts,Summer,Casual
57163,Women,Tops,Summer,Casual
57164,Women,Tops,Summer,Casual
57165,Women,Tops,Summer,Casual
57166,Women,Tshirts,Summer,Casual
57167,Men,Tshirts,Summer,Casual
57168,Women,Tshirts,Summer,Casual
57169,Women,Tops,Summer,Casual
57170,Women,Tops,Summer,Casual
57171,Women,Dresses,Summer,Casual
57172,Women,Tshirts,Summer,Casual
57173,Women,Tshirts,Summer,Ethnic
57174,Women,Tops,Summer,Casual
57175,Women,Tops,Summer,Casual
57176,Women,Tops,Summer,Casual
57177,Women,Tops,Summer,Ethnic
57178,Women,Tops,Summer,Casual
57179,Women,Tops,Summer,Casual
57180,Women,Tops,Summer,Ethnic
57181,Women,Dresses,Summer,Casual
57182,Women,Dresses,Summer,Casual
57183,Women,Innerwear Vests,Summer,Casual
57184,Women,Tshirts,Summer,Ethnic
57185,Women,Dresses,Summer,Casual
57186,Women,Dresses,Summer,Casual
57187,Women,Dresses,Summer,Casual
57188,Women,Kurtas,Summer,Ethnic
57189,Women,Shirts,Summer,Casual
57190,Women,Tops,Summer,Casual
57191,Women,Tops,Summer,Casual
57192,Men,Dresses,Summer,Casual
57193,Women,Tops,Summer,Ethnic
57194,Women,Tshirts,Summer,Casual
57195,Women,Tops,Summer,Ethnic
57196,Women,Dresses,Summer,Ethnic
57197,Women,Tops,Summer,Casual
57198,Men,Tshirts,Summer,Casual
57199,Women,Dresses,Summer,Casual
57200,Women,Dresses,Summer,Casual
57201,Women,Tshirts,Summer,Casual
57202,Women,Tops,Summer,Casual
57203,Women,Dresses,Summer,Casual
57204,Women,Jeans,Summer,Casual
57205,Women,Leggings,Summer,Casual
57207,Women,Jeans,Summer,Casual
57208,Women,Jeans,Summer,Casual
57209,Women,Jeans,Summer,Casual
57210,Women,Leggings,Summer,Casual
57211,Women,Leggings,Summer,Casual
57212,Women,Jeans,Summer,Casual
57213,Women,Jeans,Summer,Casual
57214,Women,Lounge Shorts,Summer,Casual
57215,Women,Lounge Shorts,Summer,Casual
57216,Women,Lounge Shorts,Summer,Casual
57217,Women,Jeans,Summer,Casual
57218,Women,Jeans,Summer,Casual
57225,Women,Handbags,Winter,Casual
57226,Women,Handbags,Summer,Casual
57229,Women,Handbags,Winter,Casual
57230,Women,Handbags,Summer,Casual
57231,Women,Handbags,Summer,Casual
57235,Women,Handbags,Winter,Casual
57236,Women,Handbags,Summer,Casual
57237,Women,Handbags,Summer,Casual
57238,Women,Handbags,Winter,Casual
57239,Women,Handbags,Summer,Casual
57240,Women,Handbags,Winter,Casual
57241,Women,Handbags,Winter,Casual
57242,Women,Duffel Bag,Summer,Casual
57243,Women,Handbags,Winter,Casual
57244,Women,Handbags,Winter,Casual
57246,Women,Handbags,Winter,Casual
57247,Women,Handbags,Winter,Casual
57252,Women,Handbags,Winter,Casual
57253,Women,Handbags,Winter,Casual
57254,Women,Handbags,Winter,Casual
57255,Women,Handbags,Summer,Casual
57256,Women,Handbags,Summer,Casual
57258,Women,Handbags,Summer,Casual
57259,Women,Handbags,Winter,Casual
57261,Women,Handbags,Winter,Casual
57262,Women,Handbags,Winter,Casual
57263,Women,Duffel Bag,Summer,Casual
57264,Women,Handbags,Winter,Casual
57266,Women,Handbags,Winter,Casual
57268,Men,Tshirts,Summer,Casual
57273,Men,Dupatta,Summer,Casual
57274,Men,Shirts,Summer,Casual
57275,Men,Shirts,Summer,Casual
57276,Men,Shirts,Summer,Casual
57277,Men,Shirts,Summer,Casual
57280,Women,Shirts,Summer,Casual
57281,Men,Shirts,Summer,Casual
57282,Men,Shirts,Summer,Casual
57283,Women,Tshirts,Summer,Casual
57284,Men,Shirts,Summer,Casual
57285,Men,Shirts,Summer,Casual
57286,Men,Shirts,Summer,Casual
57287,Men,Shirts,Summer,Casual
57288,Men,Shirts,Summer,Casual
57289,Men,Shirts,Summer,Casual
57290,Men,Shirts,Summer,Casual
57291,Men,Shirts,Summer,Casual
57292,Men,Tops,Summer,Casual
57293,Men,Shirts,Summer,Casual
57294,Men,Shirts,Summer,Casual
57295,Men,Shirts,Fall,Casual
57296,Men,Shirts,Summer,Casual
57297,Men,Shirts,Summer,Casual
57298,Women,Heels,Winter,Casual
57299,Women,Flip Flops,Winter,Casual
57300,Women,Heels,Winter,Casual
57301,Women,Heels,Winter,Casual
57302,Women,Flip Flops,Winter,Casual
57303,Women,Heels,Winter,Casual
57304,Women,Flip Flops,Winter,Casual
57305,Women,Heels,Winter,Casual
57306,Women,Heels,Winter,Casual
57307,Women,Flip Flops,Winter,Casual
57308,Women,Flip Flops,Winter,Casual
57309,Women,Flip Flops,Winter,Casual
57310,Men,Tshirts,Summer,Casual
57311,Women,Bra,Summer,Casual
57312,Women,Bra,Summer,Casual
57313,Men,Bra,Summer,Casual
57316,Men,Bra,Summer,Casual
57318,Women,Bra,Summer,Casual
57319,Men,Bra,Summer,Casual
57320,Women,Bra,Summer,Casual
57321,Women,Tshirts,Summer,Casual
57322,Men,Bra,Summer,Casual
57323,Women,Bra,Winter,Casual
57324,Women,Bra,Summer,Casual
57325,Women,Bra,Summer,Casual
57326,Women,Bra,Summer,Casual
57327,Women,Bra,Summer,Casual
57328,Men,Bra,Summer,Casual
57329,Men,Bra,Summer,Casual
57330,Women,Bra,Summer,Casual
57331,Women,Bra,Summer,Casual
57333,Men,Bra,Summer,Casual
57334,Women,Bra,Summer,Casual
57335,Men,Bra,Summer,Casual
57336,Women,Tshirts,Spring,Casual
57338,Women,Bra,Summer,Casual
57339,Women,Bra,Summer,Casual
57340,Women,Bra,Summer,Casual
57342,Women,Bra,Summer,Casual
57343,Women,Bra,Summer,Casual
57344,Women,Bra,Summer,Casual
57345,Women,Bra,Summer,Casual
57346,Women,Bra,Summer,Casual
57347,Women,Bra,Summer,Casual
57348,Women,Bra,Summer,Casual
57349,Women,Bra,Summer,Casual
57350,Women,Bra,Summer,Casual
57351,Women,Bra,Summer,Casual
57352,Women,Bra,Summer,Casual
57353,Men,Bra,Summer,Casual
57354,Men,Bra,Summer,Casual
57355,Men,Bra,Summer,Casual
57356,Women,Bra,Summer,Casual
57357,Women,Bra,Summer,Casual
57358,Women,Bra,Summer,Casual
57359,Women,Bra,Summer,Casual
57360,Women,Bra,Summer,Casual
57361,Women,Bra,Summer,Casual
57362,Women,Bra,Summer,Casual
57363,Women,Bra,Summer,Casual
57365,Men,Briefs,Summer,Casual
57366,Men,Briefs,Summer,Casual
57367,Men,Briefs,Summer,Casual
57368,Men,Briefs,Summer,Casual
57369,Men,Briefs,Summer,Casual
57370,Men,Briefs,Summer,Casual
57371,Men,Briefs,Summer,Casual
57372,Men,Briefs,Summer,Casual
57373,Men,Briefs,Summer,Casual
57374,Men,Briefs,Summer,Casual
57375,Men,Briefs,Summer,Casual
57376,Women,Sunglasses,Summer,Casual
57378,Men,Briefs,Summer,Casual
57379,Men,Briefs,Summer,Casual
57380,Men,Briefs,Summer,Casual
57382,Men,Briefs,Summer,Casual
57383,Men,Briefs,Summer,Casual
57384,Men,Briefs,Summer,Casual
57388,Men,Briefs,Summer,Casual
57389,Women,Tshirts,Summer,Casual
57390,Men,Briefs,Summer,Casual
57391,Men,Heels,Winter,Casual
57392,Men,Sports Shoes,Summer,Casual
57393,Men,Briefs,Summer,Casual
57395,Men,Briefs,Summer,Casual
57397,Men,Briefs,Summer,Casual
57398,Men,Briefs,Summer,Casual
57399,Men,Briefs,Summer,Casual
57400,Women,Briefs,Summer,Casual
57401,Men,Briefs,Summer,Casual
57402,Men,Briefs,Summer,Casual
57403,Men,Briefs,Summer,Casual
57404,Men,Briefs,Summer,Casual
57405,Men,Briefs,Summer,Casual
57406,Men,Briefs,Summer,Casual
57407,Men,Briefs,Summer,Casual
57408,Men,Briefs,Summer,Casual
57409,Men,Briefs,Summer,Casual
57410,Men,Briefs,Summer,Casual
57411,Men,Briefs,Summer,Casual
57412,Women,Briefs,Summer,Casual
57413,Men,Briefs,Summer,Casual
57414,Men,Briefs,Summer,Casual
57415,Men,Briefs,Summer,Casual
57416,Women,Socks,Summer,Casual
57418,Women,Tops,Summer,Ethnic
57419,Women,Dresses,Summer,Casual
57420,Women,Tshirts,Summer,Casual
57421,Women,Tshirts,Summer,Casual
57422,Women,Tops,Summer,Casual
57423,Men,Tshirts,Summer,Casual
57424,Women,Tops,Summer,Casual
57425,Men,Tops,Summer,Casual
57426,Men,Tops,Summer,Casual
57427,Women,Tops,Summer,Casual
57428,Women,Tshirts,Summer,Casual
57429,Women,Tops,Summer,Casual
57430,Women,Tops,Summer,Casual
57431,Women,Tshirts,Summer,Casual
57432,Women,Tops,Summer,Casual
57433,Women,Tshirts,Summer,Casual
57434,Women,Tops,Summer,Casual
57435,Women,Tshirts,Summer,Casual
57436,Women,Tops,Summer,Casual
57437,Women,Tops,Summer,Casual
57438,Women,Tops,Summer,Casual
57439,Women,Tops,Summer,Casual
57440,Women,Tops,Summer,Casual
57441,Women,Tshirts,Summer,Casual
57442,Women,Tops,Summer,Casual
57443,Women,Tshirts,Summer,Casual
57444,Women,Tops,Summer,Casual
57445,Men,Tshirts,Summer,Casual
57446,Women,Tops,Summer,Casual
57447,Women,Tshirts,Summer,Casual
57448,Women,Tshirts,Summer,Casual
57449,Women,Tshirts,Summer,Casual
57450,Women,Tshirts,Summer,Casual
57457,Women,Clutches,Winter,Casual
57458,Women,Wallets,Winter,Casual
57459,Women,Wallets,Winter,Casual
57462,Women,Wallets,Summer,Casual
57463,Men,Belts,Summer,Casual
57466,Women,Flip Flops,Summer,Casual
57467,Women,Casual Shoes,Winter,Casual
57468,Men,Flip Flops,Summer,Casual
57469,Men,Casual Shoes,Summer,Casual
57470,Men,Casual Shoes,Summer,Casual
57471,Men,Casual Shoes,Fall,Casual
57475,Men,Sandals,Winter,Casual
57476,Men,Sports Shoes,Fall,Formal
57477,Women,Sports Shoes,Summer,Casual
57478,Men,Sports Shoes,Summer,Casual
57479,Men,Sports Shoes,Summer,Casual
57480,Women,Sports Shoes,Summer,Casual
57481,Men,Sports Shoes,Summer,Casual
57482,Men,Casual Shoes,Fall,Casual
57483,Men,Sports Shoes,Summer,Casual
57484,Men,Flip Flops,Winter,Casual
57487,Men,Sandals,Summer,Formal
57488,Men,Formal Shoes,Winter,Formal
57489,Men,Formal Shoes,Winter,Formal
57490,Men,Formal Shoes,Winter,Formal
57491,Men,Formal Shoes,Winter,Formal
57492,Men,Formal Shoes,Winter,Casual
57493,Men,Sports Sandals,Winter,Formal
57494,Men,Formal Shoes,Winter,Casual
57495,Men,Sandals,Winter,Formal
57496,Men,Sandals,Winter,Formal
57497,Men,Formal Shoes,Summer,Casual
57498,Men,Formal Shoes,Winter,Formal
57499,Men,Sports Sandals,Winter,Formal
57500,Men,Sandals,Winter,Casual
57501,Men,Heels,Winter,Casual
57502,Men,Heels,Winter,Casual
57503,Men,Sandals,Summer,Casual
57504,Men,Sports Sandals,Winter,Casual
57505,Men,Flip Flops,Winter,Casual
57506,Men,Flip Flops,Summer,Casual
57507,Men,Flip Flops,Winter,Casual
57508,Men,Sports Sandals,Winter,Casual
57509,Men,Sports Sandals,Winter,Casual
57510,Men,Sports Sandals,Winter,Formal
57511,Men,Formal Shoes,Winter,Formal
57512,Men,Sandals,Winter,Formal
57513,Men,Formal Shoes,Winter,Formal
57514,Men,Formal Shoes,Winter,Formal
57515,Men,Sports Sandals,Winter,Formal
57516,Men,Formal Shoes,Winter,Formal
57517,Men,Formal Shoes,Winter,Formal
57518,Men,Formal Shoes,Winter,Formal
57519,Men,Sports Sandals,Winter,Casual
57520,Men,Sports Sandals,Winter,Formal
57521,Men,Formal Shoes,Winter,Formal
57522,Men,Formal Shoes,Winter,Casual
57523,Men,Formal Shoes,Winter,Casual
57524,Men,Sports Sandals,Winter,Formal
57525,Men,Sandals,Winter,Casual
57526,Men,Formal Shoes,Winter,Formal
57527,Men,Sandals,Winter,Formal
57528,Men,Sandals,Winter,Formal
57529,Men,Formal Shoes,Winter,Formal
57530,Men,Sports Sandals,Winter,Formal
57531,Men,Sandals,Winter,Casual
57532,Men,Sports Sandals,Summer,Casual
57533,Men,Casual Shoes,Winter,Casual
57534,Men,Belts,Summer,Casual
57536,Men,Belts,Summer,Casual
57539,Men,Belts,Summer,Casual
57543,Women,Earrings,Spring,Casual
57544,Women,Earrings,Spring,Casual
57545,Women,Earrings,Spring,Casual
57547,Women,Lip Liner,Spring,Casual
57548,Women,Lip Liner,Spring,Casual
57549,Men,Lip Liner,Spring,Casual
57550,Women,Lip Liner,Spring,Casual
57552,Women,Lipstick,Spring,Casual
57553,Women,Lipstick,Spring,Casual
57554,Women,Lipstick,Spring,Casual
57555,Women,Lipstick,Spring,Casual
57556,Women,Lipstick,Spring,Casual
57557,Women,Lipstick,Spring,Casual
57558,Women,Lipstick,Spring,Casual
57559,Women,Lipstick,Spring,Casual
57560,Women,Lipstick,Spring,Casual
57561,Women,Lipstick,Summer,Casual
57562,Women,Lipstick,Spring,Casual
57563,Men,Lipstick,Summer,Casual
57566,Women,Lipstick,Spring,Casual
57567,Men,Lipstick,Spring,Casual
57568,Girls,Lipstick,Spring,Casual
57569,Women,Lipstick,Spring,Casual
57570,Women,Lipstick,Spring,Casual
57571,Women,Lipstick,Spring,Casual
57572,Women,Lipstick,Summer,Casual
57573,Women,Lipstick,Spring,Casual
57574,Girls,Lipstick,Spring,Casual
57575,Women,Lipstick,Summer,Casual
57576,Women,Lipstick,Summer,Casual
57577,Girls,Lipstick,Spring,Casual
57578,Women,Lipstick,Spring,Casual
57579,Women,Lipstick,Spring,Casual
57580,Women,Earrings,Spring,Casual
57581,Men,Lipstick,Summer,Casual
57582,Women,Lipstick,Spring,Casual
57583,Women,Lipstick,Spring,Casual
57584,Women,Lipstick,Spring,Casual
57586,Women,Lipstick,Spring,Casual
57587,Women,Lipstick,Spring,Casual
57588,Women,Lipstick,Spring,Casual
57589,Women,Lipstick,Spring,Casual
57591,Women,Lipstick,Spring,Casual
57592,Women,Wallets,Spring,Casual
57593,Women,Lipstick,Spring,Casual
57594,Women,Lipstick,Spring,Casual
57595,Women,Lipstick,Spring,Casual
57596,Women,Lipstick,Spring,Casual
57597,Women,Lipstick,Spring,Casual
57598,Women,Lipstick,Summer,Casual
57599,Women,Lipstick,Spring,Casual
57600,Women,Lipstick,Spring,Casual
57601,Women,Lipstick,Spring,Casual
57603,Women,Lipstick,Spring,Casual
57604,Women,Lipstick,Spring,Casual
57605,Women,Lipstick,Spring,Casual
57606,Women,Lipstick,Spring,Casual
57607,Women,Perfume and Body Mist,Spring,Casual
57608,Women,Perfume and Body Mist,Spring,Casual
57609,Women,Shoe Accessories,Spring,Casual
57610,Men,Shoe Accessories,Spring,Casual
57611,Women,Shoe Accessories,Summer,Casual
57613,Women,Tshirts,Summer,Casual
57614,Women,Shoe Accessories,Spring,Casual
57615,Women,Shoe Accessories,Spring,Casual
57616,Women,Shoe Accessories,Spring,Casual
57617,Women,Shoe Accessories,Spring,Casual
57619,Women,Shoe Accessories,Summer,Casual
57620,Women,Shoe Accessories,Spring,Casual
57621,Women,Shoe Accessories,Spring,Casual
57622,Women,Shoe Accessories,Spring,Casual
57623,Women,Shoe Accessories,Spring,Casual
57624,Women,Shoe Accessories,Spring,Casual
57625,Women,Shoe Accessories,Summer,Casual
57627,Women,Wallets,Spring,Casual
57628,Women,Shoe Accessories,Spring,Casual
57629,Women,Perfume and Body Mist,Spring,Casual
57630,Women,Sports Shoes,Winter,Casual
57631,Men,Lipstick,Spring,Casual
57632,Men,Lipstick,Spring,Casual
57633,Men,Lipstick,Spring,Casual
57634,Men,Lipstick,Spring,Casual
57635,Men,Perfume and Body Mist,Spring,Casual
57636,Men,Wallets,Spring,Casual
57637,Men,Lipstick,Spring,Casual
57638,Men,Kajal and Eyeliner,Spring,Casual
57639,Women,Perfume and Body Mist,Spring,Casual
57640,Men,Wallets,Summer,Casual
57642,Men,Wallets,Spring,Casual
57643,Men,Perfume and Body Mist,Spring,Casual
57644,Men,Lipstick,Summer,Casual
57645,Men,Wallets,Spring,Casual
57646,Men,Deodorant,Spring,Casual
57647,Men,Wallets,Spring,Casual
57649,Men,Kajal and Eyeliner,Spring,Casual
57650,Men,Lipstick,Spring,Casual
57651,Men,Wallets,Spring,Casual
57652,Men,Perfume and Body Mist,Spring,Casual
57653,Men,Lipstick,Spring,Casual
57654,Men,Wallets,Spring,Casual
57655,Men,Kajal and Eyeliner,Spring,Casual
57656,Women,Kajal and Eyeliner,Spring,Casual
57657,Men,Lipstick,Spring,Casual
57658,Men,Kajal and Eyeliner,Spring,Casual
57660,Men,Lipstick,Spring,Casual
57661,Men,Wallets,Spring,Casual
57662,Men,Lipstick,Spring,Casual
57664,Men,Lipstick,Spring,Casual
57667,Men,Lipstick,Spring,Casual
57668,Men,Wallets,Spring,Casual
57669,Men,Lipstick,Spring,Casual
57670,Men,Wallets,Spring,Casual
57671,Men,Kajal and Eyeliner,Spring,Casual
57672,Men,Wallets,Spring,Casual
57673,Men,Kajal and Eyeliner,Spring,Casual
57674,Women,Perfume and Body Mist,Spring,Casual
57675,Women,Perfume and Body Mist,Spring,Casual
57676,Women,Earrings,Spring,Casual
57677,Women,Sports Shoes,Winter,Casual
57678,Women,Earrings,Spring,Casual
57679,Women,Tops,Spring,Casual
57681,Women,Tops,Spring,Casual
57683,Women,Perfume and Body Mist,Spring,Casual
57685,Women,Shoe Accessories,Spring,Casual
57687,Women,Perfume and Body Mist,Spring,Casual
57689,Women,Perfume and Body Mist,Spring,Casual
57690,Women,Perfume and Body Mist,Spring,Casual
57691,Women,Perfume and Body Mist,Spring,Casual
57692,Women,Shoe Accessories,Spring,Casual
57694,Women,Perfume and Body Mist,Spring,Casual
57696,Women,Rompers,Summer,Casual
57697,Women,Casual Shoes,Winter,Casual
57698,Women,Sports Shoes,Summer,Casual
57699,Women,Casual Shoes,Winter,Casual
57700,Women,Casual Shoes,Summer,Casual
57701,Women,Messenger Bag,Summer,Casual
57702,Women,Wallets,Winter,Casual
57703,Women,Perfume and Body Mist,Winter,Casual
57704,Women,Perfume and Body Mist,Spring,Casual
57705,Women,Perfume and Body Mist,Spring,Casual
57706,Women,Kajal and Eyeliner,Summer,Casual
57707,Women,Lip Liner,Spring,Casual
57708,Men,Lip Liner,Spring,Casual
57709,Men,Kajal and Eyeliner,Spring,Casual
57710,Men,Lip Liner,Spring,Casual
57711,Men,Kajal and Eyeliner,Spring,Casual
57712,Men,Lip Liner,Spring,Casual
57713,Women,Perfume and Body Mist,Spring,Casual
57714,Women,Lip Liner,Spring,Casual
57715,Women,Lip Liner,Spring,Casual
57716,Men,Lip Liner,Spring,Casual
57717,Women,Lip Liner,Spring,Casual
57718,Women,Mobile Pouch,Spring,Casual
57719,Women,Lip Liner,Spring,Casual
57720,Women,Lip Liner,Spring,Casual
57721,Men,Lip Liner,Spring,Casual
57724,Women,Perfume and Body Mist,Spring,Casual
57725,Women,Perfume and Body Mist,Spring,Casual
57727,Men,Lip Liner,Spring,Casual
57728,Women,Heels,Summer,Casual
57729,Women,Heels,Summer,Casual
57730,Women,Wallets,Summer,Casual
57731,Women,Wallets,Spring,Casual
57732,Women,Bangle,Spring,Casual
57733,Women,Heels,Spring,Casual
57734,Women,Wallets,Spring,Casual
57735,Women,Shoe Accessories,Spring,Casual
57736,Women,Shoe Accessories,Spring,Casual
57737,Women,Rompers,Spring,Casual
57738,Women,Tshirts,Summer,Casual
57739,Women,Perfume and Body Mist,Spring,Casual
57740,Women,Perfume and Body Mist,Spring,Casual
57741,Women,Perfume and Body Mist,Spring,Casual
57742,Women,Perfume and Body Mist,Spring,Casual
57743,Women,Perfume and Body Mist,Spring,Casual
57744,Women,Perfume and Body Mist,Spring,Casual
57745,Women,Lipstick,Summer,Casual
57746,Women,Lipstick,Summer,Casual
57747,Women,Lipstick,Summer,Casual
57749,Women,Perfume and Body Mist,Summer,Casual
57750,Women,Perfume and Body Mist,Summer,Casual
57752,Women,Perfume and Body Mist,Summer,Casual
57753,Women,Perfume and Body Mist,Summer,Casual
57754,Women,Deodorant,Spring,Casual
57755,Women,Perfume and Body Mist,Spring,Casual
57756,Women,Perfume and Body Mist,Spring,Casual
57757,Men,Perfume and Body Mist,Spring,Casual
57758,Women,Perfume and Body Mist,Spring,Casual
57759,Men,Perfume and Body Mist,Spring,Casual
57760,Women,Perfume and Body Mist,Spring,Casual
57761,Women,Perfume and Body Mist,Spring,Casual
57762,Women,Perfume and Body Mist,Spring,Casual
57763,Women,Sports Shoes,Summer,Casual
57764,Women,Perfume and Body Mist,Spring,Casual
57765,Women,Perfume and Body Mist,Spring,Casual
57766,Women,Perfume and Body Mist,Spring,Casual
57767,Women,Tshirts,Spring,Casual
57768,Women,Perfume and Body Mist,Spring,Casual
57770,Women,Tshirts,Winter,Casual
57771,Men,Perfume and Body Mist,Spring,Casual
57772,Women,Perfume and Body Mist,Spring,Casual
57773,Women,Sports Shoes,Summer,Casual
57774,Women,Perfume and Body Mist,Spring,Casual
57776,Girls,Heels,Spring,Casual
57777,Girls,Shoe Accessories,Spring,Casual
57778,Boys,Tshirts,Summer,Casual
57779,Boys,Tshirts,Summer,Casual
57780,Women,Lip Liner,Spring,Casual
57781,Women,Wallets,Summer,Casual
57782,Women,Sports Shoes,Winter,Casual
57783,Women,Tshirts,Spring,Casual
57784,Women,Heels,Winter,Casual
57785,Women,Wallets,Summer,Casual
57786,Women,Wallets,Summer,Casual
57787,Women,Heels,Summer,Casual
57788,Women,Heels,Summer,Casual
57789,Women,Heels,Summer,Casual
57790,Women,Heels,Summer,Casual
57791,Women,Foundation and Primer,Spring,Casual
57792,Women,Foundation and Primer,Spring,Casual
57793,Women,Foundation and Primer,Spring,Casual
57794,Women,Flip Flops,Winter,Casual
57795,Women,Wallets,Winter,Casual
57796,Women,Caps,Winter,Casual
57798,Women,Perfume and Body Mist,Spring,Casual
57800,Women,Perfume and Body Mist,Spring,Casual
57801,Women,Perfume and Body Mist,Winter,Casual
57802,Women,Tshirts,Summer,Casual
57803,Girls,Flip Flops,Summer,Casual
57804,Boys,Shoe Accessories,Spring,Casual
57805,Boys,Shoe Accessories,Spring,Casual
57810,Women,Tshirts,Summer,Casual
57811,Women,Tops,Summer,Casual
57812,Women,Kurtas,Summer,Ethnic
57815,Women,Tops,Summer,Casual
57816,Women,Tops,Summer,Ethnic
57817,Men,Tops,Summer,Casual
57818,Women,Tops,Summer,Casual
57819,Women,Shirts,Summer,Ethnic
57820,Women,Dresses,Summer,Casual
57823,Women,Tunics,Summer,Casual
57824,Women,Jeggings,Summer,Casual
57832,Women,Tops,Summer,Casual
57833,Men,Tshirts,Summer,Casual
57834,Men,Tops,Summer,Casual
57835,Women,Shoe Accessories,Summer,Casual
57836,Women,Cufflinks,Winter,Casual
57837,Men,Wallets,Winter,Casual
57838,Women,Mobile Pouch,Summer,Casual
57845,Women,Wallets,Winter,Casual
57846,Women,Clutches,Summer,Casual
57847,Women,Wallets,Winter,Casual
57849,Women,Heels,Winter,Casual
57850,Women,Heels,Winter,Casual
57851,Men,Sports Shoes,Summer,Sports
57852,Women,Heels,Winter,Casual
57853,Women,Flip Flops,Winter,Casual
57854,Women,Heels,Winter,Casual
57855,Women,Heels,Winter,Casual
57856,Women,Flip Flops,Winter,Casual
57857,Women,Heels,Winter,Casual
57858,Women,Flip Flops,Winter,Casual
57859,Women,Perfume and Body Mist,Spring,Casual
57860,Men,Perfume and Body Mist,Spring,Casual
57861,Women,Perfume and Body Mist,Spring,Casual
57862,Men,Perfume and Body Mist,Spring,Casual
57863,Men,Wallets,Summer,Casual
57864,Men,Perfume and Body Mist,Spring,Casual
57865,Men,Perfume and Body Mist,Spring,Casual
57866,Men,Tshirts,Summer,Casual
57867,Men,Perfume and Body Mist,Spring,Casual
57868,Women,Tshirts,Summer,Casual
57869,Men,Tshirts,Summer,Casual
57870,Men,Perfume and Body Mist,Spring,Casual
57871,Women,Perfume and Body Mist,Spring,Casual
57872,Men,Tshirts,Summer,Casual
57873,Men,Tshirts,Summer,Casual
57874,Men,Tshirts,Summer,Casual
57875,Men,Perfume and Body Mist,Spring,Casual
57876,Men,Perfume and Body Mist,Spring,Casual
57877,Women,Shoe Accessories,Spring,Casual
57878,Men,Tshirts,Summer,Casual
57879,Men,Gloves,Summer,Casual
57880,Men,Tshirts,Summer,Casual
57881,Men,Deodorant,Spring,Casual
57883,Men,Shoe Accessories,Spring,Casual
57884,Men,Wallets,Spring,Casual
57885,Men,Headband,Spring,Casual
57886,Men,Wallets,Spring,Casual
57887,Women,Tshirts,Summer,Casual
57888,Men,Sports Shoes,Summer,Casual
57889,Men,Wallets,Spring,Casual
57890,Women,Tshirts,Summer,Casual
57891,Men,Kajal and Eyeliner,Spring,Formal
57892,Women,Sports Shoes,Winter,Casual
57893,Women,Trousers,Summer,Casual
57894,Women,Jeans,Summer,Casual
57895,Women,Kurtas,Summer,Ethnic
57896,Women,Lounge Shorts,Summer,Casual
57897,Women,Tshirts,Summer,Casual
57898,Women,Dresses,Summer,Casual
57899,Women,Jeans,Summer,Casual
57906,Women,Shirts,Summer,Casual
57907,Men,Socks,Summer,Casual
57908,Women,Shirts,Summer,Casual
57909,Men,Socks,Summer,Casual
57910,Men,Socks,Summer,Casual
57911,Men,Tshirts,Summer,Casual
57912,Men,Socks,Summer,Casual
57913,Unisex,Socks,Summer,Casual
57914,Women,Earrings,Summer,Casual
57915,Men,Socks,Summer,Casual
57916,Men,Socks,Summer,Casual
57917,Women,Shirts,Summer,Casual
57918,Men,Socks,Summer,Sports
57919,Men,Socks,Summer,Casual
57920,Women,Booties,Summer,Casual
57921,Men,Socks,Summer,Casual
57922,Women,Jeans,Summer,Casual
57923,Women,Jeans,Summer,Casual
57924,Women,Jeans,Summer,Casual
57925,Women,Jeans,Summer,Casual
57930,Men,Tshirts,Summer,Casual
57931,Men,Tshirts,Summer,Casual
57932,Men,Tshirts,Summer,Casual
57933,Men,Shirts,Summer,Casual
57934,Men,Sandals,Winter,Casual
57935,Men,Sandals,Winter,Casual
57936,Men,Sports Shoes,Summer,Sports
57937,Men,Sports Shoes,Fall,Sports
57938,Men,Sandals,Summer,Casual
57939,Men,Formal Shoes,Winter,Casual
57940,Men,Casual Shoes,Summer,Casual
57941,Men,Formal Shoes,Winter,Formal
57942,Men,Formal Shoes,Winter,Casual
57943,Men,Sports Shoes,Winter,Casual
57944,Men,Sandals,Summer,Casual
57945,Men,Sandals,Summer,Casual
57946,Men,Casual Shoes,Winter,Casual
57947,Men,Sports Shoes,Summer,Casual
57948,Men,Casual Shoes,Winter,Casual
57949,Men,Sports Shoes,Winter,Casual
57950,Men,Formal Shoes,Winter,Formal
57952,Women,Dresses,Summer,Casual
57953,Women,Sarees,Summer,Ethnic
57954,Men,Sarees,Summer,Casual
57956,Women,Sarees,Summer,Casual
57957,Women,Sarees,Summer,Ethnic
57958,Women,Sarees,Summer,Casual
57959,Men,Sarees,Summer,Casual
57960,Women,Sarees,Summer,Casual
57961,Women,Kurta Sets,Summer,Ethnic
57962,Women,Kurta Sets,Summer,Casual
57963,Women,Sarees,Summer,Casual
57964,Men,Sarees,Summer,Casual
57965,Women,Sarees,Summer,Ethnic
57966,Women,Sarees,Summer,Casual
57967,Women,Sarees,Summer,Ethnic
57968,Women,Sarees,Summer,Ethnic
57969,Women,Sarees,Summer,Ethnic
57970,Women,Sarees,Summer,Casual
57971,Women,Sarees,Summer,Casual
57972,Women,Sarees,Summer,Ethnic
57973,Women,Sarees,Summer,Ethnic
57974,Women,Kurta Sets,Summer,Casual
57975,Women,Sarees,Summer,Ethnic
57976,Women,Sarees,Summer,Casual
57980,Boys,Skirts,Summer,Casual
57981,Women,Tshirts,Summer,Casual
57982,Women,Tops,Summer,Casual
57983,Women,Shirts,Summer,Casual
57985,Women,Tshirts,Summer,Casual
57986,Women,Dresses,Summer,Ethnic
57987,Women,Dresses,Summer,Casual
57988,Women,Shirts,Summer,Ethnic
57989,Women,Dresses,Summer,Ethnic
57990,Women,Dresses,Summer,Ethnic
57991,Women,Dresses,Summer,Ethnic
57992,Men,Shirts,Summer,Casual
57993,Women,Dresses,Summer,Casual
57994,Women,Dresses,Summer,Casual
57995,Women,Dresses,Summer,Casual
57996,Women,Dresses,Summer,Ethnic
57997,Women,Dresses,Summer,Casual
57998,Women,Dresses,Summer,Casual
57999,Women,Dresses,Summer,Casual
58000,Women,Dresses,Summer,Casual
58001,Women,Dresses,Summer,Casual
58002,Women,Shirts,Summer,Ethnic
58003,Women,Dresses,Summer,Ethnic
58004,Women,Stoles,Summer,Casual
58005,Women,Tops,Fall,Casual
58006,Women,Tops,Summer,Ethnic
58007,Women,Tops,Summer,Casual
58008,Women,Tshirts,Summer,Casual
58009,Women,Tops,Summer,Casual
58010,Women,Tops,Summer,Casual
58011,Women,Tshirts,Summer,Casual
58012,Women,Tops,Summer,Casual
58013,Women,Shirts,Summer,Casual
58014,Women,Tops,Summer,Casual
58015,Women,Shirts,Summer,Casual
58016,Women,Earrings,Summer,Casual
58017,Women,Earrings,Summer,Casual
58018,Women,Earrings,Summer,Casual
58020,Women,Heels,Winter,Casual
58022,Women,Earrings,Summer,Casual
58023,Women,Earrings,Summer,Casual
58024,Women,Earrings,Summer,Casual
58027,Men,Earrings,Summer,Casual
58028,Women,Earrings,Summer,Casual
58030,Women,Earrings,Summer,Casual
58032,Women,Earrings,Summer,Casual
58035,Men,Sports Shoes,Summer,Casual
58037,Women,Earrings,Summer,Casual
58039,Women,Handbags,Summer,Casual
58041,Women,Lip Liner,Summer,Casual
58042,Women,Cufflinks,Winter,Casual
58044,Women,Cufflinks,Summer,Casual
58045,Women,Earrings,Summer,Casual
58046,Women,Cufflinks,Summer,Casual
58049,Women,Earrings,Summer,Casual
58050,Women,Earrings,Summer,Casual
58051,Women,Earrings,Summer,Casual
58052,Women,Earrings,Summer,Casual
58053,Women,Earrings,Summer,Casual
58057,Women,Earrings,Summer,Casual
58058,Men,Necklace and Chains,Summer,Casual
58059,Women,Earrings,Summer,Casual
58060,Women,Earrings,Summer,Casual
58061,Women,Earrings,Summer,Casual
58062,Women,Earrings,Summer,Casual
58063,Women,Earrings,Summer,Casual
58071,Women,Earrings,Summer,Casual
58072,Men,Kajal and Eyeliner,Summer,Casual
58073,Women,Earrings,Summer,Casual
58074,Women,Earrings,Summer,Casual
58075,Women,Earrings,Summer,Casual
58076,Women,Earrings,Summer,Casual
58078,Women,Earrings,Summer,Casual
58085,Women,Earrings,Summer,Casual
58086,Women,Earrings,Summer,Casual
58087,Women,Earrings,Winter,Casual
58093,Women,Earrings,Summer,Casual
58096,Women,Bangle,Summer,Casual
58097,Women,Tops,Winter,Casual
58098,Women,Perfume and Body Mist,Winter,Casual
58099,Men,Bangle,Winter,Casual
58100,Men,Gloves,Summer,Casual
58104,Women,Earrings,Summer,Casual
58107,Women,Earrings,Summer,Casual
58108,Women,Earrings,Summer,Casual
58109,Men,Earrings,Summer,Casual
58110,Women,Earrings,Winter,Casual
58111,Women,Earrings,Winter,Casual
58112,Women,Bangle,Summer,Casual
58115,Women,Earrings,Summer,Casual
58116,Women,Earrings,Spring,Casual
58117,Women,Ring,Spring,Casual
58118,Women,Earrings,Spring,Casual
58121,Women,Earrings,Winter,Casual
58123,Women,Earrings,Summer,Casual
58128,Women,Kajal and Eyeliner,Summer,Casual
58129,Women,Earrings,Summer,Casual
58131,Women,Earrings,Summer,Casual
58132,Women,Earrings,Summer,Casual
58133,Women,Lip Liner,Summer,Casual
58135,Women,Ring,Summer,Casual
58136,Women,Earrings,Summer,Casual
58137,Women,Earrings,Summer,Casual
58138,Men,Earrings,Summer,Casual
58139,Women,Heels,Summer,Casual
58140,Women,Earrings,Summer,Casual
58141,Women,Earrings,Summer,Casual
58143,Unisex,Backpacks,Summer,Casual
58144,Unisex,Backpacks,Summer,Casual
58145,Unisex,Backpacks,Summer,Casual
58146,Unisex,Backpacks,Summer,Casual
58147,Women,Socks,Summer,Casual
58148,Women,Caps,Summer,Casual
58149,Women,Caps,Summer,Casual
58150,Men,Caps,Summer,Casual
58151,Men,Caps,Summer,Casual
58152,Men,Caps,Summer,Casual
58153,Men,Caps,Summer,Casual
58154,Men,Caps,Summer,Casual
58155,Women,Handbags,Summer,Casual
58156,Women,Handbags,Summer,Casual
58157,Women,Handbags,Summer,Casual
58158,Women,Dupatta,Summer,Casual
58159,Women,Wallets,Summer,Casual
58160,Women,Wallets,Summer,Casual
58161,Women,Wallets,Summer,Casual
58162,Women,Bangle,Summer,Casual
58163,Women,Wallets,Summer,Casual
58164,Women,Wallets,Summer,Casual
58165,Women,Wallets,Winter,Casual
58166,Women,Wallets,Summer,Casual
58167,Women,Wallets,Summer,Casual
58168,Women,Wallets,Summer,Casual
58169,Women,Wallets,Summer,Casual
58170,Women,Wallets,Summer,Casual
58171,Women,Handbags,Winter,Casual
58172,Women,Handbags,Winter,Casual
58173,Women,Handbags,Winter,Casual
58174,Women,Handbags,Summer,Casual
58175,Women,Handbags,Winter,Casual
58176,Women,Handbags,Winter,Casual
58177,Women,Handbags,Winter,Casual
58178,Women,Handbags,Winter,Casual
58179,Women,Duffel Bag,Winter,Casual
58180,Women,Handbags,Summer,Casual
58181,Women,Handbags,Summer,Casual
58182,Women,Handbags,Summer,Casual
58183,Women,Handbags,Summer,Casual
58184,Women,Handbags,Winter,Casual
58185,Women,Handbags,Winter,Casual
58186,Women,Handbags,Summer,Casual
58187,Women,Handbags,Summer,Casual
58188,Women,Handbags,Summer,Casual
58189,Women,Handbags,Winter,Casual
58190,Women,Handbags,Winter,Casual
58191,Women,Handbags,Winter,Casual
58194,Women,Handbags,Winter,Casual
58195,Women,Tops,Summer,Casual
58196,Women,Handbags,Summer,Casual
58200,Men,Sports Shoes,Summer,Casual
58201,Men,Wallets,Summer,Casual
58202,Men,Belts,Summer,Casual
58203,Men,Belts,Summer,Casual
58204,Men,Belts,Summer,Casual
58205,Men,Belts,Summer,Casual
58206,Men,Belts,Summer,Casual
58207,Men,Belts,Summer,Casual
58208,Men,Belts,Summer,Casual
58209,Men,Patiala,Summer,Casual
58210,Men,Patiala,Summer,Casual
58211,Men,Patiala,Summer,Casual
58212,Men,Patiala,Summer,Casual
58213,Men,Patiala,Summer,Casual
58214,Men,Patiala,Summer,Casual
58215,Men,Patiala,Summer,Casual
58216,Men,Patiala,Summer,Casual
58218,Women,Patiala,Summer,Casual
58220,Women,Patiala,Summer,Casual
58222,Women,Jeans,Summer,Casual
58225,Women,Tshirts,Summer,Casual
58226,Men,Sandals,Winter,Formal
58227,Men,Sports Sandals,Winter,Formal
58229,Men,Flip Flops,Winter,Casual
58231,Women,Flip Flops,Winter,Casual
58232,Men,Flip Flops,Summer,Casual
58233,Men,Caps,Summer,Casual
58234,Women,Wallets,Summer,Casual
58235,Men,Wallets,Summer,Casual
58236,Women,Handbags,Summer,Casual
58237,Women,Wallets,Summer,Casual
58238,Women,Wallets,Summer,Casual
58239,Women,Wallets,Summer,Casual
58240,Women,Clutches,Summer,Casual
58241,Women,Wallets,Summer,Casual
58242,Women,Wallets,Summer,Casual
58243,Women,Wallets,Summer,Casual
58244,Men,Wallets,Summer,Casual
58245,Women,Wallets,Summer,Casual
58246,Women,Wallets,Summer,Casual
58247,Women,Wallets,Summer,Casual
58248,Women,Wallets,Summer,Casual
58249,Women,Wallets,Summer,Casual
58250,Women,Wallets,Summer,Casual
58251,Women,Wallets,Summer,Casual
58252,Women,Wallets,Summer,Casual
58253,Women,Wallets,Summer,Casual
58254,Women,Wallets,Summer,Casual
58255,Women,Clutches,Summer,Casual
58256,Women,Wallets,Summer,Casual
58257,Women,Wallets,Summer,Casual
58258,Women,Wallets,Summer,Casual
58259,Women,Messenger Bag,Summer,Casual
58260,Women,Wallets,Winter,Casual
58261,Women,Wallets,Summer,Casual
58262,Women,Wallets,Summer,Casual
58263,Women,Wallets,Summer,Casual
58264,Women,Handbags,Winter,Casual
58265,Women,Handbags,Winter,Casual
58266,Women,Handbags,Winter,Casual
58267,Women,Handbags,Winter,Casual
58268,Women,Handbags,Winter,Casual
58269,Women,Handbags,Winter,Casual
58270,Women,Wallets,Winter,Casual
58271,Women,Handbags,Summer,Casual
58272,Women,Wallets,Summer,Casual
58273,Women,Handbags,Winter,Casual
58274,Women,Handbags,Winter,Casual
58275,Women,Backpacks,Winter,Casual
58276,Women,Handbags,Winter,Casual
58277,Women,Messenger Bag,Winter,Casual
58278,Women,Handbags,Winter,Casual
58279,Women,Sports Shoes,Summer,Casual
58280,Women,Handbags,Winter,Casual
58281,Men,Wallets,Summer,Casual
58282,Men,Backpacks,Summer,Casual
58283,Women,Clutches,Winter,Casual
58284,Women,Clutches,Winter,Casual
58286,Men,Boxers,Summer,Casual
58291,Men,Socks,Summer,Casual
58292,Men,Socks,Summer,Casual
58293,Men,Socks,Summer,Casual
58294,Men,Socks,Summer,Casual
58295,Men,Socks,Summer,Casual
58296,Men,Socks,Summer,Casual
58297,Men,Socks,Summer,Casual
58298,Men,Socks,Summer,Casual
58299,Men,Socks,Summer,Casual
58300,Men,Socks,Summer,Casual
58301,Women,Socks,Summer,Casual
58304,Men,Socks,Summer,Casual
58305,Men,Socks,Summer,Casual
58306,Men,Socks,Summer,Casual
58307,Men,Socks,Summer,Casual
58308,Men,Socks,Summer,Casual
58309,Men,Socks,Summer,Casual
58310,Men,Socks,Summer,Casual
58311,Men,Socks,Summer,Casual
58312,Men,Watches,Summer,Casual
58313,Women,Socks,Summer,Casual
58314,Women,Socks,Summer,Casual
58315,Women,Socks,Summer,Casual
58316,Women,Socks,Summer,Casual
58317,Women,Socks,Summer,Casual
58318,Women,Perfume and Body Mist,Summer,Casual
58319,Women,Socks,Summer,Casual
58320,Women,Socks,Summer,Casual
58321,Women,Socks,Summer,Casual
58322,Women,Socks,Summer,Casual
58323,Men,Socks,Summer,Casual
58324,Women,Flip Flops,Winter,Casual
58325,Men,Flip Flops,Winter,Casual
58326,Women,Flip Flops,Winter,Casual
58327,Women,Flip Flops,Winter,Casual
58328,Women,Flip Flops,Winter,Casual
58329,Women,Flip Flops,Summer,Casual
58330,Men,Flip Flops,Summer,Casual
58331,Women,Flip Flops,Winter,Casual
58332,Men,Flip Flops,Winter,Casual
58333,Women,Flip Flops,Winter,Casual
58334,Men,Flip Flops,Winter,Casual
58335,Men,Flip Flops,Summer,Casual
58336,Men,Flip Flops,Winter,Casual
58337,Women,Flip Flops,Winter,Casual
58338,Women,Flip Flops,Winter,Casual
58339,Women,Flip Flops,Winter,Casual
58340,Women,Flip Flops,Winter,Casual
58349,Men,Tshirts,Summer,Casual
58351,Men,Tshirts,Summer,Casual
58357,Men,Tshirts,Summer,Casual
58358,Men,Tshirts,Summer,Casual
58372,Women,Tshirts,Summer,Casual
58375,Men,Tshirts,Summer,Casual
58381,Men,Tshirts,Summer,Casual
58385,Men,Tshirts,Summer,Casual
58394,Men,Tshirts,Summer,Casual
58395,Men,Tshirts,Summer,Casual
58411,Men,Jeans,Fall,Casual
58418,Women,Jeans,Summer,Casual
58425,Women,Kurtas,Summer,Casual
58439,Women,Tops,Summer,Casual
58444,Women,Watches,Winter,Casual
58445,Women,Watches,Winter,Casual
58446,Women,Kurtas,Fall,Ethnic
58447,Men,Watches,Winter,Casual
58448,Men,Watches,Winter,Casual
58449,Men,Watches,Winter,Casual
58450,Men,Watches,Winter,Casual
58451,Men,Watches,Winter,Casual
58452,Men,Watches,Winter,Casual
58453,Men,Watches,Winter,Casual
58454,Men,Socks,Winter,Casual
58455,Women,Watches,Winter,Casual
58456,Men,Watches,Winter,Casual
58458,Boys,Tshirts,Summer,Casual
58459,Boys,Tshirts,Summer,Casual
58460,Boys,Tshirts,Summer,Casual
58463,Men,Belts,Summer,Casual
58464,Men,Belts,Summer,Casual
58465,Men,Belts,Summer,Casual
58466,Men,Belts,Summer,Casual
58467,Men,Belts,Summer,Casual
58468,Women,Belts,Summer,Casual
58470,Men,Belts,Summer,Casual
58471,Men,Wallets,Summer,Casual
58472,Men,Wallets,Summer,Casual
58473,Men,Wallets,Summer,Casual
58474,Men,Wallets,Summer,Casual
58475,Men,Wallets,Summer,Casual
58476,Men,Wallets,Summer,Casual
58477,Men,Wallets,Summer,Casual
58478,Men,Wallets,Summer,Casual
58479,Men,Wallets,Summer,Casual
58480,Men,Wallets,Summer,Casual
58481,Men,Wallets,Summer,Casual
58482,Men,Wallets,Summer,Casual
58483,Men,Wallets,Summer,Casual
58484,Men,Wallets,Summer,Casual
58485,Men,Wallets,Summer,Casual
58486,Men,Wallets,Summer,Casual
58487,Men,Wallets,Summer,Casual
58488,Women,Heels,Winter,Casual
58489,Women,Dresses,Summer,Casual
58490,Women,Tops,Summer,Casual
58491,Women,Shorts,Summer,Casual
58492,Women,Tunics,Summer,Casual
58493,Women,Dresses,Summer,Casual
58494,Women,Kurtas,Summer,Casual
58495,Men,Tops,Summer,Casual
58496,Men,Tshirts,Summer,Casual
58497,Women,Tops,Summer,Casual
58498,Women,Tops,Summer,Casual
58499,Women,Dresses,Summer,Casual
58500,Women,Dresses,Summer,Casual
58501,Women,Dresses,Summer,Ethnic
58502,Women,Dresses,Summer,Ethnic
58503,Women,Kurtas,Summer,Casual
58504,Women,Kurtas,Summer,Ethnic
58505,Women,Dresses,Summer,Casual
58506,Men,Kurta Sets,Summer,Casual
58507,Women,Tops,Summer,Casual
58508,Women,Tshirts,Summer,Casual
58509,Women,Dresses,Summer,Casual
58510,Women,Dresses,Summer,Casual
58511,Men,Tshirts,Summer,Casual
58512,Men,Tunics,Summer,Casual
58513,Women,Dresses,Summer,Casual
58514,Women,Dresses,Summer,Casual
58515,Men,Dresses,Summer,Casual
58516,Women,Dresses,Summer,Casual
58517,Women,Dresses,Summer,Casual
58518,Men,Tshirts,Summer,Casual
58519,Men,Kajal and Eyeliner,Summer,Casual
58520,Women,Tops,Summer,Casual
58521,Men,Socks,Summer,Casual
58522,Unisex,Backpacks,Summer,Casual
58523,Women,Sports Shoes,Summer,Casual
58524,Women,Wallets,Summer,Casual
58525,Women,Wallets,Summer,Casual
58526,Men,Shirts,Summer,Casual
58527,Men,Sunglasses,Winter,Casual
58528,Men,Sunglasses,Winter,Casual
58529,Men,Sunglasses,Winter,Casual
58530,Men,Sunglasses,Winter,Casual
58531,Men,Sunglasses,Winter,Casual
58532,Men,Sunglasses,Winter,Casual
58533,Men,Sunglasses,Winter,Casual
58534,Men,Sunglasses,Winter,Casual
58535,Men,Sunglasses,Winter,Casual
58536,Men,Sunglasses,Winter,Casual
58537,Men,Sunglasses,Winter,Casual
58538,Men,Sunglasses,Winter,Casual
58539,Men,Sunglasses,Winter,Casual
58540,Men,Sunglasses,Winter,Casual
58541,Men,Sunglasses,Winter,Casual
58542,Men,Sunglasses,Winter,Casual
58543,Men,Sunglasses,Winter,Casual
58544,Men,Sunglasses,Winter,Casual
58545,Men,Sunglasses,Winter,Casual
58546,Women,Sunglasses,Winter,Casual
58547,Men,Sunglasses,Winter,Casual
58548,Women,Sunglasses,Winter,Casual
58549,Men,Sunglasses,Winter,Casual
58550,Men,Sunglasses,Winter,Casual
58551,Men,Sunglasses,Winter,Casual
58552,Men,Sunglasses,Winter,Casual
58553,Men,Sunglasses,Winter,Casual
58555,Men,Formal Shoes,Winter,Casual
58559,Men,Tshirts,Summer,Casual
58560,Women,Jeans,Summer,Casual
58561,Women,Jeans,Summer,Casual
58562,Women,Jeans,Summer,Casual
58563,Men,Shirts,Fall,Casual
58565,Men,Tshirts,Summer,Casual
58566,Men,Tshirts,Summer,Casual
58567,Women,Stockings,Summer,Casual
58569,Men,Tshirts,Summer,Casual
58570,Men,Tshirts,Summer,Casual
58571,Women,Lounge Shorts,Summer,Casual
58573,Men,Tshirts,Summer,Casual
58574,Women,Tops,Summer,Casual
58576,Women,Tshirts,Summer,Casual
58577,Men,Tshirts,Summer,Casual
58581,Men,Heels,Summer,Casual
58586,Women,Necklace and Chains,Winter,Casual
58588,Women,Ring,Summer,Casual
58589,Women,Handbags,Summer,Casual
58590,Men,Necklace and Chains,Summer,Casual
58591,Women,Necklace and Chains,Summer,Casual
58600,Women,Tops,Summer,Casual
58603,Women,Jewellery Set,Summer,Casual
58605,Women,Earrings,Winter,Casual
58606,Women,Earrings,Winter,Casual
58607,Women,Earrings,Summer,Casual
58608,Women,Earrings,Winter,Casual
58609,Women,Earrings,Summer,Casual
58610,Women,Earrings,Summer,Casual
58611,Women,Bangle,Summer,Casual
58612,Women,Earrings,Summer,Casual
58614,Women,Earrings,Summer,Casual
58615,Women,Earrings,Summer,Casual
58616,Women,Earrings,Summer,Casual
58618,Women,Earrings,Summer,Casual
58619,Women,Earrings,Summer,Casual
58620,Women,Earrings,Summer,Casual
58621,Women,Earrings,Summer,Casual
58622,Women,Tshirts,Summer,Casual
58624,Boys,Tshirts,Summer,Casual
58625,Women,Flip Flops,Winter,Casual
58626,Men,Flip Flops,Summer,Casual
58627,Men,Tshirts,Summer,Casual
58628,Women,Belts,Summer,Casual
58629,Women,Flip Flops,Winter,Casual
58634,Women,Socks,Summer,Casual
58635,Men,Socks,Summer,Casual
58636,Men,Socks,Summer,Casual
58637,Men,Socks,Summer,Casual
58638,Men,Socks,Summer,Casual
58639,Men,Socks,Summer,Casual
58640,Men,Socks,Summer,Casual
58641,Men,Socks,Summer,Casual
58642,Men,Socks,Summer,Casual
58643,Women,Dresses,Summer,Casual
58644,Women,Dresses,Summer,Casual
58645,Women,Kurtas,Summer,Ethnic
58646,Women,Tshirts,Summer,Casual
58647,Women,Dresses,Summer,Ethnic
58648,Women,Tunics,Summer,Casual
58652,Women,Tops,Summer,Casual
58653,Women,Kurtas,Summer,Ethnic
58654,Women,Kurtas,Summer,Ethnic
58655,Women,Kurtas,Summer,Ethnic
58656,Women,Dupatta,Summer,Casual
58657,Women,Dupatta,Summer,Ethnic
58658,Women,Dupatta,Summer,Ethnic
58659,Women,Dupatta,Summer,Ethnic
58660,Women,Dupatta,Summer,Casual
58661,Women,Dupatta,Summer,Ethnic
58662,Men,Stoles,Summer,Casual
58663,Women,Dupatta,Summer,Ethnic
58664,Women,Kurtas,Summer,Ethnic
58666,Women,Kurtas,Summer,Ethnic
58667,Women,Kurtas,Summer,Ethnic
58668,Women,Dresses,Summer,Casual
58669,Women,Dupatta,Summer,Ethnic
58670,Women,Dresses,Summer,Casual
58671,Women,Kurtas,Summer,Ethnic
58672,Women,Kurtas,Summer,Ethnic
58673,Women,Dupatta,Summer,Ethnic
58674,Women,Kurtas,Summer,Ethnic
58675,Women,Kurtas,Summer,Ethnic
58676,Women,Tunics,Summer,Casual
58677,Women,Dupatta,Summer,Ethnic
58678,Women,Tunics,Summer,Ethnic
58680,Women,Dresses,Summer,Ethnic
58681,Women,Dupatta,Summer,Ethnic
58682,Women,Kurtas,Summer,Ethnic
58683,Women,Dupatta,Summer,Ethnic
58684,Women,Kurtas,Summer,Ethnic
58685,Women,Night suits,Summer,Casual
58686,Women,Kurta Sets,Summer,Ethnic
58687,Women,Dupatta,Summer,Ethnic
58689,Women,Kurtas,Summer,Ethnic
58690,Women,Dupatta,Summer,Ethnic
58691,Women,Dupatta,Summer,Ethnic
58692,Women,Dupatta,Summer,Ethnic
58693,Women,Kurtas,Summer,Ethnic
58694,Women,Kurtas,Summer,Ethnic
58695,Women,Dupatta,Summer,Ethnic
58696,Women,Dupatta,Summer,Ethnic
58698,Women,Stoles,Summer,Casual
58700,Women,Tops,Summer,Ethnic
58701,Women,Kurtas,Summer,Casual
58702,Women,Dresses,Summer,Casual
58703,Women,Dresses,Summer,Ethnic
58718,Women,Dupatta,Summer,Ethnic
58719,Women,Dupatta,Summer,Casual
58720,Men,Tshirts,Summer,Casual
58722,Men,Tshirts,Summer,Casual
58723,Men,Tshirts,Summer,Casual
58724,Men,Tshirts,Summer,Casual
58725,Women,Tshirts,Summer,Casual
58726,Men,Tshirts,Summer,Casual
58727,Women,Tshirts,Summer,Casual
58728,Women,Tshirts,Summer,Casual
58729,Women,Tshirts,Summer,Casual
58730,Women,Tops,Summer,Casual
58731,Women,Tshirts,Summer,Casual
58732,Men,Tshirts,Summer,Casual
58734,Men,Tshirts,Summer,Casual
58735,Women,Tops,Summer,Casual
58736,Women,Leggings,Summer,Casual
58737,Women,Tops,Summer,Ethnic
58738,Women,Tops,Summer,Casual
58740,Men,Tshirts,Summer,Casual
58741,Men,Tshirts,Summer,Casual
58742,Men,Tshirts,Summer,Casual
58743,Men,Tshirts,Summer,Casual
58744,Men,Tshirts,Summer,Casual
58745,Women,Socks,Summer,Casual
58765,Men,Kurtis,Summer,Casual
58770,Men,Shirts,Summer,Casual
58793,Men,Shirts,Summer,Casual
58794,Men,Shirts,Summer,Casual
58795,Men,Shirts,Summer,Casual
58796,Men,Shirts,Summer,Casual
58797,Men,Shirts,Summer,Casual
58798,Men,Shirts,Fall,Casual
58800,Men,Shirts,Summer,Casual
58801,Men,Shirts,Summer,Casual
58802,Men,Shirts,Summer,Formal
58805,Men,Shirts,Summer,Casual
58807,Men,Tshirts,Summer,Casual
58808,Men,Shirts,Summer,Casual
58809,Men,Shirts,Summer,Formal
58810,Men,Shirts,Summer,Casual
58815,Women,Flip Flops,Winter,Casual
58816,Women,Flip Flops,Winter,Casual
58817,Women,Heels,Winter,Casual
58818,Women,Sports Sandals,Winter,Casual
58819,Women,Heels,Winter,Casual
58820,Men,Sandals,Fall,Casual
58821,Men,Watches,Winter,Casual
58822,Men,Watches,Winter,Casual
58823,Men,Watches,Winter,Casual
58825,Women,Socks,Winter,Casual
58827,Men,Watches,Winter,Casual
58828,Women,Watches,Winter,Casual
58829,Women,Pendant,Winter,Casual
58830,Men,Tshirts,Winter,Casual
58831,Women,Watches,Winter,Casual
58832,Women,Watches,Winter,Casual
58833,Women,Cufflinks,Winter,Casual
58834,Women,Cufflinks,Winter,Casual
58835,Women,Cufflinks,Fall,Casual
58836,Women,Ring,Fall,Casual
58837,Women,Cufflinks,Fall,Casual
58838,Women,Earrings,Fall,Casual
58839,Women,Cufflinks,Fall,Casual
58840,Women,Cufflinks,Summer,Casual
58841,Women,Cufflinks,Fall,Casual
58842,Women,Cufflinks,Fall,Casual
58843,Women,Bangle,Fall,Casual
58844,Men,Cufflinks,Fall,Casual
58845,Women,Cufflinks,Fall,Casual
58846,Women,Bangle,Summer,Casual
58847,Women,Cufflinks,Fall,Casual
58848,Men,Cufflinks,Fall,Casual
58849,Women,Cufflinks,Fall,Casual
58850,Women,Cufflinks,Fall,Casual
58851,Women,Cufflinks,Fall,Casual
58852,Women,Flip Flops,Fall,Casual
58853,Women,Cufflinks,Summer,Casual
58854,Women,Cufflinks,Fall,Casual
58855,Women,Earrings,Fall,Casual
58856,Women,Cufflinks,Summer,Casual
58857,Men,Flip Flops,Fall,Casual
58858,Women,Cufflinks,Fall,Casual
58859,Men,Cufflinks,Fall,Casual
58860,Women,Cufflinks,Fall,Casual
58861,Women,Cufflinks,Fall,Casual
58862,Women,Cufflinks,Fall,Casual
58863,Women,Cufflinks,Summer,Casual
58864,Women,Bangle,Fall,Casual
58865,Women,Earrings,Fall,Casual
58867,Women,Earrings,Fall,Casual
58868,Women,Earrings,Summer,Casual
58869,Women,Cufflinks,Fall,Casual
58870,Women,Cufflinks,Fall,Casual
58871,Women,Cufflinks,Fall,Casual
58872,Men,Ties,Summer,Casual
58873,Men,Ties,Summer,Casual
58874,Men,Ties,Summer,Casual
58875,Men,Ties,Summer,Casual
58876,Men,Ties,Summer,Casual
58877,Men,Ties,Summer,Casual
58878,Men,Ties,Summer,Casual
58879,Men,Ties,Summer,Casual
58880,Women,Perfume and Body Mist,Summer,Casual
58881,Men,Ties,Summer,Formal
58882,Men,Ties,Summer,Casual
58883,Men,Ties,Summer,Casual
58884,Women,Perfume and Body Mist,Summer,Casual
58885,Men,Ties,Summer,Casual
58886,Women,Perfume and Body Mist,Summer,Casual
58887,Women,Perfume and Body Mist,Summer,Casual
58888,Women,Perfume and Body Mist,Summer,Casual
58889,Men,Ties,Summer,Casual
58890,Men,Ties,Summer,Casual
58891,Women,Perfume and Body Mist,Summer,Casual
58892,Men,Ties,Summer,Casual
58893,Men,Ties,Summer,Casual
58894,Men,Ties,Summer,Casual
58895,Men,Ties,Summer,Casual
58896,Men,Ties,Summer,Casual
58897,Men,Ties,Summer,Formal
58898,Men,Ties,Summer,Casual
58899,Men,Ties,Summer,Casual
58900,Men,Ties,Summer,Casual
58901,Men,Ties,Summer,Casual
58902,Men,Ties,Summer,Casual
58903,Men,Ties,Summer,Casual
58904,Men,Ties,Summer,Casual
58905,Men,Ties,Summer,Casual
58906,Men,Ties,Summer,Casual
58907,Men,Ties,Summer,Casual
58908,Men,Ties,Summer,Formal
58909,Men,Ties,Summer,Casual
58910,Men,Ties,Summer,Casual
58911,Men,Ties,Summer,Casual
58912,Men,Ties,Summer,Casual
58913,Men,Ties,Summer,Casual
58914,Men,Ties,Summer,Casual
58915,Men,Ties,Summer,Formal
58916,Men,Ties,Summer,Casual
58917,Men,Ties,Summer,Casual
58918,Men,Ties,Summer,Casual
58919,Men,Ties,Summer,Casual
58920,Men,Messenger Bag,Summer,Casual
58921,Men,Messenger Bag,Winter,Casual
58922,Men,Accessory Gift Set,Winter,Casual
58923,Men,Messenger Bag,Winter,Casual
58924,Men,Accessory Gift Set,Winter,Casual
58925,Women,Mobile Pouch,Summer,Casual
58926,Men,Handbags,Summer,Casual
58928,Women,Messenger Bag,Summer,Casual
58931,Women,Clutches,Summer,Casual
58932,Women,Clutches,Summer,Casual
58934,Men,Watches,Winter,Casual
58935,Women,Watches,Winter,Casual
58937,Men,Watches,Winter,Casual
58939,Men,Watches,Winter,Casual
58940,Women,Watches,Winter,Casual
58941,Women,Watches,Winter,Casual
58942,Women,Perfume and Body Mist,Winter,Casual
58943,Women,Perfume and Body Mist,Spring,Casual
58944,Women,Perfume and Body Mist,Spring,Casual
58945,Women,Perfume and Body Mist,Spring,Casual
58946,Women,Perfume and Body Mist,Spring,Casual
58947,Women,Deodorant,Spring,Casual
58948,Women,Deodorant,Spring,Casual
58949,Women,Perfume and Body Mist,Spring,Casual
58950,Women,Deodorant,Spring,Casual
58951,Men,Deodorant,Spring,Casual
58952,Men,Perfume and Body Mist,Spring,Casual
58954,Men,Deodorant,Spring,Casual
58955,Men,Deodorant,Spring,Casual
58956,Men,Deodorant,Spring,Casual
58958,Men,Deodorant,Spring,Casual
58959,Men,Deodorant,Spring,Casual
58960,Women,Perfume and Body Mist,Spring,Casual
58961,Women,Perfume and Body Mist,Spring,Casual
58962,Women,Perfume and Body Mist,Spring,Casual
58963,Men,Deodorant,Spring,Casual
58964,Men,Deodorant,Spring,Casual
58965,Men,Perfume and Body Mist,Spring,Casual
58966,Women,Perfume and Body Mist,Spring,Casual
58967,Men,Deodorant,Spring,Casual
58968,Women,Perfume and Body Mist,Spring,Casual
58969,Men,Deodorant,Spring,Casual
58970,Women,Perfume and Body Mist,Spring,Casual
58971,Women,Perfume and Body Mist,Spring,Casual
58972,Women,Deodorant,Spring,Casual
58973,Men,Perfume and Body Mist,Spring,Casual
58974,Women,Deodorant,Spring,Casual
58975,Women,Deodorant,Spring,Casual
58976,Women,Perfume and Body Mist,Spring,Casual
58977,Women,Deodorant,Spring,Casual
58978,Men,Deodorant,Spring,Casual
58979,Men,Deodorant,Spring,Casual
58980,Women,Deodorant,Spring,Casual
58981,Men,Deodorant,Spring,Casual
58982,Women,Deodorant,Spring,Casual
58983,Women,Deodorant,Spring,Casual
58984,Women,Deodorant,Spring,Casual
58985,Women,Deodorant,Spring,Casual
58986,Women,Deodorant,Spring,Casual
58987,Women,Deodorant,Spring,Casual
58988,Women,Deodorant,Spring,Casual
58989,Women,Perfume and Body Mist,Spring,Casual
58990,Women,Perfume and Body Mist,Spring,Casual
58991,Men,Deodorant,Spring,Casual
58992,Men,Deodorant,Spring,Casual
59002,Women,Deodorant,Spring,Casual
59003,Women,Deodorant,Spring,Casual
59004,Women,Deodorant,Spring,Casual
59005,Women,Deodorant,Spring,Casual
59006,Women,Deodorant,Spring,Casual
59008,Women,Sports Shoes,Summer,Sports
59010,Men,Sports Shoes,Summer,Casual
59011,Men,Sports Shoes,Fall,Sports
59012,Men,Sports Shoes,Summer,Casual
59013,Men,Sports Shoes,Fall,Casual
59014,Men,Sports Shoes,Fall,Sports
59015,Men,Sports Shoes,Fall,Sports
59016,Men,Sports Shoes,Fall,Casual
59017,Men,Flip Flops,Summer,Casual
59018,Women,Heels,Winter,Casual
59019,Women,Heels,Winter,Casual
59020,Women,Heels,Winter,Casual
59021,Women,Heels,Winter,Casual
59022,Women,Heels,Winter,Casual
59023,Women,Flip Flops,Winter,Casual
59024,Women,Flip Flops,Winter,Casual
59025,Women,Heels,Winter,Casual
59026,Women,Heels,Winter,Casual
59027,Women,Heels,Winter,Casual
59028,Women,Heels,Winter,Casual
59029,Women,Heels,Winter,Casual
59030,Women,Handbags,Winter,Casual
59031,Women,Heels,Winter,Casual
59032,Women,Heels,Winter,Casual
59033,Women,Heels,Winter,Casual
59034,Women,Heels,Winter,Casual
59035,Women,Heels,Winter,Casual
59036,Women,Flip Flops,Winter,Casual
59037,Women,Flip Flops,Winter,Casual
59038,Women,Flip Flops,Winter,Casual
59039,Women,Flip Flops,Winter,Casual
59040,Women,Flip Flops,Winter,Casual
59042,Women,Duffel Bag,Winter,Casual
59043,Women,Heels,Winter,Casual
59044,Women,Heels,Winter,Casual
59045,Women,Sports Shoes,Winter,Casual
59046,Women,Handbags,Winter,Casual
59047,Women,Handbags,Winter,Casual
59048,Women,Heels,Winter,Casual
59049,Women,Handbags,Winter,Casual
59050,Women,Heels,Winter,Casual
59051,Women,Sports Sandals,Winter,Casual
59052,Women,Heels,Winter,Casual
59053,Women,Heels,Winter,Casual
59054,Women,Messenger Bag,Winter,Casual
59055,Women,Sports Sandals,Winter,Casual
59056,Women,Sports Shoes,Winter,Casual
59058,Women,Shirts,Summer,Casual
59059,Women,Kurtas,Summer,Ethnic
59060,Women,Kurtas,Summer,Ethnic
59061,Women,Dresses,Summer,Ethnic
59062,Women,Shirts,Summer,Casual
59063,Women,Kurtas,Summer,Casual
59064,Women,Bra,Summer,Casual
59065,Women,Bra,Summer,Casual
59066,Women,Bra,Summer,Casual
59067,Women,Bra,Summer,Casual
59068,Women,Tshirts,Summer,Casual
59069,Men,Bra,Summer,Casual
59070,Women,Bra,Summer,Casual
59071,Men,Bra,Summer,Casual
59072,Women,Bra,Summer,Casual
59073,Women,Bra,Summer,Casual
59074,Women,Bra,Summer,Casual
59075,Men,Bra,Summer,Casual
59076,Women,Bra,Summer,Casual
59077,Men,Bra,Summer,Casual
59078,Men,Briefs,Summer,Casual
59079,Men,Briefs,Summer,Casual
59080,Women,Briefs,Summer,Casual
59081,Women,Bra,Summer,Casual
59082,Women,Bra,Summer,Casual
59083,Women,Bra,Summer,Casual
59084,Women,Bra,Summer,Casual
59085,Men,Briefs,Summer,Casual
59086,Men,Briefs,Summer,Casual
59087,Women,Bra,Summer,Casual
59088,Women,Bra,Summer,Casual
59089,Men,Briefs,Summer,Casual
59090,Women,Bra,Summer,Casual
59091,Men,Bra,Summer,Casual
59092,Women,Bra,Summer,Casual
59093,Women,Bra,Summer,Casual
59094,Women,Bra,Summer,Casual
59095,Men,Bra,Summer,Casual
59096,Women,Bra,Summer,Casual
59097,Women,Bra,Summer,Casual
59098,Men,Bra,Summer,Casual
59099,Women,Briefs,Summer,Casual
59100,Women,Briefs,Summer,Casual
59101,Men,Briefs,Summer,Casual
59102,Men,Sweaters,Summer,Casual
59103,Men,Shirts,Fall,Casual
59104,Men,Shirts,Summer,Casual
59105,Men,Tshirts,Summer,Casual
59106,Men,Shirts,Summer,Casual
59112,Men,Sweatshirts,Summer,Casual
59115,Men,Sweaters,Summer,Casual
59116,Men,Sweatshirts,Summer,Casual
59117,Men,Shirts,Summer,Casual
59118,Men,Jackets,Summer,Casual
59119,Men,Jackets,Summer,Casual
59120,Men,Jackets,Summer,Casual
59121,Men,Shirts,Summer,Casual
59122,Men,Shirts,Summer,Casual
59123,Men,Jackets,Summer,Casual
59124,Men,Sweatshirts,Summer,Casual
59126,Men,Shirts,Fall,Formal
59127,Men,Sweaters,Summer,Casual
59128,Men,Jackets,Summer,Casual
59129,Men,Tshirts,Summer,Casual
59130,Men,Jackets,Summer,Casual
59131,Men,Sweatshirts,Summer,Casual
59132,Men,Shirts,Summer,Casual
59133,Men,Stoles,Summer,Casual
59142,Women,Heels,Winter,Casual
59143,Women,Heels,Winter,Casual
59144,Women,Flip Flops,Winter,Casual
59145,Men,Heels,Winter,Casual
59146,Women,Sports Sandals,Winter,Casual
59147,Women,Heels,Winter,Casual
59149,Men,Formal Shoes,Winter,Casual
59160,Men,Formal Shoes,Winter,Formal
59161,Men,Formal Shoes,Winter,Casual
59165,Women,Flip Flops,Winter,Casual
59166,Men,Formal Shoes,Winter,Casual
59167,Men,Formal Shoes,Winter,Casual
59172,Men,Sandals,Winter,Casual
59173,Men,Formal Shoes,Winter,Casual
59174,Men,Sandals,Winter,Casual
59175,Men,Sports Sandals,Winter,Casual
59176,Men,Casual Shoes,Winter,Casual
59177,Men,Casual Shoes,Winter,Casual
59178,Men,Formal Shoes,Winter,Casual
59181,Men,Sandals,Winter,Casual
59185,Men,Flip Flops,Fall,Casual
59187,Women,Heels,Winter,Casual
59188,Women,Heels,Winter,Casual
59190,Men,Flip Flops,Winter,Casual
59212,Women,Heels,Winter,Casual
59213,Men,Watches,Winter,Casual
59214,Women,Watches,Winter,Casual
59215,Men,Watches,Winter,Casual
59216,Men,Watches,Winter,Casual
59217,Men,Watches,Winter,Casual
59218,Men,Socks,Summer,Casual
59219,Men,Watches,Summer,Casual
59220,Women,Dresses,Winter,Casual
59221,Men,Perfume and Body Mist,Winter,Casual
59222,Women,Lip Liner,Winter,Casual
59223,Women,Watches,Winter,Casual
59224,Women,Perfume and Body Mist,Winter,Casual
59225,Women,Socks,Winter,Casual
59226,Women,Watches,Winter,Casual
59227,Men,Watches,Winter,Casual
59228,Women,Tshirts,Winter,Casual
59229,Women,Socks,Winter,Casual
59230,Men,Watches,Winter,Casual
59231,Women,Watches,Winter,Casual
59232,Men,Watches,Winter,Casual
59233,Women,Watches,Winter,Casual
59235,Boys,Watches,Winter,Casual
59236,Women,Watches,Winter,Casual
59237,Men,Watches,Winter,Casual
59238,Men,Watches,Winter,Casual
59239,Women,Watches,Winter,Casual
59240,Men,Watches,Winter,Casual
59241,Women,Watches,Winter,Casual
59242,Men,Watches,Winter,Casual
59243,Men,Watches,Winter,Casual
59244,Men,Watches,Winter,Casual
59245,Men,Watches,Winter,Casual
59246,Women,Watches,Winter,Casual
59247,Boys,Watches,Winter,Casual
59248,Men,Watches,Winter,Casual
59249,Men,Watches,Winter,Casual
59250,Men,Watches,Winter,Casual
59251,Men,Watches,Winter,Casual
59252,Women,Watches,Winter,Casual
59253,Women,Watches,Winter,Casual
59254,Women,Watches,Winter,Casual
59255,Men,Watches,Winter,Casual
59256,Men,Watches,Winter,Casual
59257,Women,Watches,Winter,Casual
59258,Women,Perfume and Body Mist,Winter,Casual
59259,Women,Watches,Winter,Casual
59260,Women,Watches,Winter,Casual
59261,Women,Pendant,Winter,Casual
59262,Women,Watches,Winter,Casual
59263,Women,Watches,Winter,Casual
59264,Women,Watches,Winter,Casual
59265,Women,Dresses,Winter,Casual
59266,Men,Watches,Winter,Casual
59267,Women,Watches,Winter,Casual
59268,Men,Highlighter and Blush,Winter,Casual
59269,Women,Watches,Winter,Casual
59270,Men,Watches,Winter,Casual
59271,Women,Watches,Winter,Casual
59272,Women,Watches,Winter,Casual
59273,Women,Pendant,Winter,Casual
59274,Women,Watches,Winter,Casual
59275,Men,Watches,Winter,Casual
59276,Men,Watches,Winter,Casual
59277,Women,Watches,Winter,Casual
59278,Women,Watches,Winter,Casual
59279,Women,Pendant,Winter,Casual
59280,Women,Perfume and Body Mist,Winter,Casual
59281,Men,Watches,Winter,Casual
59282,Unisex,Tshirts,Summer,Casual
59283,Women,Watches,Winter,Casual
59284,Women,Watches,Winter,Casual
59286,Women,Watches,Winter,Casual
59287,Women,Perfume and Body Mist,Winter,Casual
59290,Women,Socks,Winter,Casual
59291,Men,Watches,Winter,Casual
59292,Women,Socks,Winter,Casual
59293,Women,Socks,Winter,Casual
59294,Men,Shirts,Summer,Casual
59295,Men,Shirts,Summer,Casual
59296,Men,Shirts,Summer,Casual
59297,Men,Shirts,Summer,Casual
59298,Men,Shirts,Summer,Casual
59299,Men,Shirts,Summer,Casual
59300,Men,Tshirts,Summer,Casual
59301,Men,Tshirts,Summer,Casual
59302,Men,Tshirts,Summer,Casual
59303,Men,Shirts,Summer,Casual
59304,Men,Shirts,Summer,Casual
59305,Men,Shirts,Summer,Casual
59306,Men,Tshirts,Summer,Casual
59311,Men,Sports Sandals,Summer,Casual
59312,Men,Sports Sandals,Winter,Casual
59315,Women,Casual Shoes,Winter,Casual
59323,Men,Sports Sandals,Fall,Casual
59324,Men,Sports Shoes,Fall,Casual
59326,Women,Formal Shoes,Winter,Casual
59329,Men,Sports Shoes,Summer,Sports
59330,Men,Casual Shoes,Summer,Casual
59338,Women,Formal Shoes,Winter,Casual
59342,Men,Formal Shoes,Summer,Casual
59349,Men,Sandals,Winter,Casual
59352,Women,Kurtas,Summer,Ethnic
59353,Women,Kurtas,Summer,Ethnic
59354,Women,Kurtas,Summer,Ethnic
59355,Women,Kurtas,Summer,Ethnic
59356,Women,Kurtas,Summer,Ethnic
59357,Women,Kurtas,Summer,Ethnic
59358,Women,Dresses,Summer,Ethnic
59359,Women,Tunics,Summer,Ethnic
59360,Women,Kurtas,Summer,Ethnic
59361,Women,Kurtas,Summer,Ethnic
59362,Women,Kurtas,Summer,Ethnic
59363,Women,Kurtas,Summer,Ethnic
59364,Women,Kurtas,Summer,Ethnic
59365,Women,Tunics,Summer,Ethnic
59366,Women,Kurtas,Summer,Casual
59367,Women,Kurtas,Summer,Casual
59368,Women,Kurtas,Summer,Ethnic
59369,Women,Kurtas,Summer,Ethnic
59370,Women,Kurtas,Summer,Ethnic
59371,Women,Kurtas,Summer,Ethnic
59372,Women,Kurtas,Summer,Ethnic
59373,Women,Dresses,Summer,Casual
59374,Women,Kurtas,Summer,Ethnic
59375,Women,Kurtas,Summer,Ethnic
59376,Women,Kurtas,Summer,Casual
59377,Women,Kurtas,Summer,Casual
59378,Women,Kurtas,Summer,Ethnic
59379,Women,Kurtas,Summer,Casual
59380,Women,Kurtas,Summer,Ethnic
59381,Women,Kurtas,Summer,Ethnic
59382,Women,Kurtas,Summer,Ethnic
59383,Women,Kurtas,Summer,Ethnic
59387,Women,Flip Flops,Winter,Casual
59388,Women,Flip Flops,Winter,Casual
59390,Men,Formal Shoes,Winter,Casual
59396,Men,Sports Shoes,Summer,Casual
59399,Women,Tops,Summer,Ethnic
59400,Women,Kurtas,Summer,Ethnic
59403,Women,Dresses,Summer,Casual
59404,Women,Tops,Summer,Casual
59405,Women,Stoles,Summer,Casual
59407,Women,Dupatta,Summer,Casual
59410,Men,Tops,Summer,Casual
59413,Women,Tshirts,Summer,Casual
59418,Women,Tops,Summer,Casual
59421,Women,Tops,Summer,Casual
59422,Women,Tshirts,Summer,Ethnic
59428,Women,Handbags,Winter,Casual
59430,Women,Handbags,Summer,Casual
59432,Women,Handbags,Winter,Casual
59433,Women,Duffel Bag,Summer,Casual
59435,Men,Sports Shoes,Summer,Casual
59436,Women,Heels,Winter,Casual
59437,Women,Heels,Winter,Casual
59439,Men,Shirts,Summer,Formal
59440,Men,Shirts,Summer,Casual
59441,Men,Shirts,Summer,Casual
59442,Men,Shirts,Summer,Casual
59443,Men,Shirts,Fall,Formal
59444,Men,Shirts,Summer,Formal
59445,Men,Shirts,Summer,Casual
59446,Men,Shirts,Summer,Casual
59448,Men,Shirts,Summer,Casual
59451,Men,Shirts,Summer,Casual
59452,Men,Shirts,Summer,Formal
59453,Men,Shirts,Fall,Casual
59454,Men,Shirts,Summer,Casual
59455,Men,Heels,Summer,Casual
59456,Men,Kajal and Eyeliner,Summer,Casual
59457,Men,Bangle,Summer,Casual
59458,Men,Bangle,Summer,Casual
59459,Men,Bracelet,Summer,Casual
59460,Women,Earrings,Summer,Casual
59461,Women,Ring,Summer,Casual
59462,Men,Ring,Summer,Casual
59463,Women,Pendant,Summer,Casual
59464,Women,Ring,Summer,Casual
59465,Women,Ring,Spring,Casual
59466,Men,Bangle,Summer,Casual
59467,Women,Ring,Summer,Casual
59468,Men,Ring,Summer,Casual
59469,Women,Lipstick,Summer,Casual
59470,Women,Shoe Accessories,Summer,Casual
59471,Women,Ring,Summer,Casual
59474,Women,Ring,Summer,Casual
59481,Women,Ring,Summer,Casual
59484,Women,Earrings,Summer,Casual
59498,Women,Necklace and Chains,Summer,Casual
59499,Women,Necklace and Chains,Winter,Casual
59501,Women,Pendant,Winter,Casual
59502,Women,Necklace and Chains,Winter,Casual
59503,Women,Earrings,Summer,Casual
59504,Women,Necklace and Chains,Summer,Casual
59505,Women,Pendant,Summer,Casual
59507,Women,Necklace and Chains,Winter,Casual
59508,Women,Pendant,Summer,Casual
59509,Women,Pendant,Summer,Casual
59510,Women,Ring,Summer,Casual
59511,Women,Pendant,Summer,Casual
59512,Women,Pendant,Winter,Casual
59513,Women,Pendant,Winter,Casual
59514,Women,Necklace and Chains,Summer,Casual
59515,Women,Necklace and Chains,Winter,Casual
59516,Women,Necklace and Chains,Winter,Casual
59518,Women,Kajal and Eyeliner,Winter,Casual
59519,Men,Bra,Summer,Casual
59520,Women,Earrings,Summer,Casual
59521,Women,Earrings,Summer,Casual
59522,Women,Kajal and Eyeliner,Summer,Casual
59523,Women,Earrings,Summer,Casual
59524,Women,Earrings,Summer,Casual
59525,Women,Earrings,Summer,Casual
59526,Women,Earrings,Summer,Casual
59527,Women,Earrings,Summer,Casual
59528,Women,Earrings,Summer,Casual
59529,Women,Earrings,Summer,Casual
59530,Women,Earrings,Summer,Casual
59531,Women,Earrings,Summer,Casual
59532,Women,Earrings,Summer,Casual
59533,Women,Earrings,Summer,Casual
59534,Women,Earrings,Summer,Casual
59535,Women,Earrings,Summer,Casual
59537,Women,Earrings,Summer,Casual
59541,Women,Earrings,Summer,Casual
59543,Women,Earrings,Summer,Casual
59544,Women,Ring,Summer,Casual
59545,Women,Earrings,Summer,Casual
59546,Women,Earrings,Summer,Casual
59547,Women,Earrings,Summer,Casual
59550,Women,Ring,Summer,Casual
59551,Women,Ring,Summer,Casual
59552,Women,Bracelet,Summer,Casual
59553,Women,Bracelet,Summer,Casual
59554,Women,Bracelet,Winter,Casual
59555,Women,Bracelet,Winter,Casual
59556,Women,Bracelet,Summer,Casual
59557,Women,Bracelet,Winter,Casual
59558,Women,Bracelet,Winter,Casual
59559,Women,Bracelet,Winter,Casual
59560,Women,Bracelet,Winter,Casual
59561,Women,Tops,Summer,Casual
59563,Women,Bangle,Winter,Casual
59564,Women,Wallets,Fall,Casual
59565,Women,Wallets,Fall,Casual
59566,Men,Tshirts,Fall,Casual
59567,Men,Flip Flops,Summer,Casual
59568,Men,Cufflinks,Fall,Casual
59569,Women,Cufflinks,Fall,Casual
59570,Women,Cufflinks,Fall,Casual
59571,Women,Cufflinks,Fall,Casual
59572,Women,Bracelet,Summer,Casual
59573,Women,Cufflinks,Fall,Casual
59574,Women,Bangle,Fall,Casual
59575,Women,Cufflinks,Fall,Casual
59576,Women,Perfume and Body Mist,Winter,Casual
59577,Women,Cufflinks,Fall,Casual
59578,Women,Wallets,Summer,Casual
59579,Women,Cufflinks,Winter,Casual
59580,Women,Caps,Fall,Casual
59581,Women,Cufflinks,Summer,Casual
59582,Men,Cufflinks,Fall,Casual
59583,Women,Ring,Summer,Casual
59584,Women,Cufflinks,Fall,Casual
59585,Women,Flip Flops,Summer,Casual
59586,Women,Earrings,Summer,Casual
59587,Women,Heels,Fall,Casual
59589,Women,Sarees,Summer,Ethnic
59590,Women,Sarees,Summer,Casual
59591,Women,Kurta Sets,Summer,Ethnic
59592,Women,Kurta Sets,Summer,Ethnic
59593,Women,Sarees,Fall,Casual
59594,Women,Sarees,Summer,Ethnic
59595,Women,Sarees,Summer,Casual
59596,Women,Sarees,Fall,Casual
59597,Women,Sarees,Summer,Ethnic
59598,Women,Sarees,Summer,Casual
59599,Women,Sarees,Summer,Ethnic
59600,Women,Sarees,Summer,Ethnic
59601,Women,Sarees,Summer,Ethnic
59603,Women,Sarees,Summer,Ethnic
59604,Women,Sarees,Summer,Ethnic
59606,Women,Sarees,Summer,Casual
59607,Women,Kurta Sets,Summer,Ethnic
59608,Women,Sarees,Summer,Ethnic
59609,Women,Sarees,Summer,Ethnic
59610,Women,Sarees,Summer,Ethnic
59611,Women,Sarees,Summer,Casual
59612,Women,Sarees,Summer,Casual
59613,Women,Sarees,Summer,Ethnic
59614,Women,Sarees,Summer,Ethnic
59615,Women,Sarees,Summer,Ethnic
59616,Women,Sarees,Summer,Ethnic
59618,Women,Sarees,Summer,Ethnic
59619,Women,Sarees,Summer,Casual
59620,Women,Sarees,Summer,Ethnic
59621,Women,Sarees,Summer,Ethnic
59622,Women,Sarees,Summer,Ethnic
59623,Women,Dresses,Summer,Casual
59624,Women,Kurta Sets,Summer,Ethnic
59625,Women,Sarees,Summer,Ethnic
59626,Women,Kurta Sets,Summer,Ethnic
59628,Women,Sarees,Summer,Ethnic
59630,Women,Sarees,Summer,Ethnic
59631,Women,Sarees,Summer,Casual
59632,Women,Sarees,Summer,Ethnic
59633,Women,Sarees,Summer,Ethnic
59634,Women,Sarees,Summer,Casual
59635,Women,Sarees,Summer,Ethnic
59636,Women,Sarees,Summer,Casual
59637,Women,Sarees,Summer,Casual
59638,Women,Sarees,Summer,Ethnic
59639,Women,Sarees,Summer,Ethnic
59640,Women,Sarees,Summer,Ethnic
59641,Women,Sarees,Summer,Casual
59642,Women,Sarees,Summer,Casual
59643,Women,Kurta Sets,Summer,Ethnic
59644,Women,Sarees,Summer,Casual
59645,Women,Sarees,Summer,Ethnic
59646,Women,Sarees,Summer,Casual
59647,Women,Kurta Sets,Summer,Ethnic
59648,Women,Sarees,Summer,Casual
59649,Women,Night suits,Summer,Ethnic
59650,Women,Sarees,Summer,Ethnic
59651,Women,Watches,Summer,Casual
59652,Women,Sarees,Summer,Ethnic
59653,Women,Sarees,Summer,Casual
59654,Women,Sarees,Summer,Casual
59655,Women,Sarees,Summer,Ethnic
59656,Women,Sarees,Summer,Casual
59657,Women,Kurta Sets,Summer,Ethnic
59658,Women,Sarees,Summer,Casual
59659,Women,Kurta Sets,Summer,Ethnic
59660,Women,Sarees,Summer,Ethnic
59661,Women,Sarees,Summer,Ethnic
59662,Women,Sarees,Summer,Casual
59663,Women,Sarees,Summer,Casual
59664,Women,Sarees,Summer,Ethnic
59665,Women,Dresses,Summer,Casual
59666,Women,Kurta Sets,Summer,Casual
59667,Women,Sarees,Summer,Casual
59668,Women,Sarees,Summer,Casual
59669,Women,Sarees,Summer,Ethnic
59670,Women,Sarees,Summer,Casual
59672,Women,Sarees,Summer,Ethnic
59673,Women,Sarees,Summer,Casual
59674,Women,Sarees,Summer,Ethnic
59675,Women,Flip Flops,Winter,Casual
59676,Women,Heels,Winter,Casual
59677,Men,Briefs,Summer,Casual
59678,Men,Briefs,Summer,Casual
59679,Men,Briefs,Summer,Casual
59680,Men,Briefs,Summer,Casual
59681,Men,Briefs,Summer,Casual
59682,Women,Briefs,Summer,Casual
59683,Men,Briefs,Summer,Casual
59684,Men,Briefs,Summer,Casual
59685,Men,Briefs,Summer,Casual
59686,Women,Briefs,Summer,Casual
59687,Men,Briefs,Summer,Sports
59688,Women,Briefs,Summer,Casual
59689,Women,Bra,Summer,Casual
59690,Women,Bra,Summer,Casual
59691,Women,Bra,Winter,Casual
59692,Women,Bra,Winter,Casual
59693,Women,Bra,Summer,Casual
59694,Women,Briefs,Summer,Casual
59695,Women,Briefs,Summer,Casual
59696,Men,Briefs,Summer,Casual
59697,Women,Dresses,Summer,Casual
59698,Women,Tops,Summer,Casual
59699,Women,Bra,Winter,Casual
59700,Women,Bra,Summer,Casual
59701,Men,Briefs,Summer,Casual
59702,Women,Tops,Summer,Casual
59703,Men,Boxers,Summer,Casual
59704,Women,Boxers,Summer,Casual
59705,Women,Bra,Summer,Casual
59706,Men,Bra,Summer,Casual
59707,Men,Briefs,Summer,Casual
59708,Women,Briefs,Summer,Casual
59709,Women,Briefs,Summer,Casual
59710,Women,Briefs,Summer,Casual
59711,Women,Briefs,Summer,Casual
59712,Women,Tops,Summer,Casual
59713,Women,Dresses,Summer,Casual
59714,Women,Tops,Summer,Casual
59715,Women,Tops,Summer,Casual
59716,Women,Tops,Summer,Casual
59717,Women,Bra,Summer,Casual
59718,Women,Bra,Summer,Casual
59719,Women,Bra,Summer,Casual
59720,Women,Bra,Summer,Casual
59721,Women,Bra,Summer,Casual
59722,Men,Briefs,Summer,Casual
59723,Women,Bra,Summer,Casual
59724,Men,Bra,Summer,Casual
59725,Men,Bra,Winter,Casual
59726,Men,Bra,Summer,Casual
59727,Women,Bra,Summer,Casual
59728,Women,Bra,Winter,Casual
59729,Women,Bra,Summer,Casual
59730,Men,Bra,Summer,Casual
59731,Women,Bra,Summer,Casual
59732,Men,Bra,Summer,Casual
59733,Women,Tshirts,Summer,Casual
59734,Men,Briefs,Summer,Casual
59735,Women,Briefs,Summer,Casual
59736,Men,Briefs,Summer,Casual
59739,Women,Bra,Winter,Casual
59740,Women,Bra,Summer,Casual
59741,Women,Bra,Winter,Casual
59742,Women,Briefs,Summer,Casual
59743,Women,Boxers,Summer,Casual
59744,Women,Tops,Summer,Casual
59745,Women,Tops,Summer,Casual
59746,Women,Dupatta,Summer,Casual
59747,Women,Night suits,Summer,Casual
59748,Women,Night suits,Summer,Casual
59749,Women,Night suits,Summer,Casual
59750,Men,Bra,Summer,Casual
59751,Men,Briefs,Summer,Casual
59752,Women,Briefs,Summer,Casual
59753,Women,Briefs,Summer,Casual
59754,Women,Dresses,Summer,Casual
59755,Women,Briefs,Summer,Casual
59756,Women,Tops,Summer,Casual
59757,Women,Flip Flops,Winter,Casual
59758,Women,Flip Flops,Winter,Casual
59759,Women,Heels,Winter,Casual
59760,Women,Heels,Winter,Casual
59761,Women,Heels,Winter,Casual
59762,Women,Heels,Winter,Casual
59763,Women,Heels,Winter,Casual
59764,Women,Heels,Winter,Casual
59765,Women,Earrings,Winter,Casual
59766,Women,Earrings,Summer,Casual
59767,Women,Earrings,Summer,Casual
59768,Men,Backpacks,Summer,Casual
59769,Women,Necklace and Chains,Summer,Casual
59770,Women,Earrings,Summer,Casual
59771,Women,Necklace and Chains,Winter,Casual
59772,Women,Earrings,Summer,Casual
59773,Women,Jewellery Set,Summer,Casual
59774,Women,Necklace and Chains,Summer,Casual
59775,Women,Bracelet,Winter,Casual
59776,Women,Bracelet,Winter,Casual
59777,Women,Bracelet,Winter,Casual
59778,Women,Bracelet,Winter,Casual
59779,Women,Bracelet,Winter,Casual
59780,Women,Bracelet,Winter,Casual
59781,Women,Bracelet,Winter,Casual
59782,Women,Bracelet,Winter,Casual
59783,Women,Bracelet,Summer,Casual
59784,Women,Bracelet,Winter,Casual
59794,Women,Dresses,Summer,Casual
59795,Women,Tunics,Summer,Casual
59796,Women,Tshirts,Summer,Casual
59797,Men,Tshirts,Summer,Casual
59810,Men,Tshirts,Summer,Casual
59811,Women,Kurtas,Summer,Ethnic
59813,Women,Trousers,Summer,Casual
59814,Women,Jeans,Summer,Casual
59819,Men,Shirts,Summer,Casual
59824,Men,Shirts,Summer,Casual
59826,Men,Shirts,Summer,Casual
59827,Men,Shirts,Summer,Casual
59832,Men,Shirts,Summer,Casual
59833,Men,Shirts,Summer,Casual
59834,Men,Tshirts,Summer,Casual
59838,Men,Tshirts,Summer,Casual
59839,Women,Fragrance Gift Set,Spring,Casual
59851,Women,Perfume and Body Mist,Spring,Casual
59853,Men,Sports Shoes,Summer,Casual
59856,Girls,Tshirts,Summer,Casual
59858,Women,Perfume and Body Mist,Spring,Casual
59859,Women,Handbags,Spring,Casual
59860,Women,Caps,Summer,Casual
59862,Girls,Tshirts,Summer,Casual
59863,Women,Sports Shoes,Summer,Casual
59866,Women,Perfume and Body Mist,Summer,Casual
59872,Women,Tops,Summer,Casual
59873,Women,Lounge Shorts,Summer,Casual
59874,Women,Shirts,Summer,Casual
59875,Women,Shirts,Summer,Casual
59876,Women,Sarees,Summer,Casual
59877,Women,Stockings,Summer,Casual
59878,Women,Jeans,Summer,Casual
59879,Women,Stockings,Summer,Casual
59880,Women,Lounge Pants,Summer,Casual
59881,Men,Stockings,Summer,Casual
59882,Women,Tops,Summer,Casual
59883,Women,Tops,Summer,Casual
59884,Women,Tops,Summer,Casual
59885,Women,Tops,Summer,Casual
59886,Women,Tops,Summer,Casual
59887,Women,Tops,Summer,Casual
59888,Women,Tops,Summer,Casual
59889,Women,Tops,Summer,Casual
59890,Women,Tshirts,Summer,Casual
59891,Women,Tshirts,Summer,Casual
59892,Women,Tops,Summer,Casual
59893,Women,Shirts,Summer,Casual
59894,Women,Tshirts,Summer,Casual
59895,Women,Tops,Summer,Casual
59896,Women,Kurta Sets,Summer,Casual
59897,Women,Kurta Sets,Summer,Ethnic
59898,Women,Tshirts,Summer,Casual
59900,Men,Sweaters,Summer,Casual
59901,Women,Tops,Summer,Casual
59902,Women,Tops,Summer,Casual
59903,Women,Tops,Summer,Casual
59904,Women,Tops,Summer,Casual
59905,Women,Tops,Summer,Casual
59906,Women,Kurtas,Summer,Casual
59907,Women,Shirts,Summer,Casual
59908,Women,Kurta Sets,Summer,Casual
59909,Women,Kurta Sets,Summer,Casual
59910,Women,Kurtas,Summer,Casual
59911,Women,Dresses,Fall,Casual
59912,Women,Dresses,Summer,Casual
59914,Women,Tops,Summer,Ethnic
59915,Men,Kurtas,Summer,Ethnic
59916,Women,Kurtas,Summer,Ethnic
59917,Women,Kurtas,Summer,Casual
59918,Women,Kurtas,Summer,Ethnic
59919,Women,Dresses,Summer,Ethnic
59920,Women,Dresses,Summer,Ethnic
59921,Women,Kurtas,Summer,Casual
59922,Women,Kurtas,Summer,Ethnic
59923,Women,Kurtas,Summer,Casual
59924,Women,Dresses,Fall,Casual
59925,Women,Kurtas,Summer,Ethnic
59926,Women,Dresses,Summer,Casual
59927,Women,Dresses,Summer,Casual
59928,Women,Dresses,Fall,Casual
59929,Women,Kurtas,Summer,Casual
59930,Women,Kurtas,Summer,Casual
59931,Women,Kurtas,Summer,Casual
59932,Men,Kurtas,Summer,Casual
59933,Men,Kurtas,Summer,Casual
59934,Women,Dresses,Fall,Casual
59935,Men,Casual Shoes,Summer,Casual
59936,Men,Casual Shoes,Fall,Casual
59937,Men,Casual Shoes,Summer,Casual
59938,Men,Casual Shoes,Fall,Casual
59939,Men,Casual Shoes,Fall,Casual
59940,Men,Casual Shoes,Summer,Casual
59941,Men,Casual Shoes,Fall,Casual
59942,Men,Casual Shoes,Summer,Casual
59943,Men,Casual Shoes,Fall,Casual
59944,Men,Sports Shoes,Fall,Casual
59945,Men,Casual Shoes,Fall,Casual
59946,Women,Perfume and Body Mist,Spring,Casual
59947,Women,Perfume and Body Mist,Spring,Casual
59948,Men,Deodorant,Spring,Casual
59949,Women,Perfume and Body Mist,Spring,Casual
59950,Women,Deodorant,Spring,Casual
59951,Women,Perfume and Body Mist,Spring,Casual
59961,Men,Deodorant,Spring,Casual
59962,Men,Perfume and Body Mist,Spring,Casual
59963,Women,Kurta Sets,Summer,Casual
59964,Women,Dresses,Summer,Casual
59965,Women,Dupatta,Summer,Casual
59966,Women,Dresses,Summer,Ethnic
59967,Women,Dresses,Summer,Casual
59968,Women,Tops,Summer,Casual
59969,Women,Tops,Summer,Ethnic
59970,Men,Tops,Summer,Casual
59971,Women,Dresses,Summer,Ethnic
59972,Women,Dupatta,Summer,Ethnic
59973,Women,Tops,Summer,Casual
59974,Women,Tops,Summer,Ethnic
59975,Women,Tops,Summer,Casual
59976,Women,Dupatta,Summer,Casual
59977,Women,Dresses,Summer,Ethnic
59978,Women,Dupatta,Summer,Ethnic
59979,Women,Dupatta,Summer,Ethnic
59980,Women,Dresses,Summer,Casual
59981,Women,Dupatta,Summer,Ethnic
59982,Women,Dresses,Summer,Casual
59983,Women,Kurtas,Summer,Ethnic
59984,Women,Dresses,Summer,Ethnic
59985,Women,Dresses,Summer,Casual
59986,Women,Dresses,Summer,Casual
59987,Women,Dupatta,Summer,Casual
59988,Women,Tops,Summer,Ethnic
59989,Women,Dresses,Summer,Casual
59990,Women,Tops,Summer,Ethnic
59991,Women,Dresses,Summer,Ethnic
59992,Women,Dresses,Summer,Ethnic
59993,Women,Tshirts,Summer,Casual
59994,Women,Dresses,Summer,Casual
59995,Women,Sweaters,Summer,Casual
59996,Women,Dupatta,Summer,Ethnic
59998,Women,Flip Flops,Winter,Casual
59999,Women,Flip Flops,Winter,Casual
60000,Women,Kurtas,Summer,Casual
